22:41:43.744  ______ __   __ ____   ____   ____   ____  _   _ _   _
22:41:43.745  / ____|\ \ / /| __ ) |___ \ |  _ \ / ___|| | | | \ | |
22:41:43.745  | |      \ V / |  _ \   __) || |_) | |  _ | | | |  \| |
22:41:43.745  | |___    | |  | |_) | / __/ |  _ <| |_| || |_| | |\  |
22:41:43.745  \_____|  |_|  |____/ |_____||_| \_\\____| \___/|_| \_|
22:41:43.746  OPTICAL GAUGE PROBE // STAGE 0 - CONTRAST CHARACTERIZATION
22:41:43.746  ---------------------------------------------------------
22:41:43.746  TARGET : HUBEN GK1 manometer, 18.5 mm dial, 180 deg sweep
22:41:44.761  SENSOR : TCS34725 RGBC, 50 ms integration, 4x gain
22:41:44.761  METHOD : LED ON/OFF differential, ambient subtracted
22:41:45.413  ______ __   __ ____   ____   ____   ____  _   _ _   _
22:41:45.414  / ____|\ \ / /| __ ) |___ \ |  _ \ / ___|| | | | \ | |
22:41:45.414  | |      \ V / |  _ \   __) || |_) | |  _ | | | |  \| |
22:41:45.415  | |___    | |  | |_) | / __/ |  _ <| |_| || |_| | |\  |
22:41:45.435  \_____|  |_|  |____/ |_____||_| \_\\____| \___/|_| \_|
22:41:45.436  OPTICAL GAUGE PROBE // STAGE 0 - CONTRAST CHARACTERIZATION
22:41:45.437  ---------------------------------------------------------
22:41:45.437  TARGET : HUBEN GK1 manometer, 18.5 mm dial, 180 deg sweep
22:41:46.443  SENSOR : TCS34725 RGBC, 50 ms integration, 4x gain
22:41:46.443  METHOD : LED ON/OFF differential, ambient subtracted
22:41:47.105  ______ __   __ ____   ____   ____   ____  _   _ _   _
22:41:47.106  / ____|\ \ / /| __ ) |___ \ |  _ \ / ___|| | | | \ | |
22:41:47.106  | |      \ V / |  _ \   __) || |_) | |  _ | | | |  \| |
22:41:47.106  | |___    | |  | |_) | / __/ |  _ <| |_| || |_| | |\  |
22:41:47.127  \_____|  |_|  |____/ |_____||_| \_\\____| \___/|_| \_|
22:41:47.128  OPTICAL GAUGE PROBE // STAGE 0 - CONTRAST CHARACTERIZATION
22:41:47.128  ---------------------------------------------------------
22:41:47.129  TARGET : HUBEN GK1 manometer, 18.5 mm dial, 180 deg sweep
22:41:48.142  SENSOR : TCS34725 RGBC, 50 ms integration, 4x gain
22:41:48.142  METHOD : LED ON/OFF differential, ambient subtracted
22:41:48.797  ______ __   __ ____   ____   ____   ____  _   _ _   _
22:41:48.798  / ____|\ \ / /| __ ) |___ \ |  _ \ / ___|| | | | \ | |
22:41:48.799  | |      \ V / |  _ \   __) || |_) | |  _ | | | |  \| |
22:41:48.799  | |___    | |  | |_) | / __/ |  _ <| |_| || |_| | |\  |
22:41:48.819  \_____|  |_|  |____/ |_____||_| \_\\____| \___/|_| \_|
22:41:48.820  OPTICAL GAUGE PROBE // STAGE 0 - CONTRAST CHARACTERIZATION
22:41:48.820  ---------------------------------------------------------
22:41:48.821  TARGET : HUBEN GK1 manometer, 18.5 mm dial, 180 deg sweep
22:41:49.827  SENSOR : TCS34725 RGBC, 50 ms integration, 4x gain
22:41:49.827  METHOD : LED ON/OFF differential, ambient subtracted
22:41:50.491  ______ __   __ ____   ____   ____   ____  _   _ _   _
22:41:50.491  / ____|\ \ / /| __ ) |___ \ |  _ \ / ___|| | | | \ | |
22:41:50.492  | |      \ V / |  _ \   __) || |_) | |  _ | | | |  \| |
22:41:50.492  | |___    | |  | |_) | / __/ |  _ <| |_| || |_| | |\  |
22:41:50.513  \_____|  |_|  |____/ |_____||_| \_\\____| \___/|_| \_|
22:41:50.513  OPTICAL GAUGE PROBE // STAGE 0 - CONTRAST CHARACTERIZATION
22:41:50.514  ---------------------------------------------------------
22:41:50.514  TARGET : HUBEN GK1 manometer, 18.5 mm dial, 180 deg sweep
22:41:51.516  SENSOR : TCS34725 RGBC, 50 ms integration, 4x gain
22:41:51.517  METHOD : LED ON/OFF differential, ambient subtracted
22:41:52.182  ______ __   __ ____   ____   ____   ____  _   _ _   _
22:41:52.183  / ____|\ \ / /| __ ) |___ \ |  _ \ / ___|| | | | \ | |
22:41:52.183  | |      \ V / |  _ \   __) || |_) | |  _ | | | |  \| |
22:41:52.184  | |___    | |  | |_) | / __/ |  _ <| |_| || |_| | |\  |
22:41:52.204  \_____|  |_|  |____/ |_____||_| \_\\____| \___/|_| \_|
22:41:52.205  OPTICAL GAUGE PROBE // STAGE 0 - CONTRAST CHARACTERIZATION
22:41:52.205  ---------------------------------------------------------
22:41:52.206  TARGET : HUBEN GK1 manometer, 18.5 mm dial, 180 deg sweep
22:41:53.216  SENSOR : TCS34725 RGBC, 50 ms integration, 4x gain
22:41:53.216  METHOD : LED ON/OFF differential, ambient subtracted
22:41:53.874  ______ __   __ ____   ____   ____   ____  _   _ _   _
22:41:53.875  / ____|\ \ / /| __ ) |___ \ |  _ \ / ___|| | | | \ | |
22:41:53.875  | |      \ V / |  _ \   __) || |_) | |  _ | | | |  \| |
22:41:53.876  | |___    | |  | |_) | / __/ |  _ <| |_| || |_| | |\  |
22:41:53.896  \_____|  |_|  |____/ |_____||_| \_\\____| \___/|_| \_|
22:41:53.897  OPTICAL GAUGE PROBE // STAGE 0 - CONTRAST CHARACTERIZATION
22:41:53.898  ---------------------------------------------------------
22:41:53.898  TARGET : HUBEN GK1 manometer, 18.5 mm dial, 180 deg sweep
22:41:54.908  SENSOR : TCS34725 RGBC, 50 ms integration, 4x gain
22:41:54.909  METHOD : LED ON/OFF differential, ambient subtracted
22:41:55.566  ______ __   __ ____   ____   ____   ____  _   _ _   _
22:41:55.567  / ____|\ \ / /| __ ) |___ \ |  _ \ / ___|| | | | \ | |
22:41:55.568  | |      \ V / |  _ \   __) || |_) | |  _ | | | |  \| |
22:41:55.568  | |___    | |  | |_) | / __/ |  _ <| |_| || |_| | |\  |
22:41:55.589  \_____|  |_|  |____/ |_____||_| \_\\____| \___/|_| \_|
22:41:55.590  OPTICAL GAUGE PROBE // STAGE 0 - CONTRAST CHARACTERIZATION
22:41:55.590  ---------------------------------------------------------
22:41:55.591  TARGET : HUBEN GK1 manometer, 18.5 mm dial, 180 deg sweep
22:41:56.600  SENSOR : TCS34725 RGBC, 50 ms integration, 4x gain
22:41:56.600  METHOD : LED ON/OFF differential, ambient subtracted
22:41:57.260  ______ __   __ ____   ____   ____   ____  _   _ _   _
22:41:57.260  / ____|\ \ / /| __ ) |___ \ |  _ \ / ___|| | | | \ | |
22:41:57.261  | |      \ V / |  _ \   __) || |_) | |  _ | | | |  \| |
22:41:57.261  | |___    | |  | |_) | / __/ |  _ <| |_| || |_| | |\  |
22:41:57.282  \_____|  |_|  |____/ |_____||_| \_\\____| \___/|_| \_|
22:41:57.282  OPTICAL GAUGE PROBE // STAGE 0 - CONTRAST CHARACTERIZATION
22:41:57.282  ---------------------------------------------------------
22:41:57.283  TARGET : HUBEN GK1 manometer, 18.5 mm dial, 180 deg sweep
22:41:58.288  SENSOR : TCS34725 RGBC, 50 ms integration, 4x gain
22:41:58.288  METHOD : LED ON/OFF differential, ambient subtracted
22:41:58.952  ______ __   __ ____   ____   ____   ____  _   _ _   _
22:41:58.952  / ____|\ \ / /| __ ) |___ \ |  _ \ / ___|| | | | \ | |
22:41:58.952  | |      \ V / |  _ \   __) || |_) | |  _ | | | |  \| |
22:41:58.952  | |___    | |  | |_) | / __/ |  _ <| |_| || |_| | |\  |
22:41:58.974  \_____|  |_|  |____/ |_____||_| \_\\____| \___/|_| \_|
22:41:58.974  OPTICAL GAUGE PROBE // STAGE 0 - CONTRAST CHARACTERIZATION
22:41:58.974  ---------------------------------------------------------
22:41:58.975  TARGET : HUBEN GK1 manometer, 18.5 mm dial, 180 deg sweep
22:41:59.991  SENSOR : TCS34725 RGBC, 50 ms integration, 4x gain
22:41:59.991  METHOD : LED ON/OFF differential, ambient subtracted
22:42:00.643  ______ __   __ ____   ____   ____   ____  _   _ _   _
22:42:00.644  / ____|\ \ / /| __ ) |___ \ |  _ \ / ___|| | | | \ | |
22:42:00.644  | |      \ V / |  _ \   __) || |_) | |  _ | | | |  \| |
22:42:00.645  | |___    | |  | |_) | / __/ |  _ <| |_| || |_| | |\  |
22:42:00.667  \_____|  |_|  |____/ |_____||_| \_\\____| \___/|_| \_|
22:42:00.667  OPTICAL GAUGE PROBE // STAGE 0 - CONTRAST CHARACTERIZATION
22:42:00.668  ---------------------------------------------------------
22:42:00.668  TARGET : HUBEN GK1 manometer, 18.5 mm dial, 180 deg sweep
22:42:01.673  SENSOR : TCS34725 RGBC, 50 ms integration, 4x gain
22:42:01.673  METHOD : LED ON/OFF differential, ambient subtracted
22:42:02.337  ______ __   __ ____   ____   ____   ____  _   _ _   _
22:42:02.337  / ____|\ \ / /| __ ) |___ \ |  _ \ / ___|| | | | \ | |
22:42:02.337  | |      \ V / |  _ \   __) || |_) | |  _ | | | |  \| |
22:42:02.338  | |___    | |  | |_) | / __/ |  _ <| |_| || |_| | |\  |
22:42:02.358  \_____|  |_|  |____/ |_____||_| \_\\____| \___/|_| \_|
22:42:02.359  OPTICAL GAUGE PROBE // STAGE 0 - CONTRAST CHARACTERIZATION
22:42:02.359  ---------------------------------------------------------
22:42:02.360  TARGET : HUBEN GK1 manometer, 18.5 mm dial, 180 deg sweep
22:42:03.374  SENSOR : TCS34725 RGBC, 50 ms integration, 4x gain
22:42:03.375  METHOD : LED ON/OFF differential, ambient subtracted
22:42:04.029  ______ __   __ ____   ____   ____   ____  _   _ _   _
22:42:04.029  / ____|\ \ / /| __ ) |___ \ |  _ \ / ___|| | | | \ | |
22:42:04.029  | |      \ V / |  _ \   __) || |_) | |  _ | | | |  \| |
22:42:04.030  | |___    | |  | |_) | / __/ |  _ <| |_| || |_| | |\  |
22:42:04.050  \_____|  |_|  |____/ |_____||_| \_\\____| \___/|_| \_|
22:42:04.051  OPTICAL GAUGE PROBE // STAGE 0 - CONTRAST CHARACTERIZATION
22:42:04.051  ---------------------------------------------------------
22:42:04.052  TARGET : HUBEN GK1 manometer, 18.5 mm dial, 180 deg sweep
22:42:05.060  SENSOR : TCS34725 RGBC, 50 ms integration, 4x gain
22:42:05.060  METHOD : LED ON/OFF differential, ambient subtracted
22:42:05.721  ______ __   __ ____   ____   ____   ____  _   _ _   _
22:42:05.721  / ____|\ \ / /| __ ) |___ \ |  _ \ / ___|| | | | \ | |
22:42:05.721  | |      \ V / |  _ \   __) || |_) | |  _ | | | |  \| |
22:42:05.722  | |___    | |  | |_) | / __/ |  _ <| |_| || |_| | |\  |
22:42:05.743  \_____|  |_|  |____/ |_____||_| \_\\____| \___/|_| \_|
22:42:05.743  OPTICAL GAUGE PROBE // STAGE 0 - CONTRAST CHARACTERIZATION
22:42:05.744  ---------------------------------------------------------
22:42:05.744  TARGET : HUBEN GK1 manometer, 18.5 mm dial, 180 deg sweep
22:42:06.758  SENSOR : TCS34725 RGBC, 50 ms integration, 4x gain
22:42:06.758  METHOD : LED ON/OFF differential, ambient subtracted
22:42:07.412  ______ __   __ ____   ____   ____   ____  _   _ _   _
22:42:07.413  / ____|\ \ / /| __ ) |___ \ |  _ \ / ___|| | | | \ | |
22:42:07.413  | |      \ V / |  _ \   __) || |_) | |  _ | | | |  \| |
22:42:07.414  | |___    | |  | |_) | / __/ |  _ <| |_| || |_| | |\  |
22:42:07.436  \_____|  |_|  |____/ |_____||_| \_\\____| \___/|_| \_|
22:42:07.436  OPTICAL GAUGE PROBE // STAGE 0 - CONTRAST CHARACTERIZATION
22:42:07.437  ---------------------------------------------------------
22:42:07.437  TARGET : HUBEN GK1 manometer, 18.5 mm dial, 180 deg sweep
22:42:08.443  SENSOR : TCS34725 RGBC, 50 ms integration, 4x gain
22:42:08.444  METHOD : LED ON/OFF differential, ambient subtracted
22:42:09.106  ______ __   __ ____   ____   ____   ____  _   _ _   _
22:42:09.106  / ____|\ \ / /| __ ) |___ \ |  _ \ / ___|| | | | \ | |
22:42:09.107  | |      \ V / |  _ \   __) || |_) | |  _ | | | |  \| |
22:42:09.107  | |___    | |  | |_) | / __/ |  _ <| |_| || |_| | |\  |
22:42:09.127  \_____|  |_|  |____/ |_____||_| \_\\____| \___/|_| \_|
22:42:09.128  OPTICAL GAUGE PROBE // STAGE 0 - CONTRAST CHARACTERIZATION
22:42:09.128  ---------------------------------------------------------
22:42:09.128  TARGET : HUBEN GK1 manometer, 18.5 mm dial, 180 deg sweep
22:42:10.129  SENSOR : TCS34725 RGBC, 50 ms integration, 4x gain
22:42:10.130  METHOD : LED ON/OFF differential, ambient subtracted
22:42:10.797  ______ __   __ ____   ____   ____   ____  _   _ _   _
22:42:10.798  / ____|\ \ / /| __ ) |___ \ |  _ \ / ___|| | | | \ | |
22:42:10.799  | |      \ V / |  _ \   __) || |_) | |  _ | | | |  \| |
22:42:10.799  | |___    | |  | |_) | / __/ |  _ <| |_| || |_| | |\  |
22:42:10.819  \_____|  |_|  |____/ |_____||_| \_\\____| \___/|_| \_|
22:42:10.820  OPTICAL GAUGE PROBE // STAGE 0 - CONTRAST CHARACTERIZATION
22:42:10.820  ---------------------------------------------------------
22:42:10.821  TARGET : HUBEN GK1 manometer, 18.5 mm dial, 180 deg sweep
22:42:11.830  SENSOR : TCS34725 RGBC, 50 ms integration, 4x gain
22:42:11.830  METHOD : LED ON/OFF differential, ambient subtracted
22:42:12.490  ______ __   __ ____   ____   ____   ____  _   _ _   _
22:42:12.490  / ____|\ \ / /| __ ) |___ \ |  _ \ / ___|| | | | \ | |
22:42:12.490  | |      \ V / |  _ \   __) || |_) | |  _ | | | |  \| |
22:42:12.491  | |___    | |  | |_) | / __/ |  _ <| |_| || |_| | |\  |
22:42:12.513  \_____|  |_|  |____/ |_____||_| \_\\____| \___/|_| \_|
22:42:12.513  OPTICAL GAUGE PROBE // STAGE 0 - CONTRAST CHARACTERIZATION
22:42:12.513  ---------------------------------------------------------
22:42:12.514  TARGET : HUBEN GK1 manometer, 18.5 mm dial, 180 deg sweep
22:42:13.525  SENSOR : TCS34725 RGBC, 50 ms integration, 4x gain
22:42:13.526  METHOD : LED ON/OFF differential, ambient subtracted
22:42:14.183  ______ __   __ ____   ____   ____   ____  _   _ _   _
22:42:14.183  / ____|\ \ / /| __ ) |___ \ |  _ \ / ___|| | | | \ | |
22:42:14.183  | |      \ V / |  _ \   __) || |_) | |  _ | | | |  \| |
22:42:14.184  | |___    | |  | |_) | / __/ |  _ <| |_| || |_| | |\  |
22:42:14.205  \_____|  |_|  |____/ |_____||_| \_\\____| \___/|_| \_|
22:42:14.205  OPTICAL GAUGE PROBE // STAGE 0 - CONTRAST CHARACTERIZATION
22:42:14.205  ---------------------------------------------------------
22:42:14.206  TARGET : HUBEN GK1 manometer, 18.5 mm dial, 180 deg sweep
22:42:15.209  SENSOR : TCS34725 RGBC, 50 ms integration, 4x gain
22:42:15.210  METHOD : LED ON/OFF differential, ambient subtracted
22:42:15.874  ______ __   __ ____   ____   ____   ____  _   _ _   _
22:42:15.875  / ____|\ \ / /| __ ) |___ \ |  _ \ / ___|| | | | \ | |
22:42:15.875  | |      \ V / |  _ \   __) || |_) | |  _ | | | |  \| |
22:42:15.876  | |___    | |  | |_) | / __/ |  _ <| |_| || |_| | |\  |
22:42:15.897  \_____|  |_|  |____/ |_____||_| \_\\____| \___/|_| \_|
22:42:15.897  OPTICAL GAUGE PROBE // STAGE 0 - CONTRAST CHARACTERIZATION
22:42:15.897  ---------------------------------------------------------
22:42:15.898  TARGET : HUBEN GK1 manometer, 18.5 mm dial, 180 deg sweep
22:42:16.900  SENSOR : TCS34725 RGBC, 50 ms integration, 4x gain
22:42:16.900  METHOD : LED ON/OFF differential, ambient subtracted
22:42:17.567  ______ __   __ ____   ____   ____   ____  _   _ _   _
22:42:17.567  / ____|\ \ / /| __ ) |___ \ |  _ \ / ___|| | | | \ | |
22:42:17.567  | |      \ V / |  _ \   __) || |_) | |  _ | | | |  \| |
22:42:17.568  | |___    | |  | |_) | / __/ |  _ <| |_| || |_| | |\  |
22:42:17.589  \_____|  |_|  |____/ |_____||_| \_\\____| \___/|_| \_|
22:42:17.589  OPTICAL GAUGE PROBE // STAGE 0 - CONTRAST CHARACTERIZATION
22:42:17.589  ---------------------------------------------------------
22:42:17.589  TARGET : HUBEN GK1 manometer, 18.5 mm dial, 180 deg sweep
22:42:18.590  SENSOR : TCS34725 RGBC, 50 ms integration, 4x gain
22:42:18.591  METHOD : LED ON/OFF differential, ambient subtracted
22:42:19.260  ______ __   __ ____   ____   ____   ____  _   _ _   _
22:42:19.260  / ____|\ \ / /| __ ) |___ \ |  _ \ / ___|| | | | \ | |
22:42:19.260  | |      \ V / |  _ \   __) || |_) | |  _ | | | |  \| |
22:42:19.261  | |___    | |  | |_) | / __/ |  _ <| |_| || |_| | |\  |
22:42:19.282  \_____|  |_|  |____/ |_____||_| \_\\____| \___/|_| \_|
22:42:19.282  OPTICAL GAUGE PROBE // STAGE 0 - CONTRAST CHARACTERIZATION
22:42:19.282  ---------------------------------------------------------
22:42:19.283  TARGET : HUBEN GK1 manometer, 18.5 mm dial, 180 deg sweep
22:42:20.288  SENSOR : TCS34725 RGBC, 50 ms integration, 4x gain
22:42:20.288  METHOD : LED ON/OFF differential, ambient subtracted
22:42:20.952  ______ __   __ ____   ____   ____   ____  _   _ _   _
22:42:20.952  / ____|\ \ / /| __ ) |___ \ |  _ \ / ___|| | | | \ | |
22:42:20.952  | |      \ V / |  _ \   __) || |_) | |  _ | | | |  \| |
22:42:20.953  | |___    | |  | |_) | / __/ |  _ <| |_| || |_| | |\  |
22:42:20.973  \_____|  |_|  |____/ |_____||_| \_\\____| \___/|_| \_|
22:42:20.974  OPTICAL GAUGE PROBE // STAGE 0 - CONTRAST CHARACTERIZATION
22:42:20.974  ---------------------------------------------------------
22:42:20.974  TARGET : HUBEN GK1 manometer, 18.5 mm dial, 180 deg sweep
22:42:21.989  SENSOR : TCS34725 RGBC, 50 ms integration, 4x gain
22:42:21.990  METHOD : LED ON/OFF differential, ambient subtracted
22:42:22.644  ______ __   __ ____   ____   ____   ____  _   _ _   _
22:42:22.644  / ____|\ \ / /| __ ) |___ \ |  _ \ / ___|| | | | \ | |
22:42:22.645  | |      \ V / |  _ \   __) || |_) | |  _ | | | |  \| |
22:42:22.645  | |___    | |  | |_) | / __/ |  _ <| |_| || |_| | |\  |
22:42:22.665  \_____|  |_|  |____/ |_____||_| \_\\____| \___/|_| \_|
22:42:22.666  OPTICAL GAUGE PROBE // STAGE 0 - CONTRAST CHARACTERIZATION
22:42:22.666  ---------------------------------------------------------
22:42:22.667  TARGET : HUBEN GK1 manometer, 18.5 mm dial, 180 deg sweep
22:42:23.678  SENSOR : TCS34725 RGBC, 50 ms integration, 4x gain
22:42:23.679  METHOD : LED ON/OFF differential, ambient subtracted
22:42:24.336  ______ __   __ ____   ____   ____   ____  _   _ _   _
22:42:24.336  / ____|\ \ / /| __ ) |___ \ |  _ \ / ___|| | | | \ | |
22:42:24.336  | |      \ V / |  _ \   __) || |_) | |  _ | | | |  \| |
22:42:24.337  | |___    | |  | |_) | / __/ |  _ <| |_| || |_| | |\  |
22:42:24.359  \_____|  |_|  |____/ |_____||_| \_\\____| \___/|_| \_|
22:42:24.359  OPTICAL GAUGE PROBE // STAGE 0 - CONTRAST CHARACTERIZATION
22:42:24.359  ---------------------------------------------------------
22:42:24.360  TARGET : HUBEN GK1 manometer, 18.5 mm dial, 180 deg sweep
22:42:25.364  SENSOR : TCS34725 RGBC, 50 ms integration, 4x gain
22:42:25.365  METHOD : LED ON/OFF differential, ambient subtracted
22:42:26.029  ______ __   __ ____   ____   ____   ____  _   _ _   _
22:42:26.029  / ____|\ \ / /| __ ) |___ \ |  _ \ / ___|| | | | \ | |
22:42:26.029  | |      \ V / |  _ \   __) || |_) | |  _ | | | |  \| |
22:42:26.030  | |___    | |  | |_) | / __/ |  _ <| |_| || |_| | |\  |
22:42:26.051  \_____|  |_|  |____/ |_____||_| \_\\____| \___/|_| \_|
22:42:26.051  OPTICAL GAUGE PROBE // STAGE 0 - CONTRAST CHARACTERIZATION
22:42:26.051  ---------------------------------------------------------
22:42:26.052  TARGET : HUBEN GK1 manometer, 18.5 mm dial, 180 deg sweep
22:42:27.053  SENSOR : TCS34725 RGBC, 50 ms integration, 4x gain
22:42:27.053  METHOD : LED ON/OFF differential, ambient subtracted
22:42:27.721  ______ __   __ ____   ____   ____   ____  _   _ _   _
22:42:27.721  / ____|\ \ / /| __ ) |___ \ |  _ \ / ___|| | | | \ | |
22:42:27.721  | |      \ V / |  _ \   __) || |_) | |  _ | | | |  \| |
22:42:27.721  | |___    | |  | |_) | / __/ |  _ <| |_| || |_| | |\  |
22:42:27.743  \_____|  |_|  |____/ |_____||_| \_\\____| \___/|_| \_|
22:42:27.743  OPTICAL GAUGE PROBE // STAGE 0 - CONTRAST CHARACTERIZATION
22:42:27.743  ---------------------------------------------------------
22:42:27.744  TARGET : HUBEN GK1 manometer, 18.5 mm dial, 180 deg sweep
22:42:28.749  SENSOR : TCS34725 RGBC, 50 ms integration, 4x gain
22:42:28.749  METHOD : LED ON/OFF differential, ambient subtracted
22:42:29.413  ______ __   __ ____   ____   ____   ____  _   _ _   _
22:42:29.413  / ____|\ \ / /| __ ) |___ \ |  _ \ / ___|| | | | \ | |
22:42:29.413  | |      \ V / |  _ \   __) || |_) | |  _ | | | |  \| |
22:42:29.414  | |___    | |  | |_) | / __/ |  _ <| |_| || |_| | |\  |
22:42:29.436  \_____|  |_|  |____/ |_____||_| \_\\____| \___/|_| \_|
22:42:29.436  OPTICAL GAUGE PROBE // STAGE 0 - CONTRAST CHARACTERIZATION
22:42:29.436  ---------------------------------------------------------
22:42:29.437  TARGET : HUBEN GK1 manometer, 18.5 mm dial, 180 deg sweep
22:42:30.437  SENSOR : TCS34725 RGBC, 50 ms integration, 4x gain
22:42:30.438  METHOD : LED ON/OFF differential, ambient subtracted
22:42:31.106  ______ __   __ ____   ____   ____   ____  _   _ _   _
22:42:31.106  / ____|\ \ / /| __ ) |___ \ |  _ \ / ___|| | | | \ | |
22:42:31.107  | |      \ V / |  _ \   __) || |_) | |  _ | | | |  \| |
22:42:31.107  | |___    | |  | |_) | / __/ |  _ <| |_| || |_| | |\  |
22:42:31.128  \_____|  |_|  |____/ |_____||_| \_\\____| \___/|_| \_|
22:42:31.128  OPTICAL GAUGE PROBE // STAGE 0 - CONTRAST CHARACTERIZATION
22:42:31.128  ---------------------------------------------------------
22:42:31.129  TARGET : HUBEN GK1 manometer, 18.5 mm dial, 180 deg sweep
22:42:32.142  SENSOR : TCS34725 RGBC, 50 ms integration, 4x gain
22:42:32.142  METHOD : LED ON/OFF differential, ambient subtracted
22:42:32.798  ______ __   __ ____   ____   ____   ____  _   _ _   _
22:42:32.798  / ____|\ \ / /| __ ) |___ \ |  _ \ / ___|| | | | \ | |
22:42:32.798  | |      \ V / |  _ \   __) || |_) | |  _ | | | |  \| |
22:42:32.799  | |___    | |  | |_) | / __/ |  _ <| |_| || |_| | |\  |
22:42:32.820  \_____|  |_|  |____/ |_____||_| \_\\____| \___/|_| \_|
22:42:32.820  OPTICAL GAUGE PROBE // STAGE 0 - CONTRAST CHARACTERIZATION
22:42:32.821  ---------------------------------------------------------
22:42:32.821  TARGET : HUBEN GK1 manometer, 18.5 mm dial, 180 deg sweep
22:42:33.826  SENSOR : TCS34725 RGBC, 50 ms integration, 4x gain
22:42:33.826  METHOD : LED ON/OFF differential, ambient subtracted
22:42:34.490  ______ __   __ ____   ____   ____   ____  _   _ _   _
22:42:34.490  / ____|\ \ / /| __ ) |___ \ |  _ \ / ___|| | | | \ | |
22:42:34.490  | |      \ V / |  _ \   __) || |_) | |  _ | | | |  \| |
22:42:34.491  | |___    | |  | |_) | / __/ |  _ <| |_| || |_| | |\  |
22:42:34.512  \_____|  |_|  |____/ |_____||_| \_\\____| \___/|_| \_|
22:42:34.512  OPTICAL GAUGE PROBE // STAGE 0 - CONTRAST CHARACTERIZATION
22:42:34.512  ---------------------------------------------------------
22:42:34.513  TARGET : HUBEN GK1 manometer, 18.5 mm dial, 180 deg sweep
22:42:35.527  SENSOR : TCS34725 RGBC, 50 ms integration, 4x gain
22:42:35.527  METHOD : LED ON/OFF differential, ambient subtracted
22:42:36.182  ______ __   __ ____   ____   ____   ____  _   _ _   _
22:42:36.182  / ____|\ \ / /| __ ) |___ \ |  _ \ / ___|| | | | \ | |
22:42:36.182  | |      \ V / |  _ \   __) || |_) | |  _ | | | |  \| |
22:42:36.183  | |___    | |  | |_) | / __/ |  _ <| |_| || |_| | |\  |
22:42:36.205  \_____|  |_|  |____/ |_____||_| \_\\____| \___/|_| \_|
22:42:36.205  OPTICAL GAUGE PROBE // STAGE 0 - CONTRAST CHARACTERIZATION
22:42:36.205  ---------------------------------------------------------
22:42:36.205  TARGET : HUBEN GK1 manometer, 18.5 mm dial, 180 deg sweep
22:42:37.214  SENSOR : TCS34725 RGBC, 50 ms integration, 4x gain
22:42:37.214  METHOD : LED ON/OFF differential, ambient subtracted
22:42:37.875  ______ __   __ ____   ____   ____   ____  _   _ _   _
22:42:37.875  / ____|\ \ / /| __ ) |___ \ |  _ \ / ___|| | | | \ | |
22:42:37.876  | |      \ V / |  _ \   __) || |_) | |  _ | | | |  \| |
22:42:37.876  | |___    | |  | |_) | / __/ |  _ <| |_| || |_| | |\  |
22:42:37.897  \_____|  |_|  |____/ |_____||_| \_\\____| \___/|_| \_|
22:42:37.897  OPTICAL GAUGE PROBE // STAGE 0 - CONTRAST CHARACTERIZATION
22:42:37.897  ---------------------------------------------------------
22:42:37.898  TARGET : HUBEN GK1 manometer, 18.5 mm dial, 180 deg sweep
22:42:38.901  SENSOR : TCS34725 RGBC, 50 ms integration, 4x gain
22:42:38.901  METHOD : LED ON/OFF differential, ambient subtracted
22:42:39.567  ______ __   __ ____   ____   ____   ____  _   _ _   _
22:42:39.567  / ____|\ \ / /| __ ) |___ \ |  _ \ / ___|| | | | \ | |
22:42:39.567  | |      \ V / |  _ \   __) || |_) | |  _ | | | |  \| |
22:42:39.568  | |___    | |  | |_) | / __/ |  _ <| |_| || |_| | |\  |
22:42:39.589  \_____|  |_|  |____/ |_____||_| \_\\____| \___/|_| \_|
22:42:39.589  OPTICAL GAUGE PROBE // STAGE 0 - CONTRAST CHARACTERIZATION
22:42:39.590  ---------------------------------------------------------
22:42:39.590  TARGET : HUBEN GK1 manometer, 18.5 mm dial, 180 deg sweep
22:42:40.600  SENSOR : TCS34725 RGBC, 50 ms integration, 4x gain
22:42:40.601  METHOD : LED ON/OFF differential, ambient subtracted
22:42:41.259  ______ __   __ ____   ____   ____   ____  _   _ _   _
22:42:41.259  / ____|\ \ / /| __ ) |___ \ |  _ \ / ___|| | | | \ | |
22:42:41.259  | |      \ V / |  _ \   __) || |_) | |  _ | | | |  \| |
22:42:41.260  | |___    | |  | |_) | / __/ |  _ <| |_| || |_| | |\  |
22:42:41.282  \_____|  |_|  |____/ |_____||_| \_\\____| \___/|_| \_|
22:42:41.282  OPTICAL GAUGE PROBE // STAGE 0 - CONTRAST CHARACTERIZATION
22:42:41.282  ---------------------------------------------------------
22:42:41.283  TARGET : HUBEN GK1 manometer, 18.5 mm dial, 180 deg sweep
22:42:42.291  SENSOR : TCS34725 RGBC, 50 ms integration, 4x gain
22:42:42.291  METHOD : LED ON/OFF differential, ambient subtracted
22:42:42.952  ______ __   __ ____   ____   ____   ____  _   _ _   _
22:42:42.952  / ____|\ \ / /| __ ) |___ \ |  _ \ / ___|| | | | \ | |
22:42:42.952  | |      \ V / |  _ \   __) || |_) | |  _ | | | |  \| |
22:42:42.953  | |___    | |  | |_) | / __/ |  _ <| |_| || |_| | |\  |
22:42:42.974  \_____|  |_|  |____/ |_____||_| \_\\____| \___/|_| \_|
22:42:42.974  OPTICAL GAUGE PROBE // STAGE 0 - CONTRAST CHARACTERIZATION
22:42:42.974  ---------------------------------------------------------
22:42:42.975  TARGET : HUBEN GK1 manometer, 18.5 mm dial, 180 deg sweep
22:42:43.977  SENSOR : TCS34725 RGBC, 50 ms integration, 4x gain
22:42:43.977  METHOD : LED ON/OFF differential, ambient subtracted
22:42:44.644  ______ __   __ ____   ____   ____   ____  _   _ _   _
22:42:44.644  / ____|\ \ / /| __ ) |___ \ |  _ \ / ___|| | | | \ | |
22:42:44.644  | |      \ V / |  _ \   __) || |_) | |  _ | | | |  \| |
22:42:44.645  | |___    | |  | |_) | / __/ |  _ <| |_| || |_| | |\  |
22:42:44.666  \_____|  |_|  |____/ |_____||_| \_\\____| \___/|_| \_|
22:42:44.666  OPTICAL GAUGE PROBE // STAGE 0 - CONTRAST CHARACTERIZATION
22:42:44.666  ---------------------------------------------------------
22:42:44.667  TARGET : HUBEN GK1 manometer, 18.5 mm dial, 180 deg sweep
22:42:45.676  SENSOR : TCS34725 RGBC, 50 ms integration, 4x gain
22:42:45.677  METHOD : LED ON/OFF differential, ambient subtracted
22:42:46.336  ______ __   __ ____   ____   ____   ____  _   _ _   _
22:42:46.336  / ____|\ \ / /| __ ) |___ \ |  _ \ / ___|| | | | \ | |
22:42:46.336  | |      \ V / |  _ \   __) || |_) | |  _ | | | |  \| |
22:42:46.337  | |___    | |  | |_) | / __/ |  _ <| |_| || |_| | |\  |
22:42:46.358  \_____|  |_|  |____/ |_____||_| \_\\____| \___/|_| \_|
22:42:46.358  OPTICAL GAUGE PROBE // STAGE 0 - CONTRAST CHARACTERIZATION
22:42:46.358  ---------------------------------------------------------
22:42:46.359  TARGET : HUBEN GK1 manometer, 18.5 mm dial, 180 deg sweep
22:42:47.365  SENSOR : TCS34725 RGBC, 50 ms integration, 4x gain
22:42:47.365  METHOD : LED ON/OFF differential, ambient subtracted
22:42:48.028  ______ __   __ ____   ____   ____   ____  _   _ _   _
22:42:48.028  / ____|\ \ / /| __ ) |___ \ |  _ \ / ___|| | | | \ | |
22:42:48.028  | |      \ V / |  _ \   __) || |_) | |  _ | | | |  \| |
22:42:48.029  | |___    | |  | |_) | / __/ |  _ <| |_| || |_| | |\  |
22:42:48.051  \_____|  |_|  |____/ |_____||_| \_\\____| \___/|_| \_|
22:42:48.051  OPTICAL GAUGE PROBE // STAGE 0 - CONTRAST CHARACTERIZATION
22:42:48.051  ---------------------------------------------------------
22:42:48.052  TARGET : HUBEN GK1 manometer, 18.5 mm dial, 180 deg sweep
22:42:49.066  SENSOR : TCS34725 RGBC, 50 ms integration, 4x gain
22:42:49.067  METHOD : LED ON/OFF differential, ambient subtracted
22:42:49.721  ______ __   __ ____   ____   ____   ____  _   _ _   _
22:42:49.721  / ____|\ \ / /| __ ) |___ \ |  _ \ / ___|| | | | \ | |
22:42:49.721  | |      \ V / |  _ \   __) || |_) | |  _ | | | |  \| |
22:42:49.722  | |___    | |  | |_) | / __/ |  _ <| |_| || |_| | |\  |
22:42:49.743  \_____|  |_|  |____/ |_____||_| \_\\____| \___/|_| \_|
22:42:49.743  OPTICAL GAUGE PROBE // STAGE 0 - CONTRAST CHARACTERIZATION
22:42:49.743  ---------------------------------------------------------
22:42:49.743  TARGET : HUBEN GK1 manometer, 18.5 mm dial, 180 deg sweep
22:42:50.746  SENSOR : TCS34725 RGBC, 50 ms integration, 4x gain
22:42:50.746  METHOD : LED ON/OFF differential, ambient subtracted
22:42:51.413  ______ __   __ ____   ____   ____   ____  _   _ _   _
22:42:51.413  / ____|\ \ / /| __ ) |___ \ |  _ \ / ___|| | | | \ | |
22:42:51.413  | |      \ V / |  _ \   __) || |_) | |  _ | | | |  \| |
22:42:51.414  | |___    | |  | |_) | / __/ |  _ <| |_| || |_| | |\  |
22:42:51.435  \_____|  |_|  |____/ |_____||_| \_\\____| \___/|_| \_|
22:42:51.435  OPTICAL GAUGE PROBE // STAGE 0 - CONTRAST CHARACTERIZATION
22:42:51.435  ---------------------------------------------------------
22:42:51.436  TARGET : HUBEN GK1 manometer, 18.5 mm dial, 180 deg sweep
22:42:52.437  SENSOR : TCS34725 RGBC, 50 ms integration, 4x gain
22:42:52.438  METHOD : LED ON/OFF differential, ambient subtracted
22:42:53.105  ______ __   __ ____   ____   ____   ____  _   _ _   _
22:42:53.105  / ____|\ \ / /| __ ) |___ \ |  _ \ / ___|| | | | \ | |
22:42:53.105  | |      \ V / |  _ \   __) || |_) | |  _ | | | |  \| |
22:42:53.106  | |___    | |  | |_) | / __/ |  _ <| |_| || |_| | |\  |
22:42:53.128  \_____|  |_|  |____/ |_____||_| \_\\____| \___/|_| \_|
22:42:53.128  OPTICAL GAUGE PROBE // STAGE 0 - CONTRAST CHARACTERIZATION
22:42:53.128  ---------------------------------------------------------
22:42:53.129  TARGET : HUBEN GK1 manometer, 18.5 mm dial, 180 deg sweep
22:42:54.139  SENSOR : TCS34725 RGBC, 50 ms integration, 4x gain
22:42:54.139  METHOD : LED ON/OFF differential, ambient subtracted
22:42:54.798  ______ __   __ ____   ____   ____   ____  _   _ _   _
22:42:54.798  / ____|\ \ / /| __ ) |___ \ |  _ \ / ___|| | | | \ | |
22:42:54.798  | |      \ V / |  _ \   __) || |_) | |  _ | | | |  \| |
22:42:54.799  | |___    | |  | |_) | / __/ |  _ <| |_| || |_| | |\  |
22:42:54.820  \_____|  |_|  |____/ |_____||_| \_\\____| \___/|_| \_|
22:42:54.820  OPTICAL GAUGE PROBE // STAGE 0 - CONTRAST CHARACTERIZATION
22:42:54.820  ---------------------------------------------------------
22:42:54.820  TARGET : HUBEN GK1 manometer, 18.5 mm dial, 180 deg sweep
22:42:58.745  ______ __   __ ____   ____   ____   ____  _   _ _   _
22:42:58.745  / ____|\ \ / /| __ ) |___ \ |  _ \ / ___|| | | | \ | |
22:42:58.745  | |      \ V / |  _ \   __) || |_) | |  _ | | | |  \| |
22:42:58.746  | |___    | |  | |_) | / __/ |  _ <| |_| || |_| | |\  |
22:42:58.767  \_____|  |_|  |____/ |_____||_| \_\\____| \___/|_| \_|
22:42:58.767  OPTICAL GAUGE PROBE // STAGE 0 - CONTRAST CHARACTERIZATION
22:42:58.767  ---------------------------------------------------------
22:42:58.767  TARGET : HUBEN GK1 manometer, 18.5 mm dial, 180 deg sweep
22:42:59.774  SENSOR : TCS34725 RGBC, 50 ms integration, 4x gain
22:42:59.774  METHOD : LED ON/OFF differential, ambient subtracted
22:43:00.437  ______ __   __ ____   ____   ____   ____  _   _ _   _
22:43:00.437  / ____|\ \ / /| __ ) |___ \ |  _ \ / ___|| | | | \ | |
22:43:00.437  | |      \ V / |  _ \   __) || |_) | |  _ | | | |  \| |
22:43:00.438  | |___    | |  | |_) | / __/ |  _ <| |_| || |_| | |\  |
22:43:00.459  \_____|  |_|  |____/ |_____||_| \_\\____| \___/|_| \_|
22:43:00.459  OPTICAL GAUGE PROBE // STAGE 0 - CONTRAST CHARACTERIZATION
22:43:00.459  ---------------------------------------------------------
22:43:00.460  TARGET : HUBEN GK1 manometer, 18.5 mm dial, 180 deg sweep
22:43:01.464  SENSOR : TCS34725 RGBC, 50 ms integration, 4x gain
22:43:01.465  METHOD : LED ON/OFF differential, ambient subtracted
22:43:02.129  ______ __   __ ____   ____   ____   ____  _   _ _   _
22:43:02.129  / ____|\ \ / /| __ ) |___ \ |  _ \ / ___|| | | | \ | |
22:43:02.130  | |      \ V / |  _ \   __) || |_) | |  _ | | | |  \| |
22:43:02.130  | |___    | |  | |_) | / __/ |  _ <| |_| || |_| | |\  |
22:43:02.152  \_____|  |_|  |____/ |_____||_| \_\\____| \___/|_| \_|
22:43:02.152  OPTICAL GAUGE PROBE // STAGE 0 - CONTRAST CHARACTERIZATION
22:43:02.152  ---------------------------------------------------------
22:43:02.153  TARGET : HUBEN GK1 manometer, 18.5 mm dial, 180 deg sweep
22:43:03.161  SENSOR : TCS34725 RGBC, 50 ms integration, 4x gain
22:43:03.161  METHOD : LED ON/OFF differential, ambient subtracted
22:43:03.822  ______ __   __ ____   ____   ____   ____  _   _ _   _
22:43:03.822  / ____|\ \ / /| __ ) |___ \ |  _ \ / ___|| | | | \ | |
22:43:03.823  | |      \ V / |  _ \   __) || |_) | |  _ | | | |  \| |
22:43:03.823  | |___    | |  | |_) | / __/ |  _ <| |_| || |_| | |\  |
22:43:03.844  \_____|  |_|  |____/ |_____||_| \_\\____| \___/|_| \_|
22:43:03.844  OPTICAL GAUGE PROBE // STAGE 0 - CONTRAST CHARACTERIZATION
22:43:03.844  ---------------------------------------------------------
22:43:03.845  TARGET : HUBEN GK1 manometer, 18.5 mm dial, 180 deg sweep
22:43:04.853  SENSOR : TCS34725 RGBC, 50 ms integration, 4x gain
22:43:04.854  METHOD : LED ON/OFF differential, ambient subtracted
22:43:05.514  ______ __   __ ____   ____   ____   ____  _   _ _   _
22:43:05.514  / ____|\ \ / /| __ ) |___ \ |  _ \ / ___|| | | | \ | |
22:43:05.514  | |      \ V / |  _ \   __) || |_) | |  _ | | | |  \| |
22:43:05.515  | |___    | |  | |_) | / __/ |  _ <| |_| || |_| | |\  |
22:43:05.536  \_____|  |_|  |____/ |_____||_| \_\\____| \___/|_| \_|
22:43:05.536  OPTICAL GAUGE PROBE // STAGE 0 - CONTRAST CHARACTERIZATION
22:43:05.537  ---------------------------------------------------------
22:43:05.537  TARGET : HUBEN GK1 manometer, 18.5 mm dial, 180 deg sweep
22:43:06.552  SENSOR : TCS34725 RGBC, 50 ms integration, 4x gain
22:43:06.552  METHOD : LED ON/OFF differential, ambient subtracted
22:43:07.206  ______ __   __ ____   ____   ____   ____  _   _ _   _
22:43:07.206  / ____|\ \ / /| __ ) |___ \ |  _ \ / ___|| | | | \ | |
22:43:07.206  | |      \ V / |  _ \   __) || |_) | |  _ | | | |  \| |
22:43:07.207  | |___    | |  | |_) | / __/ |  _ <| |_| || |_| | |\  |
22:43:07.228  \_____|  |_|  |____/ |_____||_| \_\\____| \___/|_| \_|
22:43:07.228  OPTICAL GAUGE PROBE // STAGE 0 - CONTRAST CHARACTERIZATION
22:43:07.228  ---------------------------------------------------------
22:43:07.229  TARGET : HUBEN GK1 manometer, 18.5 mm dial, 180 deg sweep
22:43:08.243  SENSOR : TCS34725 RGBC, 50 ms integration, 4x gain
22:43:08.243  METHOD : LED ON/OFF differential, ambient subtracted
22:43:08.899  ______ __   __ ____   ____   ____   ____  _   _ _   _
22:43:08.899  / ____|\ \ / /| __ ) |___ \ |  _ \ / ___|| | | | \ | |
22:43:08.900  | |      \ V / |  _ \   __) || |_) | |  _ | | | |  \| |
22:43:08.900  | |___    | |  | |_) | / __/ |  _ <| |_| || |_| | |\  |
22:43:08.921  \_____|  |_|  |____/ |_____||_| \_\\____| \___/|_| \_|
22:43:08.921  OPTICAL GAUGE PROBE // STAGE 0 - CONTRAST CHARACTERIZATION
22:43:08.921  ---------------------------------------------------------
22:43:08.922  TARGET : HUBEN GK1 manometer, 18.5 mm dial, 180 deg sweep
22:43:09.931  SENSOR : TCS34725 RGBC, 50 ms integration, 4x gain
22:43:09.931  METHOD : LED ON/OFF differential, ambient subtracted
22:43:10.591  ______ __   __ ____   ____   ____   ____  _   _ _   _
22:43:10.591  / ____|\ \ / /| __ ) |___ \ |  _ \ / ___|| | | | \ | |
22:43:10.591  | |      \ V / |  _ \   __) || |_) | |  _ | | | |  \| |
22:43:10.591  | |___    | |  | |_) | / __/ |  _ <| |_| || |_| | |\  |
22:43:10.613  \_____|  |_|  |____/ |_____||_| \_\\____| \___/|_| \_|
22:43:10.613  OPTICAL GAUGE PROBE // STAGE 0 - CONTRAST CHARACTERIZATION
22:43:10.613  ---------------------------------------------------------
22:43:10.614  TARGET : HUBEN GK1 manometer, 18.5 mm dial, 180 deg sweep
22:43:11.617  SENSOR : TCS34725 RGBC, 50 ms integration, 4x gain
22:43:11.617  METHOD : LED ON/OFF differential, ambient subtracted
22:43:12.836  ______ __   __ ____   ____   ____   ____  _   _ _   _
22:43:12.836  / ____|\ \ / /| __ ) |___ \ |  _ \ / ___|| | | | \ | |
22:43:12.836  | |      \ V / |  _ \   __) || |_) | |  _ | | | |  \| |
22:43:12.837  | |___    | |  | |_) | / __/ |  _ <| |_| || |_| | |\  |
22:43:12.858  \_____|  |_|  |____/ |_____||_| \_\\____| \___/|_| \_|
22:43:12.858  OPTICAL GAUGE PROBE // STAGE 0 - CONTRAST CHARACTERIZATION
22:43:12.858  ---------------------------------------------------------
22:43:12.859  TARGET : HUBEN GK1 manometer, 18.5 mm dial, 180 deg sweep
22:43:13.871  SENSOR : TCS34725 RGBC, 50 ms integration, 4x gain
22:43:13.871  METHOD : LED ON/OFF differential, ambient subtracted
22:43:14.528  ______ __   __ ____   ____   ____   ____  _   _ _   _
22:43:14.528  / ____|\ \ / /| __ ) |___ \ |  _ \ / ___|| | | | \ | |
22:43:14.529  | |      \ V / |  _ \   __) || |_) | |  _ | | | |  \| |
22:43:14.529  | |___    | |  | |_) | / __/ |  _ <| |_| || |_| | |\  |
22:43:14.550  \_____|  |_|  |____/ |_____||_| \_\\____| \___/|_| \_|
22:43:14.550  OPTICAL GAUGE PROBE // STAGE 0 - CONTRAST CHARACTERIZATION
22:43:14.550  ---------------------------------------------------------
22:43:14.551  TARGET : HUBEN GK1 manometer, 18.5 mm dial, 180 deg sweep
22:43:15.555  SENSOR : TCS34725 RGBC, 50 ms integration, 4x gain
22:43:15.556  METHOD : LED ON/OFF differential, ambient subtracted
22:43:16.220  ______ __   __ ____   ____   ____   ____  _   _ _   _
22:43:16.220  / ____|\ \ / /| __ ) |___ \ |  _ \ / ___|| | | | \ | |
22:43:16.220  | |      \ V / |  _ \   __) || |_) | |  _ | | | |  \| |
22:43:16.221  | |___    | |  | |_) | / __/ |  _ <| |_| || |_| | |\  |
22:43:16.242  \_____|  |_|  |____/ |_____||_| \_\\____| \___/|_| \_|
22:43:16.242  OPTICAL GAUGE PROBE // STAGE 0 - CONTRAST CHARACTERIZATION
22:43:16.243  ---------------------------------------------------------
22:43:16.243  TARGET : HUBEN GK1 manometer, 18.5 mm dial, 180 deg sweep
22:43:17.244  SENSOR : TCS34725 RGBC, 50 ms integration, 4x gain
22:43:17.245  METHOD : LED ON/OFF differential, ambient subtracted
22:43:17.912  ______ __   __ ____   ____   ____   ____  _   _ _   _
22:43:17.912  / ____|\ \ / /| __ ) |___ \ |  _ \ / ___|| | | | \ | |
22:43:17.913  | |      \ V / |  _ \   __) || |_) | |  _ | | | |  \| |
22:43:17.913  | |___    | |  | |_) | / __/ |  _ <| |_| || |_| | |\  |
22:43:17.935  \_____|  |_|  |____/ |_____||_| \_\\____| \___/|_| \_|
22:43:17.935  OPTICAL GAUGE PROBE // STAGE 0 - CONTRAST CHARACTERIZATION
22:43:17.935  ---------------------------------------------------------
22:43:17.936  TARGET : HUBEN GK1 manometer, 18.5 mm dial, 180 deg sweep
22:43:18.937  SENSOR : TCS34725 RGBC, 50 ms integration, 4x gain
22:43:18.938  METHOD : LED ON/OFF differential, ambient subtracted
22:43:19.605  ______ __   __ ____   ____   ____   ____  _   _ _   _
22:43:19.605  / ____|\ \ / /| __ ) |___ \ |  _ \ / ___|| | | | \ | |
22:43:19.606  | |      \ V / |  _ \   __) || |_) | |  _ | | | |  \| |
22:43:19.606  | |___    | |  | |_) | / __/ |  _ <| |_| || |_| | |\  |
22:43:19.627  \_____|  |_|  |____/ |_____||_| \_\\____| \___/|_| \_|
22:43:19.627  OPTICAL GAUGE PROBE // STAGE 0 - CONTRAST CHARACTERIZATION
22:43:19.627  ---------------------------------------------------------
22:43:19.628  TARGET : HUBEN GK1 manometer, 18.5 mm dial, 180 deg sweep
22:43:20.638  SENSOR : TCS34725 RGBC, 50 ms integration, 4x gain
22:43:20.638  METHOD : LED ON/OFF differential, ambient subtracted
22:43:21.297  ______ __   __ ____   ____   ____   ____  _   _ _   _
22:43:21.297  / ____|\ \ / /| __ ) |___ \ |  _ \ / ___|| | | | \ | |
22:43:21.297  | |      \ V / |  _ \   __) || |_) | |  _ | | | |  \| |
22:43:21.298  | |___    | |  | |_) | / __/ |  _ <| |_| || |_| | |\  |
22:43:21.319  \_____|  |_|  |____/ |_____||_| \_\\____| \___/|_| \_|
22:43:21.319  OPTICAL GAUGE PROBE // STAGE 0 - CONTRAST CHARACTERIZATION
22:43:21.319  ---------------------------------------------------------
22:43:21.320  TARGET : HUBEN GK1 manometer, 18.5 mm dial, 180 deg sweep
22:43:22.331  SENSOR : TCS34725 RGBC, 50 ms integration, 4x gain
22:43:22.332  METHOD : LED ON/OFF differential, ambient subtracted
22:43:22.989  ______ __   __ ____   ____   ____   ____  _   _ _   _
22:43:22.989  / ____|\ \ / /| __ ) |___ \ |  _ \ / ___|| | | | \ | |
22:43:22.989  | |      \ V / |  _ \   __) || |_) | |  _ | | | |  \| |
22:43:22.990  | |___    | |  | |_) | / __/ |  _ <| |_| || |_| | |\  |
22:43:23.012  \_____|  |_|  |____/ |_____||_| \_\\____| \___/|_| \_|
22:43:23.012  OPTICAL GAUGE PROBE // STAGE 0 - CONTRAST CHARACTERIZATION
22:43:23.012  ---------------------------------------------------------
22:43:23.013  TARGET : HUBEN GK1 manometer, 18.5 mm dial, 180 deg sweep
22:43:24.017  SENSOR : TCS34725 RGBC, 50 ms integration, 4x gain
22:43:24.018  METHOD : LED ON/OFF differential, ambient subtracted
22:43:24.682  ______ __   __ ____   ____   ____   ____  _   _ _   _
22:43:24.682  / ____|\ \ / /| __ ) |___ \ |  _ \ / ___|| | | | \ | |
22:43:24.682  | |      \ V / |  _ \   __) || |_) | |  _ | | | |  \| |
22:43:24.683  | |___    | |  | |_) | / __/ |  _ <| |_| || |_| | |\  |
22:43:24.704  \_____|  |_|  |____/ |_____||_| \_\\____| \___/|_| \_|
22:43:24.704  OPTICAL GAUGE PROBE // STAGE 0 - CONTRAST CHARACTERIZATION
22:43:24.704  ---------------------------------------------------------
22:43:24.705  TARGET : HUBEN GK1 manometer, 18.5 mm dial, 180 deg sweep
22:43:25.716  SENSOR : TCS34725 RGBC, 50 ms integration, 4x gain
22:43:25.717  METHOD : LED ON/OFF differential, ambient subtracted
22:43:26.374  ______ __   __ ____   ____   ____   ____  _   _ _   _
22:43:26.374  / ____|\ \ / /| __ ) |___ \ |  _ \ / ___|| | | | \ | |
22:43:26.375  | |      \ V / |  _ \   __) || |_) | |  _ | | | |  \| |
22:43:26.375  | |___    | |  | |_) | / __/ |  _ <| |_| || |_| | |\  |
22:43:26.396  \_____|  |_|  |____/ |_____||_| \_\\____| \___/|_| \_|
22:43:26.396  OPTICAL GAUGE PROBE // STAGE 0 - CONTRAST CHARACTERIZATION
22:43:26.396  ---------------------------------------------------------
22:43:26.397  TARGET : HUBEN GK1 manometer, 18.5 mm dial, 180 deg sweep
22:43:27.404  SENSOR : TCS34725 RGBC, 50 ms integration, 4x gain
22:43:27.404  METHOD : LED ON/OFF differential, ambient subtracted
22:43:28.066  ______ __   __ ____   ____   ____   ____  _   _ _   _
22:43:28.066  / ____|\ \ / /| __ ) |___ \ |  _ \ / ___|| | | | \ | |
22:43:28.066  | |      \ V / |  _ \   __) || |_) | |  _ | | | |  \| |
22:43:28.066  | |___    | |  | |_) | / __/ |  _ <| |_| || |_| | |\  |
22:43:28.088  \_____|  |_|  |____/ |_____||_| \_\\____| \___/|_| \_|
22:43:28.088  OPTICAL GAUGE PROBE // STAGE 0 - CONTRAST CHARACTERIZATION
22:43:28.088  ---------------------------------------------------------
22:43:28.089  TARGET : HUBEN GK1 manometer, 18.5 mm dial, 180 deg sweep
22:43:29.092  SENSOR : TCS34725 RGBC, 50 ms integration, 4x gain
22:43:29.092  METHOD : LED ON/OFF differential, ambient subtracted
22:43:29.758  ______ __   __ ____   ____   ____   ____  _   _ _   _
22:43:29.758  / ____|\ \ / /| __ ) |___ \ |  _ \ / ___|| | | | \ | |
22:43:29.758  | |      \ V / |  _ \   __) || |_) | |  _ | | | |  \| |
22:43:29.759  | |___    | |  | |_) | / __/ |  _ <| |_| || |_| | |\  |
22:43:29.781  \_____|  |_|  |____/ |_____||_| \_\\____| \___/|_| \_|
22:43:29.781  OPTICAL GAUGE PROBE // STAGE 0 - CONTRAST CHARACTERIZATION
22:43:29.782  ---------------------------------------------------------
22:43:29.782  TARGET : HUBEN GK1 manometer, 18.5 mm dial, 180 deg sweep
22:43:30.793  SENSOR : TCS34725 RGBC, 50 ms integration, 4x gain
22:43:30.793  METHOD : LED ON/OFF differential, ambient subtracted
22:43:31.451  ______ __   __ ____   ____   ____   ____  _   _ _   _
22:43:31.451  / ____|\ \ / /| __ ) |___ \ |  _ \ / ___|| | | | \ | |
22:43:31.451  | |      \ V / |  _ \   __) || |_) | |  _ | | | |  \| |
22:43:31.452  | |___    | |  | |_) | / __/ |  _ <| |_| || |_| | |\  |
22:43:31.473  \_____|  |_|  |____/ |_____||_| \_\\____| \___/|_| \_|
22:43:31.473  OPTICAL GAUGE PROBE // STAGE 0 - CONTRAST CHARACTERIZATION
22:43:31.473  ---------------------------------------------------------
22:43:31.474  TARGET : HUBEN GK1 manometer, 18.5 mm dial, 180 deg sweep
22:43:32.480  SENSOR : TCS34725 RGBC, 50 ms integration, 4x gain
22:43:32.481  METHOD : LED ON/OFF differential, ambient subtracted
22:43:33.143  ______ __   __ ____   ____   ____   ____  _   _ _   _
22:43:33.143  / ____|\ \ / /| __ ) |___ \ |  _ \ / ___|| | | | \ | |
22:43:33.143  | |      \ V / |  _ \   __) || |_) | |  _ | | | |  \| |
22:43:33.144  | |___    | |  | |_) | / __/ |  _ <| |_| || |_| | |\  |
22:43:33.165  \_____|  |_|  |____/ |_____||_| \_\\____| \___/|_| \_|
22:43:33.165  OPTICAL GAUGE PROBE // STAGE 0 - CONTRAST CHARACTERIZATION
22:43:33.166  ---------------------------------------------------------
22:43:33.166  TARGET : HUBEN GK1 manometer, 18.5 mm dial, 180 deg sweep
22:43:34.166  SENSOR : TCS34725 RGBC, 50 ms integration, 4x gain
22:43:34.166  METHOD : LED ON/OFF differential, ambient subtracted
22:43:34.835  ______ __   __ ____   ____   ____   ____  _   _ _   _
22:43:34.835  / ____|\ \ / /| __ ) |___ \ |  _ \ / ___|| | | | \ | |
22:43:34.835  | |      \ V / |  _ \   __) || |_) | |  _ | | | |  \| |
22:43:34.835  | |___    | |  | |_) | / __/ |  _ <| |_| || |_| | |\  |
22:43:34.858  \_____|  |_|  |____/ |_____||_| \_\\____| \___/|_| \_|
22:43:34.858  OPTICAL GAUGE PROBE // STAGE 0 - CONTRAST CHARACTERIZATION
22:43:34.858  ---------------------------------------------------------
22:43:34.859  TARGET : HUBEN GK1 manometer, 18.5 mm dial, 180 deg sweep
22:43:35.867  SENSOR : TCS34725 RGBC, 50 ms integration, 4x gain
22:43:35.867  METHOD : LED ON/OFF differential, ambient subtracted
22:43:36.528  ______ __   __ ____   ____   ____   ____  _   _ _   _
22:43:36.528  / ____|\ \ / /| __ ) |___ \ |  _ \ / ___|| | | | \ | |
22:43:36.528  | |      \ V / |  _ \   __) || |_) | |  _ | | | |  \| |
22:43:36.529  | |___    | |  | |_) | / __/ |  _ <| |_| || |_| | |\  |
22:43:36.550  \_____|  |_|  |____/ |_____||_| \_\\____| \___/|_| \_|
22:43:36.550  OPTICAL GAUGE PROBE // STAGE 0 - CONTRAST CHARACTERIZATION
22:43:36.550  ---------------------------------------------------------
22:43:36.551  TARGET : HUBEN GK1 manometer, 18.5 mm dial, 180 deg sweep
22:43:37.565  SENSOR : TCS34725 RGBC, 50 ms integration, 4x gain
22:43:37.566  METHOD : LED ON/OFF differential, ambient subtracted
22:43:38.220  ______ __   __ ____   ____   ____   ____  _   _ _   _
22:43:38.220  / ____|\ \ / /| __ ) |___ \ |  _ \ / ___|| | | | \ | |
22:43:38.220  | |      \ V / |  _ \   __) || |_) | |  _ | | | |  \| |
22:43:38.221  | |___    | |  | |_) | / __/ |  _ <| |_| || |_| | |\  |
22:43:38.242  \_____|  |_|  |____/ |_____||_| \_\\____| \___/|_| \_|
22:43:38.242  OPTICAL GAUGE PROBE // STAGE 0 - CONTRAST CHARACTERIZATION
22:43:38.242  ---------------------------------------------------------
22:43:38.242  TARGET : HUBEN GK1 manometer, 18.5 mm dial, 180 deg sweep
22:43:39.246  SENSOR : TCS34725 RGBC, 50 ms integration, 4x gain
22:43:39.246  METHOD : LED ON/OFF differential, ambient subtracted
22:43:39.912  ______ __   __ ____   ____   ____   ____  _   _ _   _
22:43:39.912  / ____|\ \ / /| __ ) |___ \ |  _ \ / ___|| | | | \ | |
22:43:39.913  | |      \ V / |  _ \   __) || |_) | |  _ | | | |  \| |
22:43:39.914  | |___    | |  | |_) | / __/ |  _ <| |_| || |_| | |\  |
22:43:39.934  \_____|  |_|  |____/ |_____||_| \_\\____| \___/|_| \_|
22:43:39.934  OPTICAL GAUGE PROBE // STAGE 0 - CONTRAST CHARACTERIZATION
22:43:39.934  ---------------------------------------------------------
22:43:39.935  TARGET : HUBEN GK1 manometer, 18.5 mm dial, 180 deg sweep
22:43:40.947  SENSOR : TCS34725 RGBC, 50 ms integration, 4x gain
22:43:40.947  METHOD : LED ON/OFF differential, ambient subtracted
22:43:41.604  ______ __   __ ____   ____   ____   ____  _   _ _   _
22:43:41.604  / ____|\ \ / /| __ ) |___ \ |  _ \ / ___|| | | | \ | |
22:43:41.605  | |      \ V / |  _ \   __) || |_) | |  _ | | | |  \| |
22:43:41.605  | |___    | |  | |_) | / __/ |  _ <| |_| || |_| | |\  |
22:43:41.627  \_____|  |_|  |____/ |_____||_| \_\\____| \___/|_| \_|
22:43:41.627  OPTICAL GAUGE PROBE // STAGE 0 - CONTRAST CHARACTERIZATION
22:43:41.627  ---------------------------------------------------------
22:43:41.628  TARGET : HUBEN GK1 manometer, 18.5 mm dial, 180 deg sweep
22:43:42.632  SENSOR : TCS34725 RGBC, 50 ms integration, 4x gain
22:43:42.633  METHOD : LED ON/OFF differential, ambient subtracted
22:43:43.297  ______ __   __ ____   ____   ____   ____  _   _ _   _
22:43:43.297  / ____|\ \ / /| __ ) |___ \ |  _ \ / ___|| | | | \ | |
22:43:43.297  | |      \ V / |  _ \   __) || |_) | |  _ | | | |  \| |
22:43:43.298  | |___    | |  | |_) | / __/ |  _ <| |_| || |_| | |\  |
22:43:43.319  \_____|  |_|  |____/ |_____||_| \_\\____| \___/|_| \_|
22:43:43.319  OPTICAL GAUGE PROBE // STAGE 0 - CONTRAST CHARACTERIZATION
22:43:43.319  ---------------------------------------------------------
22:43:43.320  TARGET : HUBEN GK1 manometer, 18.5 mm dial, 180 deg sweep
22:43:44.331  SENSOR : TCS34725 RGBC, 50 ms integration, 4x gain
22:43:44.331  METHOD : LED ON/OFF differential, ambient subtracted
22:43:44.989  ______ __   __ ____   ____   ____   ____  _   _ _   _
22:43:44.989  / ____|\ \ / /| __ ) |___ \ |  _ \ / ___|| | | | \ | |
22:43:44.989  | |      \ V / |  _ \   __) || |_) | |  _ | | | |  \| |
22:43:44.990  | |___    | |  | |_) | / __/ |  _ <| |_| || |_| | |\  |
22:43:45.011  \_____|  |_|  |____/ |_____||_| \_\\____| \___/|_| \_|
22:43:45.011  OPTICAL GAUGE PROBE // STAGE 0 - CONTRAST CHARACTERIZATION
22:43:45.011  ---------------------------------------------------------
22:43:45.012  TARGET : HUBEN GK1 manometer, 18.5 mm dial, 180 deg sweep
22:43:46.018  SENSOR : TCS34725 RGBC, 50 ms integration, 4x gain
22:43:46.018  METHOD : LED ON/OFF differential, ambient subtracted
22:43:46.681  ______ __   __ ____   ____   ____   ____  _   _ _   _
22:43:46.681  / ____|\ \ / /| __ ) |___ \ |  _ \ / ___|| | | | \ | |
22:43:46.682  | |      \ V / |  _ \   __) || |_) | |  _ | | | |  \| |
22:43:46.682  | |___    | |  | |_) | / __/ |  _ <| |_| || |_| | |\  |
22:43:46.704  \_____|  |_|  |____/ |_____||_| \_\\____| \___/|_| \_|
22:43:46.704  OPTICAL GAUGE PROBE // STAGE 0 - CONTRAST CHARACTERIZATION
22:43:46.704  ---------------------------------------------------------
22:43:46.705  TARGET : HUBEN GK1 manometer, 18.5 mm dial, 180 deg sweep
22:43:47.705  SENSOR : TCS34725 RGBC, 50 ms integration, 4x gain
22:43:47.706  METHOD : LED ON/OFF differential, ambient subtracted
22:43:48.374  ______ __   __ ____   ____   ____   ____  _   _ _   _
22:43:48.374  / ____|\ \ / /| __ ) |___ \ |  _ \ / ___|| | | | \ | |
22:43:48.375  | |      \ V / |  _ \   __) || |_) | |  _ | | | |  \| |
22:43:48.375  | |___    | |  | |_) | / __/ |  _ <| |_| || |_| | |\  |
22:43:48.396  \_____|  |_|  |____/ |_____||_| \_\\____| \___/|_| \_|
22:43:48.396  OPTICAL GAUGE PROBE // STAGE 0 - CONTRAST CHARACTERIZATION
22:43:48.396  ---------------------------------------------------------
22:43:48.397  TARGET : HUBEN GK1 manometer, 18.5 mm dial, 180 deg sweep
22:43:49.399  SENSOR : TCS34725 RGBC, 50 ms integration, 4x gain
22:43:49.399  METHOD : LED ON/OFF differential, ambient subtracted
22:43:50.066  ______ __   __ ____   ____   ____   ____  _   _ _   _
22:43:50.066  / ____|\ \ / /| __ ) |___ \ |  _ \ / ___|| | | | \ | |
22:43:50.066  | |      \ V / |  _ \   __) || |_) | |  _ | | | |  \| |
22:43:50.067  | |___    | |  | |_) | / __/ |  _ <| |_| || |_| | |\  |
22:43:50.088  \_____|  |_|  |____/ |_____||_| \_\\____| \___/|_| \_|
22:43:50.088  OPTICAL GAUGE PROBE // STAGE 0 - CONTRAST CHARACTERIZATION
22:43:50.088  ---------------------------------------------------------
22:43:50.089  TARGET : HUBEN GK1 manometer, 18.5 mm dial, 180 deg sweep
22:43:51.103  SENSOR : TCS34725 RGBC, 50 ms integration, 4x gain
22:43:51.103  METHOD : LED ON/OFF differential, ambient subtracted
22:43:51.758  ______ __   __ ____   ____   ____   ____  _   _ _   _
22:43:51.758  / ____|\ \ / /| __ ) |___ \ |  _ \ / ___|| | | | \ | |
22:43:51.758  | |      \ V / |  _ \   __) || |_) | |  _ | | | |  \| |
22:43:51.759  | |___    | |  | |_) | / __/ |  _ <| |_| || |_| | |\  |
22:43:51.780  \_____|  |_|  |____/ |_____||_| \_\\____| \___/|_| \_|
22:43:51.780  OPTICAL GAUGE PROBE // STAGE 0 - CONTRAST CHARACTERIZATION
22:43:51.780  ---------------------------------------------------------
22:43:51.781  TARGET : HUBEN GK1 manometer, 18.5 mm dial, 180 deg sweep
22:43:52.790  SENSOR : TCS34725 RGBC, 50 ms integration, 4x gain
22:43:52.790  METHOD : LED ON/OFF differential, ambient subtracted
22:43:53.450  ______ __   __ ____   ____   ____   ____  _   _ _   _
22:43:53.450  / ____|\ \ / /| __ ) |___ \ |  _ \ / ___|| | | | \ | |
22:43:53.450  | |      \ V / |  _ \   __) || |_) | |  _ | | | |  \| |
22:43:53.451  | |___    | |  | |_) | / __/ |  _ <| |_| || |_| | |\  |
22:43:53.473  \_____|  |_|  |____/ |_____||_| \_\\____| \___/|_| \_|
22:43:53.473  OPTICAL GAUGE PROBE // STAGE 0 - CONTRAST CHARACTERIZATION
22:43:53.473  ---------------------------------------------------------
22:43:53.473  TARGET : HUBEN GK1 manometer, 18.5 mm dial, 180 deg sweep
22:43:54.478  SENSOR : TCS34725 RGBC, 50 ms integration, 4x gain
22:43:54.479  METHOD : LED ON/OFF differential, ambient subtracted
22:43:55.143  ______ __   __ ____   ____   ____   ____  _   _ _   _
22:43:55.143  / ____|\ \ / /| __ ) |___ \ |  _ \ / ___|| | | | \ | |
22:43:55.143  | |      \ V / |  _ \   __) || |_) | |  _ | | | |  \| |
22:43:55.144  | |___    | |  | |_) | / __/ |  _ <| |_| || |_| | |\  |
22:43:55.165  \_____|  |_|  |____/ |_____||_| \_\\____| \___/|_| \_|
22:43:55.165  OPTICAL GAUGE PROBE // STAGE 0 - CONTRAST CHARACTERIZATION
22:43:55.165  ---------------------------------------------------------
22:43:55.166  TARGET : HUBEN GK1 manometer, 18.5 mm dial, 180 deg sweep
22:43:56.180  SENSOR : TCS34725 RGBC, 50 ms integration, 4x gain
22:43:56.181  METHOD : LED ON/OFF differential, ambient subtracted
22:43:56.835  ______ __   __ ____   ____   ____   ____  _   _ _   _
22:43:56.835  / ____|\ \ / /| __ ) |___ \ |  _ \ / ___|| | | | \ | |
22:43:56.835  | |      \ V / |  _ \   __) || |_) | |  _ | | | |  \| |
22:43:56.836  | |___    | |  | |_) | / __/ |  _ <| |_| || |_| | |\  |
22:43:56.857  \_____|  |_|  |____/ |_____||_| \_\\____| \___/|_| \_|
22:43:56.857  OPTICAL GAUGE PROBE // STAGE 0 - CONTRAST CHARACTERIZATION
22:43:56.857  ---------------------------------------------------------
22:43:56.858  TARGET : HUBEN GK1 manometer, 18.5 mm dial, 180 deg sweep
22:43:57.859  SENSOR : TCS34725 RGBC, 50 ms integration, 4x gain
22:43:57.860  METHOD : LED ON/OFF differential, ambient subtracted
22:43:58.527  ______ __   __ ____   ____   ____   ____  _   _ _   _
22:43:58.527  / ____|\ \ / /| __ ) |___ \ |  _ \ / ___|| | | | \ | |
22:43:58.527  | |      \ V / |  _ \   __) || |_) | |  _ | | | |  \| |
22:43:58.528  | |___    | |  | |_) | / __/ |  _ <| |_| || |_| | |\  |
22:43:58.550  \_____|  |_|  |____/ |_____||_| \_\\____| \___/|_| \_|
22:43:58.550  OPTICAL GAUGE PROBE // STAGE 0 - CONTRAST CHARACTERIZATION
22:43:58.550  ---------------------------------------------------------
22:43:58.551  TARGET : HUBEN GK1 manometer, 18.5 mm dial, 180 deg sweep
22:43:59.558  SENSOR : TCS34725 RGBC, 50 ms integration, 4x gain
22:43:59.558  METHOD : LED ON/OFF differential, ambient subtracted
22:44:00.220  ______ __   __ ____   ____   ____   ____  _   _ _   _
22:44:00.220  / ____|\ \ / /| __ ) |___ \ |  _ \ / ___|| | | | \ | |
22:44:00.221  | |      \ V / |  _ \   __) || |_) | |  _ | | | |  \| |
22:44:00.221  | |___    | |  | |_) | / __/ |  _ <| |_| || |_| | |\  |
22:44:00.242  \_____|  |_|  |____/ |_____||_| \_\\____| \___/|_| \_|
22:44:00.242  OPTICAL GAUGE PROBE // STAGE 0 - CONTRAST CHARACTERIZATION
22:44:00.242  ---------------------------------------------------------
22:44:00.243  TARGET : HUBEN GK1 manometer, 18.5 mm dial, 180 deg sweep
22:44:01.246  SENSOR : TCS34725 RGBC, 50 ms integration, 4x gain
22:44:01.246  METHOD : LED ON/OFF differential, ambient subtracted
22:44:01.912  ______ __   __ ____   ____   ____   ____  _   _ _   _
22:44:01.912  / ____|\ \ / /| __ ) |___ \ |  _ \ / ___|| | | | \ | |
22:44:01.912  | |      \ V / |  _ \   __) || |_) | |  _ | | | |  \| |
22:44:01.913  | |___    | |  | |_) | / __/ |  _ <| |_| || |_| | |\  |
22:44:01.934  \_____|  |_|  |____/ |_____||_| \_\\____| \___/|_| \_|
22:44:01.934  OPTICAL GAUGE PROBE // STAGE 0 - CONTRAST CHARACTERIZATION
22:44:01.935  ---------------------------------------------------------
22:44:01.935  TARGET : HUBEN GK1 manometer, 18.5 mm dial, 180 deg sweep
22:44:02.948  SENSOR : TCS34725 RGBC, 50 ms integration, 4x gain
22:44:02.948  METHOD : LED ON/OFF differential, ambient subtracted
22:44:03.604  ______ __   __ ____   ____   ____   ____  _   _ _   _
22:44:03.604  / ____|\ \ / /| __ ) |___ \ |  _ \ / ___|| | | | \ | |
22:44:03.604  | |      \ V / |  _ \   __) || |_) | |  _ | | | |  \| |
22:44:03.605  | |___    | |  | |_) | / __/ |  _ <| |_| || |_| | |\  |
22:44:03.626  \_____|  |_|  |____/ |_____||_| \_\\____| \___/|_| \_|
22:44:03.626  OPTICAL GAUGE PROBE // STAGE 0 - CONTRAST CHARACTERIZATION
22:44:03.626  ---------------------------------------------------------
22:44:03.627  TARGET : HUBEN GK1 manometer, 18.5 mm dial, 180 deg sweep
22:44:04.636  SENSOR : TCS34725 RGBC, 50 ms integration, 4x gain
22:44:04.636  METHOD : LED ON/OFF differential, ambient subtracted
22:44:05.296  ______ __   __ ____   ____   ____   ____  _   _ _   _
22:44:05.296  / ____|\ \ / /| __ ) |___ \ |  _ \ / ___|| | | | \ | |
22:44:05.297  | |      \ V / |  _ \   __) || |_) | |  _ | | | |  \| |
22:44:05.297  | |___    | |  | |_) | / __/ |  _ <| |_| || |_| | |\  |
22:44:05.319  \_____|  |_|  |____/ |_____||_| \_\\____| \___/|_| \_|
22:44:05.319  OPTICAL GAUGE PROBE // STAGE 0 - CONTRAST CHARACTERIZATION
22:44:05.320  ---------------------------------------------------------
22:44:05.320  TARGET : HUBEN GK1 manometer, 18.5 mm dial, 180 deg sweep
22:44:06.327  SENSOR : TCS34725 RGBC, 50 ms integration, 4x gain
22:44:06.328  METHOD : LED ON/OFF differential, ambient subtracted
22:44:06.989  ______ __   __ ____   ____   ____   ____  _   _ _   _
22:44:06.989  / ____|\ \ / /| __ ) |___ \ |  _ \ / ___|| | | | \ | |
22:44:06.990  | |      \ V / |  _ \   __) || |_) | |  _ | | | |  \| |
22:44:06.990  | |___    | |  | |_) | / __/ |  _ <| |_| || |_| | |\  |
22:44:07.011  \_____|  |_|  |____/ |_____||_| \_\\____| \___/|_| \_|
22:44:07.011  OPTICAL GAUGE PROBE // STAGE 0 - CONTRAST CHARACTERIZATION
22:44:07.012  ---------------------------------------------------------
22:44:07.012  TARGET : HUBEN GK1 manometer, 18.5 mm dial, 180 deg sweep
22:44:08.015  SENSOR : TCS34725 RGBC, 50 ms integration, 4x gain
22:44:08.016  METHOD : LED ON/OFF differential, ambient subtracted
22:44:08.681  ______ __   __ ____   ____   ____   ____  _   _ _   _
22:44:08.681  / ____|\ \ / /| __ ) |___ \ |  _ \ / ___|| | | | \ | |
22:44:08.681  | |      \ V / |  _ \   __) || |_) | |  _ | | | |  \| |
22:44:08.682  | |___    | |  | |_) | / __/ |  _ <| |_| || |_| | |\  |
22:44:08.703  \_____|  |_|  |____/ |_____||_| \_\\____| \___/|_| \_|
22:44:08.703  OPTICAL GAUGE PROBE // STAGE 0 - CONTRAST CHARACTERIZATION
22:44:08.703  ---------------------------------------------------------
22:44:08.703  TARGET : HUBEN GK1 manometer, 18.5 mm dial, 180 deg sweep
22:44:09.706  SENSOR : TCS34725 RGBC, 50 ms integration, 4x gain
22:44:09.706  METHOD : LED ON/OFF differential, ambient subtracted
22:44:10.373  ______ __   __ ____   ____   ____   ____  _   _ _   _
22:44:10.373  / ____|\ \ / /| __ ) |___ \ |  _ \ / ___|| | | | \ | |
22:44:10.373  | |      \ V / |  _ \   __) || |_) | |  _ | | | |  \| |
22:44:10.374  | |___    | |  | |_) | / __/ |  _ <| |_| || |_| | |\  |
22:44:10.396  \_____|  |_|  |____/ |_____||_| \_\\____| \___/|_| \_|
22:44:10.402  OPTICAL GAUGE PROBE // STAGE 0 - CONTRAST CHARACTERIZATION
22:44:10.403  ---------------------------------------------------------
22:44:10.403  TARGET : HUBEN GK1 manometer, 18.5 mm dial, 180 deg sweep
22:44:11.414  SENSOR : TCS34725 RGBC, 50 ms integration, 4x gain
22:44:11.414  METHOD : LED ON/OFF differential, ambient subtracted
22:44:12.066  ______ __   __ ____   ____   ____   ____  _   _ _   _
22:44:12.066  / ____|\ \ / /| __ ) |___ \ |  _ \ / ___|| | | | \ | |
22:44:12.067  | |      \ V / |  _ \   __) || |_) | |  _ | | | |  \| |
22:44:12.067  | |___    | |  | |_) | / __/ |  _ <| |_| || |_| | |\  |
22:44:12.088  \_____|  |_|  |____/ |_____||_| \_\\____| \___/|_| \_|
22:44:12.088  OPTICAL GAUGE PROBE // STAGE 0 - CONTRAST CHARACTERIZATION
22:44:12.088  ---------------------------------------------------------
22:44:12.089  TARGET : HUBEN GK1 manometer, 18.5 mm dial, 180 deg sweep
22:44:13.101  SENSOR : TCS34725 RGBC, 50 ms integration, 4x gain
22:44:13.101  METHOD : LED ON/OFF differential, ambient subtracted
22:44:13.758  ______ __   __ ____   ____   ____   ____  _   _ _   _
22:44:13.758  / ____|\ \ / /| __ ) |___ \ |  _ \ / ___|| | | | \ | |
22:44:13.759  | |      \ V / |  _ \   __) || |_) | |  _ | | | |  \| |
22:44:13.759  | |___    | |  | |_) | / __/ |  _ <| |_| || |_| | |\  |
22:44:13.780  \_____|  |_|  |____/ |_____||_| \_\\____| \___/|_| \_|
22:44:13.780  OPTICAL GAUGE PROBE // STAGE 0 - CONTRAST CHARACTERIZATION
22:44:13.780  ---------------------------------------------------------
22:44:13.781  TARGET : HUBEN GK1 manometer, 18.5 mm dial, 180 deg sweep
22:44:14.791  SENSOR : TCS34725 RGBC, 50 ms integration, 4x gain
22:44:14.791  METHOD : LED ON/OFF differential, ambient subtracted
22:44:15.450  ______ __   __ ____   ____   ____   ____  _   _ _   _
22:44:15.450  / ____|\ \ / /| __ ) |___ \ |  _ \ / ___|| | | | \ | |
22:44:15.450  | |      \ V / |  _ \   __) || |_) | |  _ | | | |  \| |
22:44:15.451  | |___    | |  | |_) | / __/ |  _ <| |_| || |_| | |\  |
22:44:15.472  \_____|  |_|  |____/ |_____||_| \_\\____| \___/|_| \_|
22:44:15.472  OPTICAL GAUGE PROBE // STAGE 0 - CONTRAST CHARACTERIZATION
22:44:15.473  ---------------------------------------------------------
22:44:15.473  TARGET : HUBEN GK1 manometer, 18.5 mm dial, 180 deg sweep
22:44:16.474  SENSOR : TCS34725 RGBC, 50 ms integration, 4x gain
22:44:16.474  METHOD : LED ON/OFF differential, ambient subtracted
22:44:17.142  ______ __   __ ____   ____   ____   ____  _   _ _   _
22:44:17.142  / ____|\ \ / /| __ ) |___ \ |  _ \ / ___|| | | | \ | |
22:44:17.142  | |      \ V / |  _ \   __) || |_) | |  _ | | | |  \| |
22:44:17.143  | |___    | |  | |_) | / __/ |  _ <| |_| || |_| | |\  |
22:44:17.165  \_____|  |_|  |____/ |_____||_| \_\\____| \___/|_| \_|
22:44:17.165  OPTICAL GAUGE PROBE // STAGE 0 - CONTRAST CHARACTERIZATION
22:44:17.165  ---------------------------------------------------------
22:44:17.166  TARGET : HUBEN GK1 manometer, 18.5 mm dial, 180 deg sweep
22:44:18.181  SENSOR : TCS34725 RGBC, 50 ms integration, 4x gain
22:44:18.181  METHOD : LED ON/OFF differential, ambient subtracted
22:44:18.835  ______ __   __ ____   ____   ____   ____  _   _ _   _
22:44:18.835  / ____|\ \ / /| __ ) |___ \ |  _ \ / ___|| | | | \ | |
22:44:18.835  | |      \ V / |  _ \   __) || |_) | |  _ | | | |  \| |
22:44:18.836  | |___    | |  | |_) | / __/ |  _ <| |_| || |_| | |\  |
22:44:18.857  \_____|  |_|  |____/ |_____||_| \_\\____| \___/|_| \_|
22:44:18.857  OPTICAL GAUGE PROBE // STAGE 0 - CONTRAST CHARACTERIZATION
22:44:18.857  ---------------------------------------------------------
22:44:18.858  TARGET : HUBEN GK1 manometer, 18.5 mm dial, 180 deg sweep
22:44:19.861  SENSOR : TCS34725 RGBC, 50 ms integration, 4x gain
22:44:19.861  METHOD : LED ON/OFF differential, ambient subtracted
22:44:20.527  ______ __   __ ____   ____   ____   ____  _   _ _   _
22:44:20.527  / ____|\ \ / /| __ ) |___ \ |  _ \ / ___|| | | | \ | |
22:44:20.527  | |      \ V / |  _ \   __) || |_) | |  _ | | | |  \| |
22:44:20.528  | |___    | |  | |_) | / __/ |  _ <| |_| || |_| | |\  |
22:44:20.549  \_____|  |_|  |____/ |_____||_| \_\\____| \___/|_| \_|
22:44:20.549  OPTICAL GAUGE PROBE // STAGE 0 - CONTRAST CHARACTERIZATION
22:44:20.549  ---------------------------------------------------------
22:44:20.550  TARGET : HUBEN GK1 manometer, 18.5 mm dial, 180 deg sweep
22:44:21.562  SENSOR : TCS34725 RGBC, 50 ms integration, 4x gain
22:44:21.563  METHOD : LED ON/OFF differential, ambient subtracted
22:44:22.219  ______ __   __ ____   ____   ____   ____  _   _ _   _
22:44:22.219  / ____|\ \ / /| __ ) |___ \ |  _ \ / ___|| | | | \ | |
22:44:22.219  | |      \ V / |  _ \   __) || |_) | |  _ | | | |  \| |
22:44:22.220  | |___    | |  | |_) | / __/ |  _ <| |_| || |_| | |\  |
22:44:22.242  \_____|  |_|  |____/ |_____||_| \_\\____| \___/|_| \_|
22:44:22.242  OPTICAL GAUGE PROBE // STAGE 0 - CONTRAST CHARACTERIZATION
22:44:22.242  ---------------------------------------------------------
22:44:22.243  TARGET : HUBEN GK1 manometer, 18.5 mm dial, 180 deg sweep
22:44:23.252  SENSOR : TCS34725 RGBC, 50 ms integration, 4x gain
22:44:23.252  METHOD : LED ON/OFF differential, ambient subtracted
22:44:23.912  ______ __   __ ____   ____   ____   ____  _   _ _   _
22:44:23.912  / ____|\ \ / /| __ ) |___ \ |  _ \ / ___|| | | | \ | |
22:44:23.912  | |      \ V / |  _ \   __) || |_) | |  _ | | | |  \| |
22:44:23.913  | |___    | |  | |_) | / __/ |  _ <| |_| || |_| | |\  |
22:44:23.934  \_____|  |_|  |____/ |_____||_| \_\\____| \___/|_| \_|
22:44:23.934  OPTICAL GAUGE PROBE // STAGE 0 - CONTRAST CHARACTERIZATION
22:44:23.934  ---------------------------------------------------------
22:44:23.935  TARGET : HUBEN GK1 manometer, 18.5 mm dial, 180 deg sweep
22:44:24.939  SENSOR : TCS34725 RGBC, 50 ms integration, 4x gain
22:44:24.939  METHOD : LED ON/OFF differential, ambient subtracted
22:44:25.604  ______ __   __ ____   ____   ____   ____  _   _ _   _
22:44:25.604  / ____|\ \ / /| __ ) |___ \ |  _ \ / ___|| | | | \ | |
22:44:25.605  | |      \ V / |  _ \   __) || |_) | |  _ | | | |  \| |
22:44:25.605  | |___    | |  | |_) | / __/ |  _ <| |_| || |_| | |\  |
22:44:25.626  \_____|  |_|  |____/ |_____||_| \_\\____| \___/|_| \_|
22:44:25.626  OPTICAL GAUGE PROBE // STAGE 0 - CONTRAST CHARACTERIZATION
22:44:25.626  ---------------------------------------------------------
22:44:25.627  TARGET : HUBEN GK1 manometer, 18.5 mm dial, 180 deg sweep
22:44:26.632  SENSOR : TCS34725 RGBC, 50 ms integration, 4x gain
22:44:26.632  METHOD : LED ON/OFF differential, ambient subtracted
22:44:27.296  ______ __   __ ____   ____   ____   ____  _   _ _   _
22:44:27.296  / ____|\ \ / /| __ ) |___ \ |  _ \ / ___|| | | | \ | |
22:44:27.296  | |      \ V / |  _ \   __) || |_) | |  _ | | | |  \| |
22:44:27.297  | |___    | |  | |_) | / __/ |  _ <| |_| || |_| | |\  |
22:44:27.318  \_____|  |_|  |____/ |_____||_| \_\\____| \___/|_| \_|
22:44:27.318  OPTICAL GAUGE PROBE // STAGE 0 - CONTRAST CHARACTERIZATION
22:44:27.319  ---------------------------------------------------------
22:44:27.319  TARGET : HUBEN GK1 manometer, 18.5 mm dial, 180 deg sweep
22:44:28.322  SENSOR : TCS34725 RGBC, 50 ms integration, 4x gain
22:44:28.322  METHOD : LED ON/OFF differential, ambient subtracted
22:44:28.988  ______ __   __ ____   ____   ____   ____  _   _ _   _
22:44:28.988  / ____|\ \ / /| __ ) |___ \ |  _ \ / ___|| | | | \ | |
22:44:28.988  | |      \ V / |  _ \   __) || |_) | |  _ | | | |  \| |
22:44:28.989  | |___    | |  | |_) | / __/ |  _ <| |_| || |_| | |\  |
22:44:29.011  \_____|  |_|  |____/ |_____||_| \_\\____| \___/|_| \_|
22:44:29.011  OPTICAL GAUGE PROBE // STAGE 0 - CONTRAST CHARACTERIZATION
22:44:29.012  ---------------------------------------------------------
22:44:29.012  TARGET : HUBEN GK1 manometer, 18.5 mm dial, 180 deg sweep
22:44:30.025  SENSOR : TCS34725 RGBC, 50 ms integration, 4x gain
22:44:30.026  METHOD : LED ON/OFF differential, ambient subtracted
22:44:30.681  ______ __   __ ____   ____   ____   ____  _   _ _   _
22:44:30.681  / ____|\ \ / /| __ ) |___ \ |  _ \ / ___|| | | | \ | |
22:44:30.681  | |      \ V / |  _ \   __) || |_) | |  _ | | | |  \| |
22:44:30.682  | |___    | |  | |_) | / __/ |  _ <| |_| || |_| | |\  |
22:44:30.703  \_____|  |_|  |____/ |_____||_| \_\\____| \___/|_| \_|
22:44:30.703  OPTICAL GAUGE PROBE // STAGE 0 - CONTRAST CHARACTERIZATION
22:44:30.703  ---------------------------------------------------------
22:44:30.704  TARGET : HUBEN GK1 manometer, 18.5 mm dial, 180 deg sweep
22:44:31.715  SENSOR : TCS34725 RGBC, 50 ms integration, 4x gain
22:44:31.716  METHOD : LED ON/OFF differential, ambient subtracted
22:44:32.373  ______ __   __ ____   ____   ____   ____  _   _ _   _
22:44:32.373  / ____|\ \ / /| __ ) |___ \ |  _ \ / ___|| | | | \ | |
22:44:32.373  | |      \ V / |  _ \   __) || |_) | |  _ | | | |  \| |
22:44:32.374  | |___    | |  | |_) | / __/ |  _ <| |_| || |_| | |\  |
22:44:32.395  \_____|  |_|  |____/ |_____||_| \_\\____| \___/|_| \_|
22:44:32.395  OPTICAL GAUGE PROBE // STAGE 0 - CONTRAST CHARACTERIZATION
22:44:32.396  ---------------------------------------------------------
22:44:32.396  TARGET : HUBEN GK1 manometer, 18.5 mm dial, 180 deg sweep
22:44:33.406  SENSOR : TCS34725 RGBC, 50 ms integration, 4x gain
22:44:33.406  METHOD : LED ON/OFF differential, ambient subtracted
22:44:34.065  ______ __   __ ____   ____   ____   ____  _   _ _   _
22:44:34.065  / ____|\ \ / /| __ ) |___ \ |  _ \ / ___|| | | | \ | |
22:44:34.065  | |      \ V / |  _ \   __) || |_) | |  _ | | | |  \| |
22:44:34.066  | |___    | |  | |_) | / __/ |  _ <| |_| || |_| | |\  |
22:44:34.088  \_____|  |_|  |____/ |_____||_| \_\\____| \___/|_| \_|
22:44:34.088  OPTICAL GAUGE PROBE // STAGE 0 - CONTRAST CHARACTERIZATION
22:44:34.088  ---------------------------------------------------------
22:44:34.089  TARGET : HUBEN GK1 manometer, 18.5 mm dial, 180 deg sweep
22:44:35.094  SENSOR : TCS34725 RGBC, 50 ms integration, 4x gain
22:44:35.094  METHOD : LED ON/OFF differential, ambient subtracted
22:44:35.758  ______ __   __ ____   ____   ____   ____  _   _ _   _
22:44:35.758  / ____|\ \ / /| __ ) |___ \ |  _ \ / ___|| | | | \ | |
22:44:35.758  | |      \ V / |  _ \   __) || |_) | |  _ | | | |  \| |
22:44:35.759  | |___    | |  | |_) | / __/ |  _ <| |_| || |_| | |\  |
22:44:35.780  \_____|  |_|  |____/ |_____||_| \_\\____| \___/|_| \_|
22:44:35.780  OPTICAL GAUGE PROBE // STAGE 0 - CONTRAST CHARACTERIZATION
22:44:35.781  ---------------------------------------------------------
22:44:35.781  TARGET : HUBEN GK1 manometer, 18.5 mm dial, 180 deg sweep
22:44:36.784  SENSOR : TCS34725 RGBC, 50 ms integration, 4x gain
22:44:36.784  METHOD : LED ON/OFF differential, ambient subtracted
22:44:37.450  ______ __   __ ____   ____   ____   ____  _   _ _   _
22:44:37.450  / ____|\ \ / /| __ ) |___ \ |  _ \ / ___|| | | | \ | |
22:44:37.450  | |      \ V / |  _ \   __) || |_) | |  _ | | | |  \| |
22:44:37.451  | |___    | |  | |_) | / __/ |  _ <| |_| || |_| | |\  |
22:44:37.472  \_____|  |_|  |____/ |_____||_| \_\\____| \___/|_| \_|
22:44:37.472  OPTICAL GAUGE PROBE // STAGE 0 - CONTRAST CHARACTERIZATION
22:44:37.472  ---------------------------------------------------------
22:44:37.473  TARGET : HUBEN GK1 manometer, 18.5 mm dial, 180 deg sweep
22:44:38.477  SENSOR : TCS34725 RGBC, 50 ms integration, 4x gain
22:44:38.477  METHOD : LED ON/OFF differential, ambient subtracted
22:44:39.142  ______ __   __ ____   ____   ____   ____  _   _ _   _
22:44:39.142  / ____|\ \ / /| __ ) |___ \ |  _ \ / ___|| | | | \ | |
22:44:39.142  | |      \ V / |  _ \   __) || |_) | |  _ | | | |  \| |
22:44:39.143  | |___    | |  | |_) | / __/ |  _ <| |_| || |_| | |\  |
22:44:39.164  \_____|  |_|  |____/ |_____||_| \_\\____| \___/|_| \_|
22:44:39.164  OPTICAL GAUGE PROBE // STAGE 0 - CONTRAST CHARACTERIZATION
22:44:39.164  ---------------------------------------------------------
22:44:39.165  TARGET : HUBEN GK1 manometer, 18.5 mm dial, 180 deg sweep
22:44:40.181  SENSOR : TCS34725 RGBC, 50 ms integration, 4x gain
22:44:40.181  METHOD : LED ON/OFF differential, ambient subtracted
22:44:40.834  ______ __   __ ____   ____   ____   ____  _   _ _   _
22:44:40.834  / ____|\ \ / /| __ ) |___ \ |  _ \ / ___|| | | | \ | |
22:44:40.834  | |      \ V / |  _ \   __) || |_) | |  _ | | | |  \| |
22:44:40.835  | |___    | |  | |_) | / __/ |  _ <| |_| || |_| | |\  |
22:44:40.857  \_____|  |_|  |____/ |_____||_| \_\\____| \___/|_| \_|
22:44:40.857  OPTICAL GAUGE PROBE // STAGE 0 - CONTRAST CHARACTERIZATION
22:44:40.857  ---------------------------------------------------------
22:44:40.858  TARGET : HUBEN GK1 manometer, 18.5 mm dial, 180 deg sweep
22:44:41.868  SENSOR : TCS34725 RGBC, 50 ms integration, 4x gain
22:44:41.869  METHOD : LED ON/OFF differential, ambient subtracted
22:44:42.527  ______ __   __ ____   ____   ____   ____  _   _ _   _
22:44:42.527  / ____|\ \ / /| __ ) |___ \ |  _ \ / ___|| | | | \ | |
22:44:42.527  | |      \ V / |  _ \   __) || |_) | |  _ | | | |  \| |
22:44:42.527  | |___    | |  | |_) | / __/ |  _ <| |_| || |_| | |\  |
22:44:42.549  \_____|  |_|  |____/ |_____||_| \_\\____| \___/|_| \_|
22:44:42.549  OPTICAL GAUGE PROBE // STAGE 0 - CONTRAST CHARACTERIZATION
22:44:42.549  ---------------------------------------------------------
22:44:42.550  TARGET : HUBEN GK1 manometer, 18.5 mm dial, 180 deg sweep
22:44:43.552  SENSOR : TCS34725 RGBC, 50 ms integration, 4x gain
22:44:43.552  METHOD : LED ON/OFF differential, ambient subtracted
22:44:44.219  ______ __   __ ____   ____   ____   ____  _   _ _   _
22:44:44.219  / ____|\ \ / /| __ ) |___ \ |  _ \ / ___|| | | | \ | |
22:44:44.219  | |      \ V / |  _ \   __) || |_) | |  _ | | | |  \| |
22:44:44.220  | |___    | |  | |_) | / __/ |  _ <| |_| || |_| | |\  |
22:44:44.241  \_____|  |_|  |____/ |_____||_| \_\\____| \___/|_| \_|
22:44:44.241  OPTICAL GAUGE PROBE // STAGE 0 - CONTRAST CHARACTERIZATION
22:44:44.241  ---------------------------------------------------------
22:44:44.242  TARGET : HUBEN GK1 manometer, 18.5 mm dial, 180 deg sweep
22:46:24.324  {"type":"hello","fw":"probe-0.2","tcs":0,"oled":1,"light":"blue","gain":"16x","samples":50}
22:46:24.324  {"type":"live","t":986,"c":0,"r":0,"g":0,"b":0,"pta":142.0,"ptb":142.0,"sat":0,"light":"blue","gain":"16x"}
22:46:25.081  {"type":"hello","fw":"probe-0.2","tcs":0,"oled":1,"light":"blue","gain":"16x","samples":50}
22:46:25.081  {"type":"live","t":1387,"c":0,"r":0,"g":0,"b":0,"pta":142.0,"ptb":142.0,"sat":0,"light":"blue","gain":"16x"}
22:46:25.082  {"type":"hello","fw":"probe-0.2","tcs":0,"oled":1,"light":"blue","gain":"16x","samples":50}
22:46:25.886  {"type":"live","t":1788,"c":0,"r":0,"g":0,"b":0,"pta":142.0,"ptb":142.0,"sat":0,"light":"blue","gain":"16x"}
22:46:25.886  {"type":"live","t":2189,"c":0,"r":0,"g":0,"b":0,"pta":142.0,"ptb":142.0,"sat":0,"light":"blue","gain":"16x"}
22:46:26.692  {"type":"live","t":2590,"c":0,"r":0,"g":0,"b":0,"pta":142.0,"ptb":142.0,"sat":0,"light":"blue","gain":"16x"}
22:46:26.693  {"type":"live","t":2991,"c":0,"r":0,"g":0,"b":0,"pta":142.0,"ptb":142.0,"sat":0,"light":"blue","gain":"16x"}
22:46:27.497  {"type":"live","t":3392,"c":0,"r":0,"g":0,"b":0,"pta":142.0,"ptb":143.1,"sat":0,"light":"blue","gain":"16x"}
22:46:27.497  {"type":"live","t":3793,"c":0,"r":0,"g":0,"b":0,"pta":142.0,"ptb":148.8,"sat":0,"light":"blue","gain":"16x"}
22:46:27.498  {"type":"live","t":4194,"c":0,"r":0,"g":0,"b":0,"pta":142.0,"ptb":171.9,"sat":0,"light":"blue","gain":"16x"}
22:46:28.294  {"type":"hello","fw":"probe-0.2","tcs":0,"oled":1,"light":"blue","gain":"16x","samples":50}
22:46:28.294  {"type":"live","t":4595,"c":0,"r":0,"g":0,"b":0,"pta":142.0,"ptb":170.5,"sat":0,"light":"blue","gain":"16x"}
22:46:29.092  {"type":"live","t":4996,"c":0,"r":0,"g":0,"b":0,"pta":142.0,"ptb":177.3,"sat":0,"light":"blue","gain":"16x"}
22:46:29.092  {"type":"hello","fw":"probe-0.2","tcs":0,"oled":1,"light":"blue","gain":"16x","samples":50}
22:46:29.092  {"type":"live","t":5397,"c":0,"r":0,"g":0,"b":0,"pta":142.0,"ptb":186.9,"sat":0,"light":"blue","gain":"16x"}
22:46:29.897  {"type":"live","t":5798,"c":0,"r":0,"g":0,"b":0,"pta":142.0,"ptb":203.8,"sat":0,"light":"blue","gain":"16x"}
22:46:29.897  {"type":"live","t":6199,"c":0,"r":0,"g":0,"b":0,"pta":152.6,"ptb":229.6,"sat":0,"light":"blue","gain":"16x"}
22:46:30.702  {"type":"live","t":6600,"c":0,"r":0,"g":0,"b":0,"pta":158.6,"ptb":251.8,"sat":0,"light":"blue","gain":"16x"}
22:46:30.702  {"type":"live","t":7001,"c":0,"r":0,"g":0,"b":0,"pta":153.1,"ptb":231.2,"sat":0,"light":"blue","gain":"16x"}
22:46:31.705  {"type":"live","t":7402,"c":0,"r":0,"g":0,"b":0,"pta":153.4,"ptb":220.9,"sat":0,"light":"blue","gain":"16x"}
22:46:31.706  {"type":"live","t":7803,"c":0,"r":0,"g":0,"b":0,"pta":145.1,"ptb":218.4,"sat":0,"light":"blue","gain":"16x"}
22:46:31.706  {"type":"live","t":8204,"c":0,"r":0,"g":0,"b":0,"pta":142.3,"ptb":204.1,"sat":0,"light":"blue","gain":"16x"}
22:46:32.702  {"type":"live","t":8605,"c":0,"r":0,"g":0,"b":0,"pta":142.0,"ptb":186.4,"sat":0,"light":"blue","gain":"16x"}
22:46:32.702  {"type":"live","t":9006,"c":0,"r":0,"g":0,"b":0,"pta":142.0,"ptb":160.2,"sat":0,"light":"blue","gain":"16x"}
22:46:33.507  {"type":"live","t":9407,"c":0,"r":0,"g":0,"b":0,"pta":142.0,"ptb":146.5,"sat":0,"light":"blue","gain":"16x"}
22:46:33.507  {"type":"live","t":9808,"c":0,"r":0,"g":0,"b":0,"pta":142.0,"ptb":142.0,"sat":0,"light":"blue","gain":"16x"}
22:46:34.517  {"type":"live","t":10209,"c":0,"r":0,"g":0,"b":0,"pta":142.0,"ptb":142.0,"sat":0,"light":"blue","gain":"16x"}
22:46:34.517  {"type":"live","t":10610,"c":0,"r":0,"g":0,"b":0,"pta":142.0,"ptb":142.0,"sat":0,"light":"blue","gain":"16x"}
22:46:34.518  {"type":"live","t":11011,"c":0,"r":0,"g":0,"b":0,"pta":142.0,"ptb":142.0,"sat":0,"light":"blue","gain":"16x"}
22:46:35.508  {"type":"live","t":11412,"c":0,"r":0,"g":0,"b":0,"pta":142.0,"ptb":142.0,"sat":0,"light":"blue","gain":"16x"}
22:46:35.508  {"type":"live","t":11813,"c":0,"r":0,"g":0,"b":0,"pta":142.0,"ptb":142.0,"sat":0,"light":"blue","gain":"16x"}
22:46:36.314  {"type":"live","t":12214,"c":0,"r":0,"g":0,"b":0,"pta":142.0,"ptb":142.0,"sat":0,"light":"blue","gain":"16x"}
22:46:36.314  {"type":"live","t":12615,"c":0,"r":0,"g":0,"b":0,"pta":142.0,"ptb":142.0,"sat":0,"light":"blue","gain":"16x"}
22:46:37.119  {"type":"live","t":13016,"c":0,"r":0,"g":0,"b":0,"pta":142.0,"ptb":142.0,"sat":0,"light":"blue","gain":"16x"}
22:46:37.119  {"type":"live","t":13417,"c":0,"r":0,"g":0,"b":0,"pta":142.0,"ptb":142.0,"sat":0,"light":"blue","gain":"16x"}
22:46:38.125  {"type":"live","t":13818,"c":0,"r":0,"g":0,"b":0,"pta":142.0,"ptb":142.0,"sat":0,"light":"blue","gain":"16x"}
22:46:38.126  {"type":"live","t":14219,"c":0,"r":0,"g":0,"b":0,"pta":142.0,"ptb":142.0,"sat":0,"light":"blue","gain":"16x"}
22:46:38.126  {"type":"live","t":14620,"c":0,"r":0,"g":0,"b":0,"pta":142.0,"ptb":142.0,"sat":0,"light":"blue","gain":"16x"}
22:46:39.117  {"type":"live","t":15021,"c":0,"r":0,"g":0,"b":0,"pta":142.0,"ptb":142.0,"sat":0,"light":"blue","gain":"16x"}
22:46:39.117  {"type":"live","t":15422,"c":0,"r":0,"g":0,"b":0,"pta":142.0,"ptb":142.0,"sat":0,"light":"blue","gain":"16x"}
22:46:39.922  {"type":"live","t":15823,"c":0,"r":0,"g":0,"b":0,"pta":142.0,"ptb":142.0,"sat":0,"light":"blue","gain":"16x"}
22:46:39.922  {"type":"live","t":16224,"c":0,"r":0,"g":0,"b":0,"pta":142.0,"ptb":142.0,"sat":0,"light":"blue","gain":"16x"}
22:46:40.728  {"type":"live","t":16625,"c":0,"r":0,"g":0,"b":0,"pta":142.0,"ptb":145.6,"sat":0,"light":"blue","gain":"16x"}
22:46:40.728  {"type":"live","t":17026,"c":0,"r":0,"g":0,"b":0,"pta":142.0,"ptb":154.2,"sat":0,"light":"blue","gain":"16x"}
22:46:41.733  {"type":"live","t":17427,"c":0,"r":0,"g":0,"b":0,"pta":142.0,"ptb":164.4,"sat":0,"light":"blue","gain":"16x"}
22:46:41.734  {"type":"live","t":17828,"c":0,"r":0,"g":0,"b":0,"pta":142.0,"ptb":167.2,"sat":0,"light":"blue","gain":"16x"}
22:46:41.734  {"type":"live","t":18229,"c":0,"r":0,"g":0,"b":0,"pta":142.0,"ptb":177.2,"sat":0,"light":"blue","gain":"16x"}
22:46:42.726  {"type":"live","t":18630,"c":0,"r":0,"g":0,"b":0,"pta":142.0,"ptb":188.0,"sat":0,"light":"blue","gain":"16x"}
22:46:42.726  {"type":"live","t":19031,"c":0,"r":0,"g":0,"b":0,"pta":144.6,"ptb":211.5,"sat":0,"light":"blue","gain":"16x"}
22:46:43.531  {"type":"live","t":19431,"c":0,"r":0,"g":0,"b":0,"pta":148.4,"ptb":233.1,"sat":0,"light":"blue","gain":"16x"}
22:46:43.531  {"type":"live","t":19832,"c":0,"r":0,"g":0,"b":0,"pta":154.5,"ptb":243.1,"sat":0,"light":"blue","gain":"16x"}
22:46:44.336  {"type":"live","t":20234,"c":0,"r":0,"g":0,"b":0,"pta":154.2,"ptb":230.7,"sat":0,"light":"blue","gain":"16x"}
22:46:44.336  {"type":"live","t":20634,"c":0,"r":0,"g":0,"b":0,"pta":151.2,"ptb":218.9,"sat":0,"light":"blue","gain":"16x"}
22:46:45.346  {"type":"live","t":21035,"c":0,"r":0,"g":0,"b":0,"pta":143.4,"ptb":209.3,"sat":0,"light":"blue","gain":"16x"}
22:46:45.346  {"type":"live","t":21436,"c":0,"r":0,"g":0,"b":0,"pta":142.0,"ptb":191.1,"sat":0,"light":"blue","gain":"16x"}
22:46:45.347  {"type":"live","t":21837,"c":0,"r":0,"g":0,"b":0,"pta":142.0,"ptb":175.8,"sat":0,"light":"blue","gain":"16x"}
22:46:46.335  {"type":"live","t":22238,"c":0,"r":0,"g":0,"b":0,"pta":142.0,"ptb":160.1,"sat":0,"light":"blue","gain":"16x"}
22:46:46.335  {"type":"live","t":22639,"c":0,"r":0,"g":0,"b":0,"pta":142.0,"ptb":145.2,"sat":0,"light":"blue","gain":"16x"}
22:46:47.140  {"type":"live","t":23040,"c":0,"r":0,"g":0,"b":0,"pta":142.0,"ptb":142.1,"sat":0,"light":"blue","gain":"16x"}
22:46:47.140  {"type":"live","t":23441,"c":0,"r":0,"g":0,"b":0,"pta":142.0,"ptb":142.0,"sat":0,"light":"blue","gain":"16x"}
22:46:47.945  {"type":"live","t":23842,"c":0,"r":0,"g":0,"b":0,"pta":142.0,"ptb":142.0,"sat":0,"light":"blue","gain":"16x"}
22:46:47.945  {"type":"live","t":24243,"c":0,"r":0,"g":0,"b":0,"pta":142.0,"ptb":142.0,"sat":0,"light":"blue","gain":"16x"}
22:46:48.949  {"type":"live","t":24644,"c":0,"r":0,"g":0,"b":0,"pta":142.0,"ptb":142.0,"sat":0,"light":"blue","gain":"16x"}
22:46:48.949  {"type":"live","t":25045,"c":0,"r":0,"g":0,"b":0,"pta":142.0,"ptb":142.0,"sat":0,"light":"blue","gain":"16x"}
22:46:48.949  {"type":"live","t":25447,"c":0,"r":0,"g":0,"b":0,"pta":142.0,"ptb":142.0,"sat":0,"light":"blue","gain":"16x"}
22:46:49.944  {"type":"live","t":25847,"c":0,"r":0,"g":0,"b":0,"pta":142.0,"ptb":142.0,"sat":0,"light":"blue","gain":"16x"}
22:46:49.944  {"type":"live","t":26249,"c":0,"r":0,"g":0,"b":0,"pta":142.0,"ptb":142.0,"sat":0,"light":"blue","gain":"16x"}
22:46:50.749  {"type":"live","t":26649,"c":0,"r":0,"g":0,"b":0,"pta":142.0,"ptb":142.0,"sat":0,"light":"blue","gain":"16x"}
22:46:50.749  {"type":"live","t":27050,"c":0,"r":0,"g":0,"b":0,"pta":142.0,"ptb":142.0,"sat":0,"light":"blue","gain":"16x"}
22:46:51.554  {"type":"live","t":27451,"c":0,"r":0,"g":0,"b":0,"pta":142.0,"ptb":142.0,"sat":0,"light":"blue","gain":"16x"}
22:46:51.554  {"type":"live","t":27852,"c":0,"r":0,"g":0,"b":0,"pta":142.0,"ptb":142.0,"sat":0,"light":"blue","gain":"16x"}
22:46:52.556  {"type":"live","t":28253,"c":0,"r":0,"g":0,"b":0,"pta":142.0,"ptb":142.0,"sat":0,"light":"blue","gain":"16x"}
22:46:52.557  {"type":"live","t":28655,"c":0,"r":0,"g":0,"b":0,"pta":142.0,"ptb":142.0,"sat":0,"light":"blue","gain":"16x"}
22:46:52.557  {"type":"live","t":29055,"c":0,"r":0,"g":0,"b":0,"pta":142.0,"ptb":142.0,"sat":0,"light":"blue","gain":"16x"}
22:46:53.553  {"type":"live","t":29457,"c":0,"r":0,"g":0,"b":0,"pta":142.0,"ptb":142.0,"sat":0,"light":"blue","gain":"16x"}
22:46:53.553  {"type":"live","t":29858,"c":0,"r":0,"g":0,"b":0,"pta":142.0,"ptb":142.6,"sat":0,"light":"blue","gain":"16x"}
22:46:54.358  {"type":"live","t":30259,"c":0,"r":0,"g":0,"b":0,"pta":142.0,"ptb":144.9,"sat":0,"light":"blue","gain":"16x"}
22:46:54.358  {"type":"live","t":30660,"c":0,"r":0,"g":0,"b":0,"pta":142.0,"ptb":154.6,"sat":0,"light":"blue","gain":"16x"}
22:46:55.163  {"type":"live","t":31061,"c":0,"r":0,"g":0,"b":0,"pta":142.0,"ptb":164.0,"sat":0,"light":"blue","gain":"16x"}
22:46:55.165  {"type":"live","t":31462,"c":0,"r":0,"g":0,"b":0,"pta":142.0,"ptb":168.0,"sat":0,"light":"blue","gain":"16x"}
22:46:56.172  {"type":"live","t":31863,"c":0,"r":0,"g":0,"b":0,"pta":142.0,"ptb":194.8,"sat":0,"light":"blue","gain":"16x"}
22:46:56.172  {"type":"live","t":32264,"c":0,"r":0,"g":0,"b":0,"pta":144.1,"ptb":219.1,"sat":0,"light":"blue","gain":"16x"}
22:46:56.173  {"type":"live","t":32665,"c":0,"r":0,"g":0,"b":0,"pta":152.0,"ptb":232.6,"sat":0,"light":"blue","gain":"16x"}
22:46:57.162  {"type":"live","t":33066,"c":0,"r":0,"g":0,"b":0,"pta":146.7,"ptb":214.1,"sat":0,"light":"blue","gain":"16x"}
22:46:57.162  {"type":"live","t":33467,"c":0,"r":0,"g":0,"b":0,"pta":142.8,"ptb":216.4,"sat":0,"light":"blue","gain":"16x"}
22:46:57.967  {"type":"live","t":33868,"c":0,"r":0,"g":0,"b":0,"pta":144.0,"ptb":200.4,"sat":0,"light":"blue","gain":"16x"}
22:46:57.967  {"type":"live","t":34269,"c":0,"r":0,"g":0,"b":0,"pta":142.0,"ptb":181.0,"sat":0,"light":"blue","gain":"16x"}
22:46:58.772  {"type":"live","t":34670,"c":0,"r":0,"g":0,"b":0,"pta":142.0,"ptb":156.1,"sat":0,"light":"blue","gain":"16x"}
22:46:58.772  {"type":"live","t":35071,"c":0,"r":0,"g":0,"b":0,"pta":142.0,"ptb":144.9,"sat":0,"light":"blue","gain":"16x"}
22:46:59.773  {"type":"live","t":35472,"c":0,"r":0,"g":0,"b":0,"pta":142.0,"ptb":142.0,"sat":0,"light":"blue","gain":"16x"}
22:46:59.773  {"type":"live","t":35873,"c":0,"r":0,"g":0,"b":0,"pta":142.0,"ptb":142.0,"sat":0,"light":"blue","gain":"16x"}
22:46:59.773  {"type":"live","t":36274,"c":0,"r":0,"g":0,"b":0,"pta":142.0,"ptb":142.0,"sat":0,"light":"blue","gain":"16x"}
22:47:00.771  {"type":"live","t":36675,"c":0,"r":0,"g":0,"b":0,"pta":142.0,"ptb":142.0,"sat":0,"light":"blue","gain":"16x"}
22:47:00.771  {"type":"live","t":37076,"c":0,"r":0,"g":0,"b":0,"pta":142.0,"ptb":142.0,"sat":0,"light":"blue","gain":"16x"}
22:47:01.576  {"type":"live","t":37477,"c":0,"r":0,"g":0,"b":0,"pta":142.0,"ptb":142.0,"sat":0,"light":"blue","gain":"16x"}
22:47:01.576  {"type":"live","t":37878,"c":0,"r":0,"g":0,"b":0,"pta":142.0,"ptb":142.0,"sat":0,"light":"blue","gain":"16x"}
22:47:02.381  {"type":"live","t":38279,"c":0,"r":0,"g":0,"b":0,"pta":142.0,"ptb":142.0,"sat":0,"light":"blue","gain":"16x"}
22:47:02.382  {"type":"live","t":38680,"c":0,"r":0,"g":0,"b":0,"pta":142.0,"ptb":142.0,"sat":0,"light":"blue","gain":"16x"}
22:47:03.385  {"type":"live","t":39081,"c":0,"r":0,"g":0,"b":0,"pta":142.0,"ptb":142.0,"sat":0,"light":"blue","gain":"16x"}
22:47:03.386  {"type":"live","t":39482,"c":0,"r":0,"g":0,"b":0,"pta":142.0,"ptb":142.0,"sat":0,"light":"blue","gain":"16x"}
22:47:03.386  {"type":"live","t":39883,"c":0,"r":0,"g":0,"b":0,"pta":142.0,"ptb":142.0,"sat":0,"light":"blue","gain":"16x"}
22:47:04.380  {"type":"live","t":40284,"c":0,"r":0,"g":0,"b":0,"pta":142.0,"ptb":142.0,"sat":0,"light":"blue","gain":"16x"}
22:47:04.380  {"type":"live","t":40685,"c":0,"r":0,"g":0,"b":0,"pta":142.0,"ptb":146.1,"sat":0,"light":"blue","gain":"16x"}
22:47:05.185  {"type":"live","t":41086,"c":0,"r":0,"g":0,"b":0,"pta":142.0,"ptb":150.1,"sat":0,"light":"blue","gain":"16x"}
22:47:05.185  {"type":"live","t":41487,"c":0,"r":0,"g":0,"b":0,"pta":142.0,"ptb":162.2,"sat":0,"light":"blue","gain":"16x"}
22:47:05.990  {"type":"live","t":41888,"c":0,"r":0,"g":0,"b":0,"pta":142.0,"ptb":175.6,"sat":0,"light":"blue","gain":"16x"}
22:47:05.990  {"type":"live","t":42289,"c":0,"r":0,"g":0,"b":0,"pta":142.0,"ptb":186.9,"sat":0,"light":"blue","gain":"16x"}
22:47:07.005  {"type":"live","t":42690,"c":0,"r":0,"g":0,"b":0,"pta":149.2,"ptb":204.9,"sat":0,"light":"blue","gain":"16x"}
22:47:07.006  {"type":"live","t":43091,"c":0,"r":0,"g":0,"b":0,"pta":150.4,"ptb":237.8,"sat":0,"light":"blue","gain":"16x"}
22:47:07.006  {"type":"live","t":43492,"c":0,"r":0,"g":0,"b":0,"pta":159.8,"ptb":250.2,"sat":0,"light":"blue","gain":"16x"}
22:47:07.989  {"type":"live","t":43893,"c":0,"r":0,"g":0,"b":0,"pta":149.7,"ptb":232.4,"sat":0,"light":"blue","gain":"16x"}
22:47:07.989  {"type":"live","t":44294,"c":0,"r":0,"g":0,"b":0,"pta":145.4,"ptb":216.2,"sat":0,"light":"blue","gain":"16x"}
22:47:08.794  {"type":"live","t":44695,"c":0,"r":0,"g":0,"b":0,"pta":144.8,"ptb":228.6,"sat":0,"light":"blue","gain":"16x"}
22:47:08.794  {"type":"live","t":45096,"c":0,"r":0,"g":0,"b":0,"pta":143.4,"ptb":198.0,"sat":0,"light":"blue","gain":"16x"}
22:47:09.599  {"type":"live","t":45497,"c":0,"r":0,"g":0,"b":0,"pta":142.0,"ptb":173.1,"sat":0,"light":"blue","gain":"16x"}
22:47:09.599  {"type":"live","t":45898,"c":0,"r":0,"g":0,"b":0,"pta":142.0,"ptb":144.8,"sat":0,"light":"blue","gain":"16x"}
22:47:10.613  {"type":"live","t":46299,"c":0,"r":0,"g":0,"b":0,"pta":142.0,"ptb":142.0,"sat":0,"light":"blue","gain":"16x"}
22:47:10.614  {"type":"live","t":46700,"c":0,"r":0,"g":0,"b":0,"pta":142.0,"ptb":142.0,"sat":0,"light":"blue","gain":"16x"}
22:47:10.614  {"type":"live","t":47101,"c":0,"r":0,"g":0,"b":0,"pta":142.0,"ptb":142.0,"sat":0,"light":"blue","gain":"16x"}
22:47:11.598  {"type":"live","t":47502,"c":0,"r":0,"g":0,"b":0,"pta":142.0,"ptb":142.0,"sat":0,"light":"blue","gain":"16x"}
22:47:11.598  {"type":"live","t":47903,"c":0,"r":0,"g":0,"b":0,"pta":142.0,"ptb":142.0,"sat":0,"light":"blue","gain":"16x"}
22:47:12.403  {"type":"live","t":48304,"c":0,"r":0,"g":0,"b":0,"pta":142.0,"ptb":142.0,"sat":0,"light":"blue","gain":"16x"}
22:47:12.403  {"type":"live","t":48705,"c":0,"r":0,"g":0,"b":0,"pta":142.0,"ptb":142.0,"sat":0,"light":"blue","gain":"16x"}
22:47:13.208  {"type":"live","t":49106,"c":0,"r":0,"g":0,"b":0,"pta":142.0,"ptb":142.0,"sat":0,"light":"blue","gain":"16x"}
22:47:13.208  {"type":"live","t":49507,"c":0,"r":0,"g":0,"b":0,"pta":142.0,"ptb":142.0,"sat":0,"light":"blue","gain":"16x"}
22:47:14.211  {"type":"live","t":49908,"c":0,"r":0,"g":0,"b":0,"pta":142.0,"ptb":142.0,"sat":0,"light":"blue","gain":"16x"}
22:47:14.211  {"type":"live","t":50309,"c":0,"r":0,"g":0,"b":0,"pta":142.0,"ptb":142.0,"sat":0,"light":"blue","gain":"16x"}
22:47:14.211  {"type":"live","t":50710,"c":0,"r":0,"g":0,"b":0,"pta":142.0,"ptb":142.1,"sat":0,"light":"blue","gain":"16x"}
22:47:15.207  {"type":"live","t":51111,"c":0,"r":0,"g":0,"b":0,"pta":142.0,"ptb":142.0,"sat":0,"light":"blue","gain":"16x"}
22:47:15.207  {"type":"live","t":51512,"c":0,"r":0,"g":0,"b":0,"pta":142.0,"ptb":142.4,"sat":0,"light":"blue","gain":"16x"}
22:47:16.012  {"type":"live","t":51913,"c":0,"r":0,"g":0,"b":0,"pta":142.0,"ptb":149.2,"sat":0,"light":"blue","gain":"16x"}
22:47:16.012  {"type":"live","t":52314,"c":0,"r":0,"g":0,"b":0,"pta":142.0,"ptb":167.4,"sat":0,"light":"blue","gain":"16x"}
22:47:16.817  {"type":"live","t":52715,"c":0,"r":0,"g":0,"b":0,"pta":142.0,"ptb":175.3,"sat":0,"light":"blue","gain":"16x"}
22:47:16.817  {"type":"live","t":53116,"c":0,"r":0,"g":0,"b":0,"pta":142.0,"ptb":179.9,"sat":0,"light":"blue","gain":"16x"}
22:47:17.830  {"type":"live","t":53517,"c":0,"r":0,"g":0,"b":0,"pta":142.0,"ptb":195.6,"sat":0,"light":"blue","gain":"16x"}
22:47:17.830  {"type":"live","t":53918,"c":0,"r":0,"g":0,"b":0,"pta":152.1,"ptb":227.2,"sat":0,"light":"blue","gain":"16x"}
22:47:17.831  {"type":"live","t":54319,"c":0,"r":0,"g":0,"b":0,"pta":162.9,"ptb":256.1,"sat":0,"light":"blue","gain":"16x"}
22:47:18.816  {"type":"live","t":54720,"c":0,"r":0,"g":0,"b":0,"pta":155.4,"ptb":249.1,"sat":0,"light":"blue","gain":"16x"}
22:47:18.816  {"type":"live","t":55121,"c":0,"r":0,"g":0,"b":0,"pta":147.2,"ptb":227.9,"sat":0,"light":"blue","gain":"16x"}
22:47:19.621  {"type":"live","t":55522,"c":0,"r":0,"g":0,"b":0,"pta":147.7,"ptb":224.6,"sat":0,"light":"blue","gain":"16x"}
22:47:19.621  {"type":"live","t":55923,"c":0,"r":0,"g":0,"b":0,"pta":147.5,"ptb":201.7,"sat":0,"light":"blue","gain":"16x"}
22:47:20.426  {"type":"live","t":56324,"c":0,"r":0,"g":0,"b":0,"pta":142.0,"ptb":181.2,"sat":0,"light":"blue","gain":"16x"}
22:47:20.426  {"type":"live","t":56725,"c":0,"r":0,"g":0,"b":0,"pta":142.0,"ptb":153.6,"sat":0,"light":"blue","gain":"16x"}
22:47:21.433  {"type":"live","t":57126,"c":0,"r":0,"g":0,"b":0,"pta":142.0,"ptb":142.2,"sat":0,"light":"blue","gain":"16x"}
22:47:21.434  {"type":"live","t":57527,"c":0,"r":0,"g":0,"b":0,"pta":142.0,"ptb":142.0,"sat":0,"light":"blue","gain":"16x"}
22:47:21.434  {"type":"live","t":57928,"c":0,"r":0,"g":0,"b":0,"pta":142.0,"ptb":142.0,"sat":0,"light":"blue","gain":"16x"}
22:47:22.425  {"type":"live","t":58329,"c":0,"r":0,"g":0,"b":0,"pta":142.0,"ptb":142.0,"sat":0,"light":"blue","gain":"16x"}
22:47:22.425  {"type":"live","t":58730,"c":0,"r":0,"g":0,"b":0,"pta":142.0,"ptb":142.0,"sat":0,"light":"blue","gain":"16x"}
22:47:23.230  {"type":"live","t":59131,"c":0,"r":0,"g":0,"b":0,"pta":142.0,"ptb":142.0,"sat":0,"light":"blue","gain":"16x"}
22:47:23.230  {"type":"live","t":59532,"c":0,"r":0,"g":0,"b":0,"pta":142.0,"ptb":142.0,"sat":0,"light":"blue","gain":"16x"}
22:47:24.035  {"type":"live","t":59933,"c":0,"r":0,"g":0,"b":0,"pta":142.0,"ptb":142.0,"sat":0,"light":"blue","gain":"16x"}
22:47:24.035  {"type":"live","t":60334,"c":0,"r":0,"g":0,"b":0,"pta":142.0,"ptb":142.0,"sat":0,"light":"blue","gain":"16x"}
22:47:25.036  {"type":"live","t":60735,"c":0,"r":0,"g":0,"b":0,"pta":142.0,"ptb":142.0,"sat":0,"light":"blue","gain":"16x"}
22:47:25.037  {"type":"live","t":61136,"c":0,"r":0,"g":0,"b":0,"pta":142.0,"ptb":142.0,"sat":0,"light":"blue","gain":"16x"}
22:47:25.037  {"type":"live","t":61537,"c":0,"r":0,"g":0,"b":0,"pta":142.0,"ptb":142.0,"sat":0,"light":"blue","gain":"16x"}
22:47:26.034  {"type":"live","t":61938,"c":0,"r":0,"g":0,"b":0,"pta":142.0,"ptb":142.0,"sat":0,"light":"blue","gain":"16x"}
22:47:26.034  {"type":"live","t":62339,"c":0,"r":0,"g":0,"b":0,"pta":142.0,"ptb":142.0,"sat":0,"light":"blue","gain":"16x"}
22:47:26.839  {"type":"live","t":62740,"c":0,"r":0,"g":0,"b":0,"pta":142.0,"ptb":145.6,"sat":0,"light":"blue","gain":"16x"}
22:47:26.839  {"type":"live","t":63141,"c":0,"r":0,"g":0,"b":0,"pta":142.0,"ptb":160.1,"sat":0,"light":"blue","gain":"16x"}
22:47:27.644  {"type":"live","t":63542,"c":0,"r":0,"g":0,"b":0,"pta":142.0,"ptb":167.8,"sat":0,"light":"blue","gain":"16x"}
22:47:27.644  {"type":"live","t":63943,"c":0,"r":0,"g":0,"b":0,"pta":142.0,"ptb":177.0,"sat":0,"light":"blue","gain":"16x"}
22:47:28.659  {"type":"live","t":64344,"c":0,"r":0,"g":0,"b":0,"pta":142.0,"ptb":196.1,"sat":0,"light":"blue","gain":"16x"}
22:47:28.660  {"type":"live","t":64745,"c":0,"r":0,"g":0,"b":0,"pta":145.1,"ptb":228.4,"sat":0,"light":"blue","gain":"16x"}
22:47:28.660  {"type":"live","t":65146,"c":0,"r":0,"g":0,"b":0,"pta":162.7,"ptb":252.1,"sat":0,"light":"blue","gain":"16x"}
22:47:29.643  {"type":"live","t":65547,"c":0,"r":0,"g":0,"b":0,"pta":156.6,"ptb":233.3,"sat":0,"light":"blue","gain":"16x"}
22:47:29.643  {"type":"live","t":65948,"c":0,"r":0,"g":0,"b":0,"pta":146.2,"ptb":226.6,"sat":0,"light":"blue","gain":"16x"}
22:47:30.448  {"type":"live","t":66349,"c":0,"r":0,"g":0,"b":0,"pta":142.9,"ptb":206.7,"sat":0,"light":"blue","gain":"16x"}
22:47:30.448  {"type":"live","t":66750,"c":0,"r":0,"g":0,"b":0,"pta":142.0,"ptb":173.8,"sat":0,"light":"blue","gain":"16x"}
22:47:31.253  {"type":"live","t":67151,"c":0,"r":0,"g":0,"b":0,"pta":142.0,"ptb":147.9,"sat":0,"light":"blue","gain":"16x"}
22:47:31.253  {"type":"live","t":67552,"c":0,"r":0,"g":0,"b":0,"pta":142.0,"ptb":142.0,"sat":0,"light":"blue","gain":"16x"}
22:47:32.259  {"type":"live","t":67953,"c":0,"r":0,"g":0,"b":0,"pta":142.0,"ptb":142.0,"sat":0,"light":"blue","gain":"16x"}
22:47:32.260  {"type":"live","t":68354,"c":0,"r":0,"g":0,"b":0,"pta":142.0,"ptb":142.0,"sat":0,"light":"blue","gain":"16x"}
22:47:32.260  {"type":"live","t":68755,"c":0,"r":0,"g":0,"b":0,"pta":142.0,"ptb":142.0,"sat":0,"light":"blue","gain":"16x"}
22:47:33.251  {"type":"live","t":69156,"c":0,"r":0,"g":0,"b":0,"pta":142.0,"ptb":142.0,"sat":0,"light":"blue","gain":"16x"}
22:47:33.251  {"type":"live","t":69557,"c":0,"r":0,"g":0,"b":0,"pta":142.0,"ptb":142.0,"sat":0,"light":"blue","gain":"16x"}
22:47:34.057  {"type":"live","t":69958,"c":0,"r":0,"g":0,"b":0,"pta":142.0,"ptb":142.0,"sat":0,"light":"blue","gain":"16x"}
22:47:34.057  {"type":"live","t":70359,"c":0,"r":0,"g":0,"b":0,"pta":142.0,"ptb":142.0,"sat":0,"light":"blue","gain":"16x"}
22:47:34.862  {"type":"live","t":70760,"c":0,"r":0,"g":0,"b":0,"pta":142.0,"ptb":142.0,"sat":0,"light":"blue","gain":"16x"}
22:47:34.862  {"type":"live","t":71161,"c":0,"r":0,"g":0,"b":0,"pta":142.0,"ptb":142.4,"sat":0,"light":"blue","gain":"16x"}
22:47:35.864  {"type":"live","t":71562,"c":0,"r":0,"g":0,"b":0,"pta":142.0,"ptb":142.0,"sat":0,"light":"blue","gain":"16x"}
22:47:35.865  {"type":"live","t":71963,"c":0,"r":0,"g":0,"b":0,"pta":142.0,"ptb":142.0,"sat":0,"light":"blue","gain":"16x"}
22:47:35.865  {"type":"live","t":72364,"c":0,"r":0,"g":0,"b":0,"pta":142.0,"ptb":142.4,"sat":0,"light":"blue","gain":"16x"}
22:47:36.860  {"type":"live","t":72765,"c":0,"r":0,"g":0,"b":0,"pta":142.0,"ptb":150.6,"sat":0,"light":"blue","gain":"16x"}
22:47:36.860  {"type":"live","t":73166,"c":0,"r":0,"g":0,"b":0,"pta":142.0,"ptb":165.6,"sat":0,"light":"blue","gain":"16x"}
22:47:37.666  {"type":"live","t":73567,"c":0,"r":0,"g":0,"b":0,"pta":142.0,"ptb":174.3,"sat":0,"light":"blue","gain":"16x"}
22:47:37.666  {"type":"live","t":73968,"c":0,"r":0,"g":0,"b":0,"pta":142.0,"ptb":184.2,"sat":0,"light":"blue","gain":"16x"}
22:47:38.471  {"type":"live","t":74369,"c":0,"r":0,"g":0,"b":0,"pta":145.6,"ptb":226.8,"sat":0,"light":"blue","gain":"16x"}
22:47:38.471  {"type":"live","t":74770,"c":0,"r":0,"g":0,"b":0,"pta":161.9,"ptb":248.6,"sat":0,"light":"blue","gain":"16x"}
22:47:39.474  {"type":"live","t":75171,"c":0,"r":0,"g":0,"b":0,"pta":150.7,"ptb":228.6,"sat":0,"light":"blue","gain":"16x"}
22:47:39.474  {"type":"live","t":75572,"c":0,"r":0,"g":0,"b":0,"pta":147.4,"ptb":229.0,"sat":0,"light":"blue","gain":"16x"}
22:47:39.474  {"type":"live","t":75973,"c":0,"r":0,"g":0,"b":0,"pta":149.3,"ptb":210.1,"sat":0,"light":"blue","gain":"16x"}
22:47:40.469  {"type":"live","t":76374,"c":0,"r":0,"g":0,"b":0,"pta":142.1,"ptb":185.4,"sat":0,"light":"blue","gain":"16x"}
22:47:40.469  {"type":"live","t":76775,"c":0,"r":0,"g":0,"b":0,"pta":142.0,"ptb":149.1,"sat":0,"light":"blue","gain":"16x"}
22:47:41.274  {"type":"live","t":77176,"c":0,"r":0,"g":0,"b":0,"pta":142.0,"ptb":143.0,"sat":0,"light":"blue","gain":"16x"}
22:47:41.274  {"type":"live","t":77577,"c":0,"r":0,"g":0,"b":0,"pta":142.0,"ptb":142.0,"sat":0,"light":"blue","gain":"16x"}
22:47:42.080  {"type":"live","t":77978,"c":0,"r":0,"g":0,"b":0,"pta":142.0,"ptb":142.0,"sat":0,"light":"blue","gain":"16x"}
22:47:42.080  {"type":"live","t":78379,"c":0,"r":0,"g":0,"b":0,"pta":142.0,"ptb":142.0,"sat":0,"light":"blue","gain":"16x"}
22:47:43.095  {"type":"live","t":78780,"c":0,"r":0,"g":0,"b":0,"pta":142.0,"ptb":142.0,"sat":0,"light":"blue","gain":"16x"}
22:47:43.095  {"type":"live","t":79181,"c":0,"r":0,"g":0,"b":0,"pta":142.0,"ptb":142.0,"sat":0,"light":"blue","gain":"16x"}
22:47:43.096  {"type":"live","t":79582,"c":0,"r":0,"g":0,"b":0,"pta":142.0,"ptb":144.0,"sat":0,"light":"blue","gain":"16x"}
22:47:44.078  {"type":"live","t":79983,"c":0,"r":0,"g":0,"b":0,"pta":142.0,"ptb":142.0,"sat":0,"light":"blue","gain":"16x"}
22:47:44.078  {"type":"live","t":80384,"c":0,"r":0,"g":0,"b":0,"pta":142.0,"ptb":142.0,"sat":0,"light":"blue","gain":"16x"}
22:47:44.883  {"type":"live","t":80785,"c":0,"r":0,"g":0,"b":0,"pta":142.0,"ptb":142.0,"sat":0,"light":"blue","gain":"16x"}
22:47:44.883  {"type":"live","t":81186,"c":0,"r":0,"g":0,"b":0,"pta":142.0,"ptb":142.0,"sat":0,"light":"blue","gain":"16x"}
22:47:45.689  {"type":"live","t":81587,"c":0,"r":0,"g":0,"b":0,"pta":142.0,"ptb":143.3,"sat":0,"light":"blue","gain":"16x"}
22:47:45.689  {"type":"live","t":81988,"c":0,"r":0,"g":0,"b":0,"pta":142.0,"ptb":150.7,"sat":0,"light":"blue","gain":"16x"}
22:47:46.694  {"type":"live","t":82389,"c":0,"r":0,"g":0,"b":0,"pta":142.0,"ptb":171.1,"sat":0,"light":"blue","gain":"16x"}
22:47:46.695  {"type":"live","t":82790,"c":0,"r":0,"g":0,"b":0,"pta":142.0,"ptb":180.1,"sat":0,"light":"blue","gain":"16x"}
22:47:46.695  {"type":"live","t":83191,"c":0,"r":0,"g":0,"b":0,"pta":142.0,"ptb":193.9,"sat":0,"light":"blue","gain":"16x"}
22:47:47.687  {"type":"live","t":83592,"c":0,"r":0,"g":0,"b":0,"pta":148.0,"ptb":235.8,"sat":0,"light":"blue","gain":"16x"}
22:47:47.687  {"type":"live","t":83993,"c":0,"r":0,"g":0,"b":0,"pta":170.2,"ptb":257.6,"sat":0,"light":"blue","gain":"16x"}
22:47:48.492  {"type":"live","t":84394,"c":0,"r":0,"g":0,"b":0,"pta":153.8,"ptb":226.6,"sat":0,"light":"blue","gain":"16x"}
22:47:48.492  {"type":"live","t":84795,"c":0,"r":0,"g":0,"b":0,"pta":147.6,"ptb":228.4,"sat":0,"light":"blue","gain":"16x"}
22:47:49.297  {"type":"live","t":85196,"c":0,"r":0,"g":0,"b":0,"pta":148.1,"ptb":205.3,"sat":0,"light":"blue","gain":"16x"}
22:47:49.297  {"type":"live","t":85597,"c":0,"r":0,"g":0,"b":0,"pta":142.0,"ptb":163.8,"sat":0,"light":"blue","gain":"16x"}
22:47:50.307  {"type":"live","t":85998,"c":0,"r":0,"g":0,"b":0,"pta":142.0,"ptb":143.1,"sat":0,"light":"blue","gain":"16x"}
22:47:50.308  {"type":"live","t":86399,"c":0,"r":0,"g":0,"b":0,"pta":142.0,"ptb":142.0,"sat":0,"light":"blue","gain":"16x"}
22:47:50.308  {"type":"live","t":86800,"c":0,"r":0,"g":0,"b":0,"pta":142.0,"ptb":142.0,"sat":0,"light":"blue","gain":"16x"}
22:47:51.296  {"type":"live","t":87201,"c":0,"r":0,"g":0,"b":0,"pta":142.0,"ptb":142.0,"sat":0,"light":"blue","gain":"16x"}
22:47:51.296  {"type":"live","t":87602,"c":0,"r":0,"g":0,"b":0,"pta":142.0,"ptb":142.0,"sat":0,"light":"blue","gain":"16x"}
22:47:52.101  {"type":"live","t":88003,"c":0,"r":0,"g":0,"b":0,"pta":142.0,"ptb":142.0,"sat":0,"light":"blue","gain":"16x"}
22:47:52.101  {"type":"live","t":88404,"c":0,"r":0,"g":0,"b":0,"pta":142.0,"ptb":142.0,"sat":0,"light":"blue","gain":"16x"}
22:47:52.906  {"type":"live","t":88805,"c":0,"r":0,"g":0,"b":0,"pta":142.0,"ptb":142.0,"sat":0,"light":"blue","gain":"16x"}
22:47:52.907  {"type":"live","t":89206,"c":0,"r":0,"g":0,"b":0,"pta":142.0,"ptb":142.0,"sat":0,"light":"blue","gain":"16x"}
22:47:53.912  {"type":"live","t":89607,"c":0,"r":0,"g":0,"b":0,"pta":142.0,"ptb":142.0,"sat":0,"light":"blue","gain":"16x"}
22:47:53.913  {"type":"live","t":90008,"c":0,"r":0,"g":0,"b":0,"pta":142.0,"ptb":142.0,"sat":0,"light":"blue","gain":"16x"}
22:47:53.913  {"type":"live","t":90409,"c":0,"r":0,"g":0,"b":0,"pta":142.0,"ptb":146.4,"sat":0,"light":"blue","gain":"16x"}
22:47:54.905  {"type":"live","t":90810,"c":0,"r":0,"g":0,"b":0,"pta":142.0,"ptb":164.1,"sat":0,"light":"blue","gain":"16x"}
22:47:54.905  {"type":"live","t":91211,"c":0,"r":0,"g":0,"b":0,"pta":142.0,"ptb":179.1,"sat":0,"light":"blue","gain":"16x"}
22:47:55.710  {"type":"live","t":91612,"c":0,"r":0,"g":0,"b":0,"pta":142.0,"ptb":188.9,"sat":0,"light":"blue","gain":"16x"}
22:47:55.710  {"type":"live","t":92013,"c":0,"r":0,"g":0,"b":0,"pta":145.1,"ptb":230.5,"sat":0,"light":"blue","gain":"16x"}
22:47:56.515  {"type":"live","t":92414,"c":0,"r":0,"g":0,"b":0,"pta":168.8,"ptb":262.2,"sat":0,"light":"blue","gain":"16x"}
22:47:56.515  {"type":"live","t":92815,"c":0,"r":0,"g":0,"b":0,"pta":155.5,"ptb":244.8,"sat":0,"light":"blue","gain":"16x"}
22:47:57.528  {"type":"live","t":93216,"c":0,"r":0,"g":0,"b":0,"pta":149.1,"ptb":240.4,"sat":0,"light":"blue","gain":"16x"}
22:47:57.528  {"type":"live","t":93617,"c":0,"r":0,"g":0,"b":0,"pta":148.6,"ptb":212.5,"sat":0,"light":"blue","gain":"16x"}
22:47:57.528  {"type":"live","t":94018,"c":0,"r":0,"g":0,"b":0,"pta":142.0,"ptb":174.4,"sat":0,"light":"blue","gain":"16x"}
22:47:58.514  {"type":"live","t":94419,"c":0,"r":0,"g":0,"b":0,"pta":142.0,"ptb":143.2,"sat":0,"light":"blue","gain":"16x"}
22:47:58.514  {"type":"live","t":94820,"c":0,"r":0,"g":0,"b":0,"pta":142.0,"ptb":142.0,"sat":0,"light":"blue","gain":"16x"}
22:47:59.319  {"type":"live","t":95221,"c":0,"r":0,"g":0,"b":0,"pta":142.0,"ptb":142.0,"sat":0,"light":"blue","gain":"16x"}
22:47:59.319  {"type":"live","t":95622,"c":0,"r":0,"g":0,"b":0,"pta":142.0,"ptb":142.0,"sat":0,"light":"blue","gain":"16x"}
22:48:00.124  {"type":"live","t":96023,"c":0,"r":0,"g":0,"b":0,"pta":142.0,"ptb":142.0,"sat":0,"light":"blue","gain":"16x"}
22:48:00.124  {"type":"live","t":96424,"c":0,"r":0,"g":0,"b":0,"pta":142.0,"ptb":142.0,"sat":0,"light":"blue","gain":"16x"}
22:48:01.139  {"type":"live","t":96825,"c":0,"r":0,"g":0,"b":0,"pta":142.0,"ptb":142.0,"sat":0,"light":"blue","gain":"16x"}
22:48:01.140  {"type":"live","t":97226,"c":0,"r":0,"g":0,"b":0,"pta":142.0,"ptb":142.0,"sat":0,"light":"blue","gain":"16x"}
22:48:01.140  {"type":"live","t":97627,"c":0,"r":0,"g":0,"b":0,"pta":142.0,"ptb":142.0,"sat":0,"light":"blue","gain":"16x"}
22:48:02.123  {"type":"live","t":98028,"c":0,"r":0,"g":0,"b":0,"pta":142.0,"ptb":142.0,"sat":0,"light":"blue","gain":"16x"}
22:48:02.123  {"type":"live","t":98429,"c":0,"r":0,"g":0,"b":0,"pta":142.0,"ptb":142.0,"sat":0,"light":"blue","gain":"16x"}
22:48:02.928  {"type":"live","t":98830,"c":0,"r":0,"g":0,"b":0,"pta":142.0,"ptb":145.0,"sat":0,"light":"blue","gain":"16x"}
22:48:02.928  {"type":"live","t":99231,"c":0,"r":0,"g":0,"b":0,"pta":142.0,"ptb":158.9,"sat":0,"light":"blue","gain":"16x"}
22:48:03.733  {"type":"live","t":99632,"c":0,"r":0,"g":0,"b":0,"pta":142.0,"ptb":174.2,"sat":0,"light":"blue","gain":"16x"}
22:48:03.733  {"type":"live","t":100033,"c":0,"r":0,"g":0,"b":0,"pta":142.0,"ptb":191.2,"sat":0,"light":"blue","gain":"16x"}
22:48:04.749  {"type":"live","t":100434,"c":0,"r":0,"g":0,"b":0,"pta":144.6,"ptb":216.3,"sat":0,"light":"blue","gain":"16x"}
22:48:04.750  {"type":"live","t":100835,"c":0,"r":0,"g":0,"b":0,"pta":166.5,"ptb":264.8,"sat":0,"light":"blue","gain":"16x"}
22:48:04.750  {"type":"live","t":101236,"c":0,"r":0,"g":0,"b":0,"pta":158.2,"ptb":242.1,"sat":0,"light":"blue","gain":"16x"}
22:48:05.732  {"type":"live","t":101637,"c":0,"r":0,"g":0,"b":0,"pta":150.7,"ptb":234.4,"sat":0,"light":"blue","gain":"16x"}
22:48:05.732  {"type":"live","t":102038,"c":0,"r":0,"g":0,"b":0,"pta":146.6,"ptb":218.2,"sat":0,"light":"blue","gain":"16x"}
22:48:06.537  {"type":"live","t":102439,"c":0,"r":0,"g":0,"b":0,"pta":143.1,"ptb":181.3,"sat":0,"light":"blue","gain":"16x"}
22:48:06.537  {"type":"live","t":102840,"c":0,"r":0,"g":0,"b":0,"pta":142.0,"ptb":151.5,"sat":0,"light":"blue","gain":"16x"}
22:48:07.342  {"type":"live","t":103241,"c":0,"r":0,"g":0,"b":0,"pta":142.0,"ptb":142.0,"sat":0,"light":"blue","gain":"16x"}
22:48:07.342  {"type":"live","t":103642,"c":0,"r":0,"g":0,"b":0,"pta":142.0,"ptb":142.0,"sat":0,"light":"blue","gain":"16x"}
22:48:08.343  {"type":"live","t":104043,"c":0,"r":0,"g":0,"b":0,"pta":142.0,"ptb":142.0,"sat":0,"light":"blue","gain":"16x"}
22:48:08.344  {"type":"live","t":104444,"c":0,"r":0,"g":0,"b":0,"pta":142.0,"ptb":142.0,"sat":0,"light":"blue","gain":"16x"}
22:48:08.344  {"type":"live","t":104845,"c":0,"r":0,"g":0,"b":0,"pta":142.0,"ptb":142.0,"sat":0,"light":"blue","gain":"16x"}
22:48:09.341  {"type":"live","t":105246,"c":0,"r":0,"g":0,"b":0,"pta":142.0,"ptb":142.0,"sat":0,"light":"blue","gain":"16x"}
22:48:09.341  {"type":"live","t":105647,"c":0,"r":0,"g":0,"b":0,"pta":142.0,"ptb":142.0,"sat":0,"light":"blue","gain":"16x"}
22:48:10.146  {"type":"live","t":106048,"c":0,"r":0,"g":0,"b":0,"pta":142.0,"ptb":142.0,"sat":0,"light":"blue","gain":"16x"}
22:48:10.146  {"type":"live","t":106449,"c":0,"r":0,"g":0,"b":0,"pta":142.0,"ptb":142.0,"sat":0,"light":"blue","gain":"16x"}
22:48:10.951  {"type":"live","t":106850,"c":0,"r":0,"g":0,"b":0,"pta":142.0,"ptb":142.1,"sat":0,"light":"blue","gain":"16x"}
22:48:10.951  {"type":"live","t":107251,"c":0,"r":0,"g":0,"b":0,"pta":142.0,"ptb":142.0,"sat":0,"light":"blue","gain":"16x"}
22:48:11.953  {"type":"live","t":107652,"c":0,"r":0,"g":0,"b":0,"pta":142.0,"ptb":146.8,"sat":0,"light":"blue","gain":"16x"}
22:48:11.953  {"type":"live","t":108053,"c":0,"r":0,"g":0,"b":0,"pta":142.0,"ptb":165.5,"sat":0,"light":"blue","gain":"16x"}
22:48:11.954  {"type":"live","t":108454,"c":0,"r":0,"g":0,"b":0,"pta":142.0,"ptb":181.4,"sat":0,"light":"blue","gain":"16x"}
22:48:12.950  {"type":"live","t":108855,"c":0,"r":0,"g":0,"b":0,"pta":142.0,"ptb":189.6,"sat":0,"light":"blue","gain":"16x"}
22:48:12.950  {"type":"live","t":109256,"c":0,"r":0,"g":0,"b":0,"pta":144.7,"ptb":223.1,"sat":0,"light":"blue","gain":"16x"}
22:48:13.755  {"type":"live","t":109657,"c":0,"r":0,"g":0,"b":0,"pta":165.4,"ptb":269.2,"sat":0,"light":"blue","gain":"16x"}
22:48:13.755  {"type":"live","t":110058,"c":0,"r":0,"g":0,"b":0,"pta":158.0,"ptb":248.4,"sat":0,"light":"blue","gain":"16x"}
22:48:14.560  {"type":"live","t":110459,"c":0,"r":0,"g":0,"b":0,"pta":155.7,"ptb":245.7,"sat":0,"light":"blue","gain":"16x"}
22:48:14.560  {"type":"live","t":110860,"c":0,"r":0,"g":0,"b":0,"pta":146.8,"ptb":222.0,"sat":0,"light":"blue","gain":"16x"}
22:48:15.567  {"type":"live","t":111261,"c":0,"r":0,"g":0,"b":0,"pta":142.8,"ptb":187.6,"sat":0,"light":"blue","gain":"16x"}
22:48:15.567  {"type":"live","t":111662,"c":0,"r":0,"g":0,"b":0,"pta":142.0,"ptb":147.8,"sat":0,"light":"blue","gain":"16x"}
22:48:15.568  {"type":"live","t":112063,"c":0,"r":0,"g":0,"b":0,"pta":142.0,"ptb":142.0,"sat":0,"light":"blue","gain":"16x"}
22:48:16.559  {"type":"live","t":112464,"c":0,"r":0,"g":0,"b":0,"pta":142.0,"ptb":142.0,"sat":0,"light":"blue","gain":"16x"}
22:48:16.559  {"type":"live","t":112865,"c":0,"r":0,"g":0,"b":0,"pta":142.0,"ptb":142.0,"sat":0,"light":"blue","gain":"16x"}
22:48:17.364  {"type":"live","t":113266,"c":0,"r":0,"g":0,"b":0,"pta":142.0,"ptb":142.0,"sat":0,"light":"blue","gain":"16x"}
22:48:17.365  {"type":"live","t":113667,"c":0,"r":0,"g":0,"b":0,"pta":142.0,"ptb":142.0,"sat":0,"light":"blue","gain":"16x"}
22:48:18.168  {"type":"live","t":114068,"c":0,"r":0,"g":0,"b":0,"pta":142.0,"ptb":142.0,"sat":0,"light":"blue","gain":"16x"}
22:48:18.168  {"type":"live","t":114469,"c":0,"r":0,"g":0,"b":0,"pta":142.0,"ptb":142.0,"sat":0,"light":"blue","gain":"16x"}
22:48:19.169  {"type":"live","t":114870,"c":0,"r":0,"g":0,"b":0,"pta":142.0,"ptb":142.0,"sat":0,"light":"blue","gain":"16x"}
22:48:19.170  {"type":"live","t":115271,"c":0,"r":0,"g":0,"b":0,"pta":142.0,"ptb":142.0,"sat":0,"light":"blue","gain":"16x"}
22:48:19.171  {"type":"live","t":115672,"c":0,"r":0,"g":0,"b":0,"pta":142.0,"ptb":142.0,"sat":0,"light":"blue","gain":"16x"}
22:48:20.168  {"type":"live","t":116073,"c":0,"r":0,"g":0,"b":0,"pta":142.0,"ptb":142.4,"sat":0,"light":"blue","gain":"16x"}
22:48:20.168  {"type":"live","t":116474,"c":0,"r":0,"g":0,"b":0,"pta":142.0,"ptb":150.2,"sat":0,"light":"blue","gain":"16x"}
22:48:20.973  {"type":"live","t":116875,"c":0,"r":0,"g":0,"b":0,"pta":142.0,"ptb":171.7,"sat":0,"light":"blue","gain":"16x"}
22:48:20.973  {"type":"live","t":117276,"c":0,"r":0,"g":0,"b":0,"pta":142.0,"ptb":183.1,"sat":0,"light":"blue","gain":"16x"}
22:48:21.777  {"type":"live","t":117677,"c":0,"r":0,"g":0,"b":0,"pta":142.0,"ptb":210.2,"sat":0,"light":"blue","gain":"16x"}
22:48:21.777  {"type":"live","t":118078,"c":0,"r":0,"g":0,"b":0,"pta":151.2,"ptb":240.1,"sat":0,"light":"blue","gain":"16x"}
22:48:22.790  {"type":"live","t":118479,"c":0,"r":0,"g":0,"b":0,"pta":161.6,"ptb":250.2,"sat":0,"light":"blue","gain":"16x"}
22:48:22.790  {"type":"live","t":118880,"c":0,"r":0,"g":0,"b":0,"pta":147.2,"ptb":233.3,"sat":0,"light":"blue","gain":"16x"}
22:48:22.790  {"type":"live","t":119281,"c":0,"r":0,"g":0,"b":0,"pta":152.0,"ptb":228.2,"sat":0,"light":"blue","gain":"16x"}
22:48:23.776  {"type":"live","t":119682,"c":0,"r":0,"g":0,"b":0,"pta":143.1,"ptb":199.8,"sat":0,"light":"blue","gain":"16x"}
22:48:23.776  {"type":"live","t":120083,"c":0,"r":0,"g":0,"b":0,"pta":142.0,"ptb":157.4,"sat":0,"light":"blue","gain":"16x"}
22:48:24.581  {"type":"live","t":120484,"c":0,"r":0,"g":0,"b":0,"pta":142.0,"ptb":142.0,"sat":0,"light":"blue","gain":"16x"}
22:48:24.581  {"type":"live","t":120885,"c":0,"r":0,"g":0,"b":0,"pta":142.0,"ptb":142.0,"sat":0,"light":"blue","gain":"16x"}
22:48:25.386  {"type":"live","t":121286,"c":0,"r":0,"g":0,"b":0,"pta":142.0,"ptb":142.0,"sat":0,"light":"blue","gain":"16x"}
22:48:25.386  {"type":"live","t":121687,"c":0,"r":0,"g":0,"b":0,"pta":142.0,"ptb":142.0,"sat":0,"light":"blue","gain":"16x"}
22:48:26.401  {"type":"live","t":122088,"c":0,"r":0,"g":0,"b":0,"pta":142.0,"ptb":142.0,"sat":0,"light":"blue","gain":"16x"}
22:48:26.401  {"type":"live","t":122489,"c":0,"r":0,"g":0,"b":0,"pta":142.0,"ptb":142.0,"sat":0,"light":"blue","gain":"16x"}
22:48:26.402  {"type":"live","t":122890,"c":0,"r":0,"g":0,"b":0,"pta":142.0,"ptb":142.0,"sat":0,"light":"blue","gain":"16x"}
22:48:27.385  {"type":"live","t":123291,"c":0,"r":0,"g":0,"b":0,"pta":142.0,"ptb":142.0,"sat":0,"light":"blue","gain":"16x"}
22:48:27.385  {"type":"live","t":123692,"c":0,"r":0,"g":0,"b":0,"pta":142.0,"ptb":142.0,"sat":0,"light":"blue","gain":"16x"}
22:48:28.190  {"type":"live","t":124093,"c":0,"r":0,"g":0,"b":0,"pta":142.0,"ptb":142.0,"sat":0,"light":"blue","gain":"16x"}
22:48:28.190  {"type":"live","t":124494,"c":0,"r":0,"g":0,"b":0,"pta":142.0,"ptb":142.0,"sat":0,"light":"blue","gain":"16x"}
22:48:28.995  {"type":"live","t":124895,"c":0,"r":0,"g":0,"b":0,"pta":142.0,"ptb":146.5,"sat":0,"light":"blue","gain":"16x"}
22:48:28.995  {"type":"live","t":125296,"c":0,"r":0,"g":0,"b":0,"pta":142.0,"ptb":163.3,"sat":0,"light":"blue","gain":"16x"}
22:48:30.006  {"type":"live","t":125697,"c":0,"r":0,"g":0,"b":0,"pta":142.0,"ptb":178.4,"sat":0,"light":"blue","gain":"16x"}
22:48:30.006  {"type":"live","t":126098,"c":0,"r":0,"g":0,"b":0,"pta":142.0,"ptb":195.6,"sat":0,"light":"blue","gain":"16x"}
22:48:30.007  {"type":"live","t":126499,"c":0,"r":0,"g":0,"b":0,"pta":146.0,"ptb":231.3,"sat":0,"light":"blue","gain":"16x"}
22:48:30.994  {"type":"live","t":126900,"c":0,"r":0,"g":0,"b":0,"pta":162.8,"ptb":252.2,"sat":0,"light":"blue","gain":"16x"}
22:48:30.994  {"type":"live","t":127301,"c":0,"r":0,"g":0,"b":0,"pta":155.6,"ptb":234.9,"sat":0,"light":"blue","gain":"16x"}
22:48:31.799  {"type":"live","t":127702,"c":0,"r":0,"g":0,"b":0,"pta":155.9,"ptb":227.2,"sat":0,"light":"blue","gain":"16x"}
22:48:31.799  {"type":"live","t":128103,"c":0,"r":0,"g":0,"b":0,"pta":144.6,"ptb":208.4,"sat":0,"light":"blue","gain":"16x"}
22:48:32.604  {"type":"live","t":128504,"c":0,"r":0,"g":0,"b":0,"pta":142.0,"ptb":169.1,"sat":0,"light":"blue","gain":"16x"}
22:48:32.604  {"type":"live","t":128905,"c":0,"r":0,"g":0,"b":0,"pta":142.6,"ptb":144.3,"sat":0,"light":"blue","gain":"16x"}
22:48:33.618  {"type":"live","t":129306,"c":0,"r":0,"g":0,"b":0,"pta":142.0,"ptb":142.0,"sat":0,"light":"blue","gain":"16x"}
22:48:33.618  {"type":"live","t":129707,"c":0,"r":0,"g":0,"b":0,"pta":142.0,"ptb":142.0,"sat":0,"light":"blue","gain":"16x"}
22:48:33.618  {"type":"live","t":130108,"c":0,"r":0,"g":0,"b":0,"pta":142.0,"ptb":142.0,"sat":0,"light":"blue","gain":"16x"}
22:48:34.603  {"type":"live","t":130509,"c":0,"r":0,"g":0,"b":0,"pta":142.0,"ptb":142.0,"sat":0,"light":"blue","gain":"16x"}
22:48:34.603  {"type":"live","t":130910,"c":0,"r":0,"g":0,"b":0,"pta":142.0,"ptb":142.0,"sat":0,"light":"blue","gain":"16x"}
22:48:35.408  {"type":"live","t":131311,"c":0,"r":0,"g":0,"b":0,"pta":142.0,"ptb":142.0,"sat":0,"light":"blue","gain":"16x"}
22:48:35.408  {"type":"live","t":131712,"c":0,"r":0,"g":0,"b":0,"pta":142.0,"ptb":142.0,"sat":0,"light":"blue","gain":"16x"}
22:48:36.213  {"type":"live","t":132113,"c":0,"r":0,"g":0,"b":0,"pta":142.0,"ptb":142.0,"sat":0,"light":"blue","gain":"16x"}
22:48:36.213  {"type":"live","t":132514,"c":0,"r":0,"g":0,"b":0,"pta":142.0,"ptb":142.0,"sat":0,"light":"blue","gain":"16x"}
22:48:37.229  {"type":"live","t":132915,"c":0,"r":0,"g":0,"b":0,"pta":142.0,"ptb":142.0,"sat":0,"light":"blue","gain":"16x"}
22:48:37.229  {"type":"live","t":133316,"c":0,"r":0,"g":0,"b":0,"pta":142.0,"ptb":142.0,"sat":0,"light":"blue","gain":"16x"}
22:48:37.229  {"type":"live","t":133717,"c":0,"r":0,"g":0,"b":0,"pta":142.0,"ptb":144.9,"sat":0,"light":"blue","gain":"16x"}
22:48:38.212  {"type":"live","t":134118,"c":0,"r":0,"g":0,"b":0,"pta":142.0,"ptb":159.6,"sat":0,"light":"blue","gain":"16x"}
22:48:38.212  {"type":"live","t":134519,"c":0,"r":0,"g":0,"b":0,"pta":142.0,"ptb":178.0,"sat":0,"light":"blue","gain":"16x"}
22:48:39.017  {"type":"live","t":134920,"c":0,"r":0,"g":0,"b":0,"pta":142.0,"ptb":187.4,"sat":0,"light":"blue","gain":"16x"}
22:48:39.017  {"type":"live","t":135321,"c":0,"r":0,"g":0,"b":0,"pta":142.2,"ptb":212.9,"sat":0,"light":"blue","gain":"16x"}
22:48:39.822  {"type":"live","t":135722,"c":0,"r":0,"g":0,"b":0,"pta":151.9,"ptb":245.6,"sat":0,"light":"blue","gain":"16x"}
22:48:39.822  {"type":"live","t":136123,"c":0,"r":0,"g":0,"b":0,"pta":159.9,"ptb":237.1,"sat":0,"light":"blue","gain":"16x"}
22:48:40.832  {"type":"live","t":136524,"c":0,"r":0,"g":0,"b":0,"pta":145.1,"ptb":226.3,"sat":0,"light":"blue","gain":"16x"}
22:48:40.832  {"type":"live","t":136925,"c":0,"r":0,"g":0,"b":0,"pta":145.6,"ptb":211.7,"sat":0,"light":"blue","gain":"16x"}
22:48:40.833  {"type":"live","t":137326,"c":0,"r":0,"g":0,"b":0,"pta":142.5,"ptb":182.6,"sat":0,"light":"blue","gain":"16x"}
22:48:41.821  {"type":"live","t":137727,"c":0,"r":0,"g":0,"b":0,"pta":142.0,"ptb":163.4,"sat":0,"light":"blue","gain":"16x"}
22:48:41.821  {"type":"live","t":138128,"c":0,"r":0,"g":0,"b":0,"pta":142.0,"ptb":142.4,"sat":0,"light":"blue","gain":"16x"}
22:48:42.626  {"type":"live","t":138529,"c":0,"r":0,"g":0,"b":0,"pta":142.0,"ptb":142.0,"sat":0,"light":"blue","gain":"16x"}
22:48:42.626  {"type":"live","t":138930,"c":0,"r":0,"g":0,"b":0,"pta":142.0,"ptb":142.0,"sat":0,"light":"blue","gain":"16x"}
22:48:43.431  {"type":"live","t":139331,"c":0,"r":0,"g":0,"b":0,"pta":142.0,"ptb":142.0,"sat":0,"light":"blue","gain":"16x"}
22:48:43.431  {"type":"live","t":139732,"c":0,"r":0,"g":0,"b":0,"pta":142.0,"ptb":142.0,"sat":0,"light":"blue","gain":"16x"}
22:48:44.228  {"type":"live","t":140133,"c":0,"r":0,"g":0,"b":0,"pta":142.0,"ptb":142.0,"sat":0,"light":"blue","gain":"16x"}
22:48:44.228  {"type":"live","t":140534,"c":0,"r":0,"g":0,"b":0,"pta":142.0,"ptb":142.0,"sat":0,"light":"blue","gain":"16x"}
22:48:44.229  {"type":"hello","fw":"probe-0.2","tcs":0,"oled":1,"light":"blue","gain":"16x","samples":50}
22:48:45.033  {"type":"live","t":140935,"c":0,"r":0,"g":0,"b":0,"pta":142.0,"ptb":142.0,"sat":0,"light":"blue","gain":"16x"}
22:48:45.033  {"type":"live","t":141336,"c":0,"r":0,"g":0,"b":0,"pta":142.0,"ptb":142.0,"sat":0,"light":"blue","gain":"16x"}
22:48:46.044  {"type":"live","t":141737,"c":0,"r":0,"g":0,"b":0,"pta":142.0,"ptb":142.0,"sat":0,"light":"blue","gain":"16x"}
22:48:46.045  {"type":"live","t":142138,"c":0,"r":0,"g":0,"b":0,"pta":142.0,"ptb":142.0,"sat":0,"light":"blue","gain":"16x"}
22:48:46.045  {"type":"live","t":142539,"c":0,"r":0,"g":0,"b":0,"pta":142.0,"ptb":142.0,"sat":0,"light":"blue","gain":"16x"}
22:48:47.034  {"type":"live","t":142940,"c":0,"r":0,"g":0,"b":0,"pta":142.0,"ptb":143.9,"sat":0,"light":"blue","gain":"16x"}
22:48:47.034  {"type":"live","t":143341,"c":0,"r":0,"g":0,"b":0,"pta":142.0,"ptb":155.0,"sat":0,"light":"blue","gain":"16x"}
22:48:47.839  {"type":"live","t":143742,"c":0,"r":0,"g":0,"b":0,"pta":142.0,"ptb":167.1,"sat":0,"light":"blue","gain":"16x"}
22:48:47.839  {"type":"live","t":144143,"c":0,"r":0,"g":0,"b":0,"pta":142.0,"ptb":177.2,"sat":0,"light":"blue","gain":"16x"}
22:48:48.644  {"type":"live","t":144544,"c":0,"r":0,"g":0,"b":0,"pta":143.8,"ptb":198.4,"sat":0,"light":"blue","gain":"16x"}
22:48:48.644  {"type":"live","t":144945,"c":0,"r":0,"g":0,"b":0,"pta":149.5,"ptb":237.0,"sat":0,"light":"blue","gain":"16x"}
22:48:49.658  {"type":"live","t":145346,"c":0,"r":0,"g":0,"b":0,"pta":157.2,"ptb":248.0,"sat":0,"light":"blue","gain":"16x"}
22:48:49.658  {"type":"live","t":145747,"c":0,"r":0,"g":0,"b":0,"pta":144.2,"ptb":220.2,"sat":0,"light":"blue","gain":"16x"}
22:48:49.659  {"type":"live","t":146148,"c":0,"r":0,"g":0,"b":0,"pta":145.1,"ptb":217.4,"sat":0,"light":"blue","gain":"16x"}
22:48:50.643  {"type":"live","t":146549,"c":0,"r":0,"g":0,"b":0,"pta":142.1,"ptb":187.2,"sat":0,"light":"blue","gain":"16x"}
22:48:50.644  {"type":"live","t":146950,"c":0,"r":0,"g":0,"b":0,"pta":142.0,"ptb":151.5,"sat":0,"light":"blue","gain":"16x"}
22:48:51.448  {"type":"live","t":147351,"c":0,"r":0,"g":0,"b":0,"pta":142.0,"ptb":144.5,"sat":0,"light":"blue","gain":"16x"}
22:48:51.449  {"type":"live","t":147752,"c":0,"r":0,"g":0,"b":0,"pta":142.0,"ptb":142.0,"sat":0,"light":"blue","gain":"16x"}
22:48:52.253  {"type":"live","t":148153,"c":0,"r":0,"g":0,"b":0,"pta":142.0,"ptb":142.0,"sat":0,"light":"blue","gain":"16x"}
22:48:52.254  {"type":"live","t":148554,"c":0,"r":0,"g":0,"b":0,"pta":142.0,"ptb":142.0,"sat":0,"light":"blue","gain":"16x"}
22:48:53.265  {"type":"live","t":148955,"c":0,"r":0,"g":0,"b":0,"pta":142.0,"ptb":142.0,"sat":0,"light":"blue","gain":"16x"}
22:48:53.265  {"type":"live","t":149356,"c":0,"r":0,"g":0,"b":0,"pta":142.0,"ptb":142.0,"sat":0,"light":"blue","gain":"16x"}
22:48:53.266  {"type":"live","t":149757,"c":0,"r":0,"g":0,"b":0,"pta":142.0,"ptb":142.0,"sat":0,"light":"blue","gain":"16x"}
22:48:54.252  {"type":"live","t":150158,"c":0,"r":0,"g":0,"b":0,"pta":142.0,"ptb":142.0,"sat":0,"light":"blue","gain":"16x"}
22:48:54.252  {"type":"live","t":150559,"c":0,"r":0,"g":0,"b":0,"pta":142.0,"ptb":142.0,"sat":0,"light":"blue","gain":"16x"}
22:48:55.057  {"type":"live","t":150960,"c":0,"r":0,"g":0,"b":0,"pta":142.0,"ptb":142.0,"sat":0,"light":"blue","gain":"16x"}
22:48:55.057  {"type":"live","t":151361,"c":0,"r":0,"g":0,"b":0,"pta":142.0,"ptb":142.1,"sat":0,"light":"blue","gain":"16x"}
22:48:55.862  {"type":"live","t":151762,"c":0,"r":0,"g":0,"b":0,"pta":142.0,"ptb":149.9,"sat":0,"light":"blue","gain":"16x"}
22:48:55.862  {"type":"live","t":152163,"c":0,"r":0,"g":0,"b":0,"pta":142.0,"ptb":166.8,"sat":0,"light":"blue","gain":"16x"}
22:48:56.876  {"type":"live","t":152564,"c":0,"r":0,"g":0,"b":0,"pta":142.0,"ptb":178.6,"sat":0,"light":"blue","gain":"16x"}
22:48:56.877  {"type":"live","t":152965,"c":0,"r":0,"g":0,"b":0,"pta":142.0,"ptb":193.6,"sat":0,"light":"blue","gain":"16x"}
22:48:56.877  {"type":"live","t":153366,"c":0,"r":0,"g":0,"b":0,"pta":150.8,"ptb":236.7,"sat":0,"light":"blue","gain":"16x"}
22:48:57.861  {"type":"live","t":153767,"c":0,"r":0,"g":0,"b":0,"pta":159.1,"ptb":239.4,"sat":0,"light":"blue","gain":"16x"}
22:48:57.861  {"type":"live","t":154168,"c":0,"r":0,"g":0,"b":0,"pta":150.9,"ptb":223.4,"sat":0,"light":"blue","gain":"16x"}
22:48:58.666  {"type":"live","t":154569,"c":0,"r":0,"g":0,"b":0,"pta":143.6,"ptb":213.0,"sat":0,"light":"blue","gain":"16x"}
22:48:58.666  {"type":"live","t":154970,"c":0,"r":0,"g":0,"b":0,"pta":142.0,"ptb":178.7,"sat":0,"light":"blue","gain":"16x"}
22:48:59.471  {"type":"live","t":155371,"c":0,"r":0,"g":0,"b":0,"pta":142.0,"ptb":153.7,"sat":0,"light":"blue","gain":"16x"}
22:48:59.471  {"type":"live","t":155772,"c":0,"r":0,"g":0,"b":0,"pta":142.0,"ptb":142.0,"sat":0,"light":"blue","gain":"16x"}
22:49:00.484  {"type":"live","t":156173,"c":0,"r":0,"g":0,"b":0,"pta":142.0,"ptb":142.0,"sat":0,"light":"blue","gain":"16x"}
22:49:00.485  {"type":"live","t":156574,"c":0,"r":0,"g":0,"b":0,"pta":142.0,"ptb":142.0,"sat":0,"light":"blue","gain":"16x"}
22:49:00.485  {"type":"live","t":156975,"c":0,"r":0,"g":0,"b":0,"pta":142.0,"ptb":142.0,"sat":0,"light":"blue","gain":"16x"}
22:49:01.470  {"type":"live","t":157376,"c":0,"r":0,"g":0,"b":0,"pta":142.0,"ptb":142.0,"sat":0,"light":"blue","gain":"16x"}
22:49:01.470  {"type":"live","t":157777,"c":0,"r":0,"g":0,"b":0,"pta":142.0,"ptb":142.0,"sat":0,"light":"blue","gain":"16x"}
22:49:02.275  {"type":"live","t":158178,"c":0,"r":0,"g":0,"b":0,"pta":142.0,"ptb":142.0,"sat":0,"light":"blue","gain":"16x"}
22:49:02.275  {"type":"live","t":158579,"c":0,"r":0,"g":0,"b":0,"pta":142.0,"ptb":142.0,"sat":0,"light":"blue","gain":"16x"}
22:49:03.080  {"type":"live","t":158980,"c":0,"r":0,"g":0,"b":0,"pta":142.0,"ptb":142.0,"sat":0,"light":"blue","gain":"16x"}
22:49:03.080  {"type":"live","t":159381,"c":0,"r":0,"g":0,"b":0,"pta":142.0,"ptb":142.0,"sat":0,"light":"blue","gain":"16x"}
22:49:04.088  {"type":"live","t":159782,"c":0,"r":0,"g":0,"b":0,"pta":142.0,"ptb":143.4,"sat":0,"light":"blue","gain":"16x"}
22:49:04.088  {"type":"live","t":160183,"c":0,"r":0,"g":0,"b":0,"pta":142.0,"ptb":157.6,"sat":0,"light":"blue","gain":"16x"}
22:49:04.088  {"type":"live","t":160584,"c":0,"r":0,"g":0,"b":0,"pta":142.0,"ptb":166.4,"sat":0,"light":"blue","gain":"16x"}
22:49:05.079  {"type":"live","t":160985,"c":0,"r":0,"g":0,"b":0,"pta":142.0,"ptb":183.0,"sat":0,"light":"blue","gain":"16x"}
22:49:05.079  {"type":"live","t":161386,"c":0,"r":0,"g":0,"b":0,"pta":144.9,"ptb":216.6,"sat":0,"light":"blue","gain":"16x"}
22:49:05.884  {"type":"live","t":161787,"c":0,"r":0,"g":0,"b":0,"pta":158.3,"ptb":249.7,"sat":0,"light":"blue","gain":"16x"}
22:49:05.884  {"type":"live","t":162188,"c":0,"r":0,"g":0,"b":0,"pta":150.9,"ptb":229.6,"sat":0,"light":"blue","gain":"16x"}
22:49:06.689  {"type":"live","t":162589,"c":0,"r":0,"g":0,"b":0,"pta":145.4,"ptb":226.8,"sat":0,"light":"blue","gain":"16x"}
22:49:06.689  {"type":"live","t":162990,"c":0,"r":0,"g":0,"b":0,"pta":146.7,"ptb":192.9,"sat":0,"light":"blue","gain":"16x"}
22:49:07.701  {"type":"live","t":163391,"c":0,"r":0,"g":0,"b":0,"pta":142.0,"ptb":159.1,"sat":0,"light":"blue","gain":"16x"}
22:49:07.701  {"type":"live","t":163792,"c":0,"r":0,"g":0,"b":0,"pta":142.0,"ptb":142.1,"sat":0,"light":"blue","gain":"16x"}
22:49:07.701  {"type":"live","t":164193,"c":0,"r":0,"g":0,"b":0,"pta":142.0,"ptb":142.0,"sat":0,"light":"blue","gain":"16x"}
22:49:08.688  {"type":"live","t":164594,"c":0,"r":0,"g":0,"b":0,"pta":142.0,"ptb":142.0,"sat":0,"light":"blue","gain":"16x"}
22:49:08.688  {"type":"live","t":164995,"c":0,"r":0,"g":0,"b":0,"pta":142.0,"ptb":142.0,"sat":0,"light":"blue","gain":"16x"}
22:49:09.493  {"type":"live","t":165396,"c":0,"r":0,"g":0,"b":0,"pta":142.0,"ptb":142.0,"sat":0,"light":"blue","gain":"16x"}
22:49:09.493  {"type":"live","t":165797,"c":0,"r":0,"g":0,"b":0,"pta":142.0,"ptb":142.0,"sat":0,"light":"blue","gain":"16x"}
22:49:10.298  {"type":"live","t":166198,"c":0,"r":0,"g":0,"b":0,"pta":142.0,"ptb":142.0,"sat":0,"light":"blue","gain":"16x"}
22:49:10.305  {"type":"live","t":166599,"c":0,"r":0,"g":0,"b":0,"pta":142.0,"ptb":142.0,"sat":0,"light":"blue","gain":"16x"}
22:49:11.317  {"type":"live","t":167000,"c":0,"r":0,"g":0,"b":0,"pta":142.0,"ptb":142.0,"sat":0,"light":"blue","gain":"16x"}
22:49:11.318  {"type":"live","t":167401,"c":0,"r":0,"g":0,"b":0,"pta":142.0,"ptb":142.0,"sat":0,"light":"blue","gain":"16x"}
22:49:11.318  {"type":"live","t":167802,"c":0,"r":0,"g":0,"b":0,"pta":142.0,"ptb":142.9,"sat":0,"light":"blue","gain":"16x"}
22:49:12.297  {"type":"live","t":168203,"c":0,"r":0,"g":0,"b":0,"pta":142.0,"ptb":144.1,"sat":0,"light":"blue","gain":"16x"}
22:49:12.297  {"type":"live","t":168604,"c":0,"r":0,"g":0,"b":0,"pta":142.0,"ptb":152.3,"sat":0,"light":"blue","gain":"16x"}
22:49:13.102  {"type":"live","t":169005,"c":0,"r":0,"g":0,"b":0,"pta":142.0,"ptb":169.3,"sat":0,"light":"blue","gain":"16x"}
22:49:13.102  {"type":"live","t":169406,"c":0,"r":0,"g":0,"b":0,"pta":142.0,"ptb":179.4,"sat":0,"light":"blue","gain":"16x"}
22:49:13.907  {"type":"live","t":169807,"c":0,"r":0,"g":0,"b":0,"pta":142.0,"ptb":199.4,"sat":0,"light":"blue","gain":"16x"}
22:49:13.907  {"type":"live","t":170208,"c":0,"r":0,"g":0,"b":0,"pta":153.9,"ptb":245.2,"sat":0,"light":"blue","gain":"16x"}
22:49:14.912  {"type":"live","t":170609,"c":0,"r":0,"g":0,"b":0,"pta":158.1,"ptb":242.8,"sat":0,"light":"blue","gain":"16x"}
22:49:14.912  {"type":"live","t":171010,"c":0,"r":0,"g":0,"b":0,"pta":146.6,"ptb":221.9,"sat":0,"light":"blue","gain":"16x"}
22:49:14.913  {"type":"live","t":171411,"c":0,"r":0,"g":0,"b":0,"pta":144.6,"ptb":220.2,"sat":0,"light":"blue","gain":"16x"}
22:49:15.551  {"type":"live","t":171812,"c":0,"r":0,"g":0,"b":0,"pta":142.0,"ptb":190.8,"sat":0,"light":"blue","gain":"16x"}
22:49:15.551  {"type":"run","target":"yellow","light":"blue","gain":"16x","samples":50}
22:49:16.013  {"type":"sample","target":"yellow","led":1,"n":0,"c":0,"r":0,"g":0,"b":0,"pta":142.0,"ptb":142.0}
22:49:16.013  {"type":"sample","target":"yellow","led":1,"n":1,"c":0,"r":0,"g":0,"b":0,"pta":142.0,"ptb":142.0}
22:49:16.014  {"type":"sample","target":"yellow","led":1,"n":2,"c":0,"r":0,"g":0,"b":0,"pta":142.0,"ptb":142.0}
22:49:16.328  {"type":"sample","target":"yellow","led":1,"n":3,"c":0,"r":0,"g":0,"b":0,"pta":142.0,"ptb":142.0}
22:49:16.328  {"type":"sample","target":"yellow","led":1,"n":4,"c":0,"r":0,"g":0,"b":0,"pta":142.0,"ptb":142.0}
22:49:16.790  {"type":"sample","target":"yellow","led":1,"n":5,"c":0,"r":0,"g":0,"b":0,"pta":142.0,"ptb":142.2}
22:49:16.790  {"type":"sample","target":"yellow","led":1,"n":6,"c":0,"r":0,"g":0,"b":0,"pta":142.0,"ptb":142.0}
22:49:16.791  {"type":"sample","target":"yellow","led":1,"n":7,"c":0,"r":0,"g":0,"b":0,"pta":142.0,"ptb":142.0}
22:49:17.251  {"type":"sample","target":"yellow","led":1,"n":8,"c":0,"r":0,"g":0,"b":0,"pta":142.0,"ptb":142.0}
22:49:17.252  {"type":"sample","target":"yellow","led":1,"n":9,"c":0,"r":0,"g":0,"b":0,"pta":142.0,"ptb":142.0}
22:49:17.252  {"type":"sample","target":"yellow","led":1,"n":10,"c":0,"r":0,"g":0,"b":0,"pta":142.0,"ptb":142.0}
22:49:17.566  {"type":"sample","target":"yellow","led":1,"n":11,"c":0,"r":0,"g":0,"b":0,"pta":142.0,"ptb":142.0}
22:49:17.566  {"type":"sample","target":"yellow","led":1,"n":12,"c":0,"r":0,"g":0,"b":0,"pta":142.0,"ptb":142.0}
22:49:18.028  {"type":"sample","target":"yellow","led":1,"n":13,"c":0,"r":0,"g":0,"b":0,"pta":142.0,"ptb":142.0}
22:49:18.028  {"type":"sample","target":"yellow","led":1,"n":14,"c":0,"r":0,"g":0,"b":0,"pta":142.0,"ptb":142.0}
22:49:18.029  {"type":"sample","target":"yellow","led":1,"n":15,"c":0,"r":0,"g":0,"b":0,"pta":142.0,"ptb":142.0}
22:49:18.343  {"type":"sample","target":"yellow","led":1,"n":16,"c":0,"r":0,"g":0,"b":0,"pta":142.0,"ptb":142.0}
22:49:18.343  {"type":"sample","target":"yellow","led":1,"n":17,"c":0,"r":0,"g":0,"b":0,"pta":142.0,"ptb":142.0}
22:49:18.804  {"type":"sample","target":"yellow","led":1,"n":18,"c":0,"r":0,"g":0,"b":0,"pta":142.0,"ptb":142.0}
22:49:18.804  {"type":"sample","target":"yellow","led":1,"n":19,"c":0,"r":0,"g":0,"b":0,"pta":142.0,"ptb":142.0}
22:49:18.805  {"type":"sample","target":"yellow","led":1,"n":20,"c":0,"r":0,"g":0,"b":0,"pta":142.0,"ptb":142.0}
22:49:19.265  {"type":"sample","target":"yellow","led":1,"n":21,"c":0,"r":0,"g":0,"b":0,"pta":142.0,"ptb":142.0}
22:49:19.265  {"type":"sample","target":"yellow","led":1,"n":22,"c":0,"r":0,"g":0,"b":0,"pta":142.0,"ptb":142.0}
22:49:19.266  {"type":"sample","target":"yellow","led":1,"n":23,"c":0,"r":0,"g":0,"b":0,"pta":142.0,"ptb":142.0}
22:49:19.581  {"type":"sample","target":"yellow","led":1,"n":24,"c":0,"r":0,"g":0,"b":0,"pta":142.0,"ptb":142.0}
22:49:19.581  {"type":"sample","target":"yellow","led":1,"n":25,"c":0,"r":0,"g":0,"b":0,"pta":142.0,"ptb":142.0}
22:49:20.042  {"type":"sample","target":"yellow","led":1,"n":26,"c":0,"r":0,"g":0,"b":0,"pta":142.0,"ptb":142.0}
22:49:20.042  {"type":"sample","target":"yellow","led":1,"n":27,"c":0,"r":0,"g":0,"b":0,"pta":142.0,"ptb":142.0}
22:49:20.043  {"type":"sample","target":"yellow","led":1,"n":28,"c":0,"r":0,"g":0,"b":0,"pta":142.0,"ptb":142.0}
22:49:20.357  {"type":"sample","target":"yellow","led":1,"n":29,"c":0,"r":0,"g":0,"b":0,"pta":142.0,"ptb":142.0}
22:49:20.357  {"type":"sample","target":"yellow","led":1,"n":30,"c":0,"r":0,"g":0,"b":0,"pta":142.0,"ptb":142.0}
22:49:20.818  {"type":"sample","target":"yellow","led":1,"n":31,"c":0,"r":0,"g":0,"b":0,"pta":142.0,"ptb":142.0}
22:49:20.818  {"type":"sample","target":"yellow","led":1,"n":32,"c":0,"r":0,"g":0,"b":0,"pta":142.0,"ptb":142.0}
22:49:20.819  {"type":"sample","target":"yellow","led":1,"n":33,"c":0,"r":0,"g":0,"b":0,"pta":142.0,"ptb":142.0}
22:49:21.280  {"type":"sample","target":"yellow","led":1,"n":34,"c":0,"r":0,"g":0,"b":0,"pta":142.0,"ptb":142.0}
22:49:21.280  {"type":"sample","target":"yellow","led":1,"n":35,"c":0,"r":0,"g":0,"b":0,"pta":142.0,"ptb":142.0}
22:49:21.281  {"type":"sample","target":"yellow","led":1,"n":36,"c":0,"r":0,"g":0,"b":0,"pta":142.0,"ptb":142.0}
22:49:21.595  {"type":"sample","target":"yellow","led":1,"n":37,"c":0,"r":0,"g":0,"b":0,"pta":142.0,"ptb":142.0}
22:49:21.599  {"type":"sample","target":"yellow","led":1,"n":38,"c":0,"r":0,"g":0,"b":0,"pta":142.0,"ptb":142.0}
22:49:22.056  {"type":"sample","target":"yellow","led":1,"n":39,"c":0,"r":0,"g":0,"b":0,"pta":142.0,"ptb":142.0}
22:49:22.056  {"type":"sample","target":"yellow","led":1,"n":40,"c":0,"r":0,"g":0,"b":0,"pta":142.0,"ptb":142.0}
22:49:22.057  {"type":"sample","target":"yellow","led":1,"n":41,"c":0,"r":0,"g":0,"b":0,"pta":142.0,"ptb":142.0}
22:49:22.371  {"type":"sample","target":"yellow","led":1,"n":42,"c":0,"r":0,"g":0,"b":0,"pta":142.0,"ptb":142.0}
22:49:22.371  {"type":"sample","target":"yellow","led":1,"n":43,"c":0,"r":0,"g":0,"b":0,"pta":142.0,"ptb":142.0}
22:49:22.833  {"type":"sample","target":"yellow","led":1,"n":44,"c":0,"r":0,"g":0,"b":0,"pta":142.0,"ptb":142.0}
22:49:22.833  {"type":"sample","target":"yellow","led":1,"n":45,"c":0,"r":0,"g":0,"b":0,"pta":142.0,"ptb":142.0}
22:49:22.834  {"type":"sample","target":"yellow","led":1,"n":46,"c":0,"r":0,"g":0,"b":0,"pta":142.0,"ptb":142.0}
22:49:23.148  {"type":"sample","target":"yellow","led":1,"n":47,"c":0,"r":0,"g":0,"b":0,"pta":142.0,"ptb":142.0}
22:49:23.148  {"type":"sample","target":"yellow","led":1,"n":48,"c":0,"r":0,"g":0,"b":0,"pta":142.0,"ptb":142.0}
22:49:23.859  {"type":"sample","target":"yellow","led":1,"n":49,"c":0,"r":0,"g":0,"b":0,"pta":142.0,"ptb":142.0}
22:49:23.859  {"type":"sample","target":"yellow","led":0,"n":0,"c":0,"r":0,"g":0,"b":0,"pta":142.0,"ptb":142.0}
22:49:23.860  {"type":"sample","target":"yellow","led":0,"n":1,"c":0,"r":0,"g":0,"b":0,"pta":142.0,"ptb":142.0}
22:49:24.321  {"type":"sample","target":"yellow","led":0,"n":2,"c":0,"r":0,"g":0,"b":0,"pta":142.0,"ptb":142.0}
22:49:24.321  {"type":"sample","target":"yellow","led":0,"n":3,"c":0,"r":0,"g":0,"b":0,"pta":142.0,"ptb":142.0}
22:49:24.322  {"type":"sample","target":"yellow","led":0,"n":4,"c":0,"r":0,"g":0,"b":0,"pta":142.0,"ptb":142.0}
22:49:24.636  {"type":"sample","target":"yellow","led":0,"n":5,"c":0,"r":0,"g":0,"b":0,"pta":142.0,"ptb":142.0}
22:49:24.636  {"type":"sample","target":"yellow","led":0,"n":6,"c":0,"r":0,"g":0,"b":0,"pta":142.0,"ptb":142.0}
22:49:25.098  {"type":"sample","target":"yellow","led":0,"n":7,"c":0,"r":0,"g":0,"b":0,"pta":142.0,"ptb":142.0}
22:49:25.098  {"type":"sample","target":"yellow","led":0,"n":8,"c":0,"r":0,"g":0,"b":0,"pta":142.0,"ptb":143.7}
22:49:25.099  {"type":"sample","target":"yellow","led":0,"n":9,"c":0,"r":0,"g":0,"b":0,"pta":142.0,"ptb":142.0}
22:49:25.413  {"type":"sample","target":"yellow","led":0,"n":10,"c":0,"r":0,"g":0,"b":0,"pta":142.0,"ptb":144.0}
22:49:25.413  {"type":"sample","target":"yellow","led":0,"n":11,"c":0,"r":0,"g":0,"b":0,"pta":165.7,"ptb":270.4}
22:49:25.874  {"type":"sample","target":"yellow","led":0,"n":12,"c":0,"r":0,"g":0,"b":0,"pta":142.0,"ptb":142.1}
22:49:25.874  {"type":"sample","target":"yellow","led":0,"n":13,"c":0,"r":0,"g":0,"b":0,"pta":142.0,"ptb":142.0}
22:49:25.875  {"type":"sample","target":"yellow","led":0,"n":14,"c":0,"r":0,"g":0,"b":0,"pta":142.0,"ptb":146.3}
22:49:26.336  {"type":"sample","target":"yellow","led":0,"n":15,"c":0,"r":0,"g":0,"b":0,"pta":161.9,"ptb":256.1}
22:49:26.336  {"type":"sample","target":"yellow","led":0,"n":16,"c":0,"r":0,"g":0,"b":0,"pta":142.0,"ptb":142.6}
22:49:26.337  {"type":"sample","target":"yellow","led":0,"n":17,"c":0,"r":0,"g":0,"b":0,"pta":142.0,"ptb":142.0}
22:49:26.651  {"type":"sample","target":"yellow","led":0,"n":18,"c":0,"r":0,"g":0,"b":0,"pta":143.2,"ptb":144.1}
22:49:26.652  {"type":"sample","target":"yellow","led":0,"n":19,"c":0,"r":0,"g":0,"b":0,"pta":162.7,"ptb":264.6}
22:49:27.112  {"type":"sample","target":"yellow","led":0,"n":20,"c":0,"r":0,"g":0,"b":0,"pta":142.0,"ptb":142.0}
22:49:27.112  {"type":"sample","target":"yellow","led":0,"n":21,"c":0,"r":0,"g":0,"b":0,"pta":142.0,"ptb":142.0}
22:49:27.113  {"type":"sample","target":"yellow","led":0,"n":22,"c":0,"r":0,"g":0,"b":0,"pta":142.0,"ptb":145.6}
22:49:27.427  {"type":"sample","target":"yellow","led":0,"n":23,"c":0,"r":0,"g":0,"b":0,"pta":166.1,"ptb":266.2}
22:49:27.427  {"type":"sample","target":"yellow","led":0,"n":24,"c":0,"r":0,"g":0,"b":0,"pta":142.0,"ptb":142.2}
22:49:27.889  {"type":"sample","target":"yellow","led":0,"n":25,"c":0,"r":0,"g":0,"b":0,"pta":142.0,"ptb":142.0}
22:49:27.889  {"type":"sample","target":"yellow","led":0,"n":26,"c":0,"r":0,"g":0,"b":0,"pta":142.0,"ptb":143.7}
22:49:27.890  {"type":"sample","target":"yellow","led":0,"n":27,"c":0,"r":0,"g":0,"b":0,"pta":158.9,"ptb":261.8}
22:49:28.350  {"type":"sample","target":"yellow","led":0,"n":28,"c":0,"r":0,"g":0,"b":0,"pta":142.0,"ptb":144.4}
22:49:28.350  {"type":"sample","target":"yellow","led":0,"n":29,"c":0,"r":0,"g":0,"b":0,"pta":142.0,"ptb":142.0}
22:49:28.351  {"type":"sample","target":"yellow","led":0,"n":30,"c":0,"r":0,"g":0,"b":0,"pta":142.0,"ptb":142.0}
22:49:28.665  {"type":"sample","target":"yellow","led":0,"n":31,"c":0,"r":0,"g":0,"b":0,"pta":166.4,"ptb":247.0}
22:49:28.665  {"type":"sample","target":"yellow","led":0,"n":32,"c":0,"r":0,"g":0,"b":0,"pta":142.0,"ptb":142.0}
22:49:29.127  {"type":"sample","target":"yellow","led":0,"n":33,"c":0,"r":0,"g":0,"b":0,"pta":142.0,"ptb":142.0}
22:49:29.127  {"type":"sample","target":"yellow","led":0,"n":34,"c":0,"r":0,"g":0,"b":0,"pta":142.0,"ptb":142.0}
22:49:29.128  {"type":"sample","target":"yellow","led":0,"n":35,"c":0,"r":0,"g":0,"b":0,"pta":142.0,"ptb":171.2}
22:49:29.442  {"type":"sample","target":"yellow","led":0,"n":36,"c":0,"r":0,"g":0,"b":0,"pta":142.0,"ptb":143.7}
22:49:29.442  {"type":"sample","target":"yellow","led":0,"n":37,"c":0,"r":0,"g":0,"b":0,"pta":142.0,"ptb":142.0}
22:49:29.903  {"type":"sample","target":"yellow","led":0,"n":38,"c":0,"r":0,"g":0,"b":0,"pta":142.0,"ptb":142.0}
22:49:29.903  {"type":"sample","target":"yellow","led":0,"n":39,"c":0,"r":0,"g":0,"b":0,"pta":142.0,"ptb":180.2}
22:49:29.904  {"type":"sample","target":"yellow","led":0,"n":40,"c":0,"r":0,"g":0,"b":0,"pta":142.0,"ptb":142.0}
22:49:30.364  {"type":"sample","target":"yellow","led":0,"n":41,"c":0,"r":0,"g":0,"b":0,"pta":142.0,"ptb":142.0}
22:49:30.364  {"type":"sample","target":"yellow","led":0,"n":42,"c":0,"r":0,"g":0,"b":0,"pta":142.0,"ptb":142.0}
22:49:30.365  {"type":"sample","target":"yellow","led":0,"n":43,"c":0,"r":0,"g":0,"b":0,"pta":152.7,"ptb":218.7}
22:49:30.680  {"type":"sample","target":"yellow","led":0,"n":44,"c":0,"r":0,"g":0,"b":0,"pta":142.0,"ptb":142.0}
22:49:30.680  {"type":"sample","target":"yellow","led":0,"n":45,"c":0,"r":0,"g":0,"b":0,"pta":142.0,"ptb":142.0}
22:49:31.141  {"type":"sample","target":"yellow","led":0,"n":46,"c":0,"r":0,"g":0,"b":0,"pta":142.0,"ptb":142.0}
22:49:31.141  {"type":"sample","target":"yellow","led":0,"n":47,"c":0,"r":0,"g":0,"b":0,"pta":142.0,"ptb":178.1}
22:49:31.142  {"type":"sample","target":"yellow","led":0,"n":48,"c":0,"r":0,"g":0,"b":0,"pta":142.0,"ptb":142.0}
22:49:31.163  {"type":"sample","target":"yellow","led":0,"n":49,"c":0,"r":0,"g":0,"b":0,"pta":142.0,"ptb":142.0}
22:49:31.805  {"type":"series","target":"yellow","light":"blue","gain":"16x","samples":50,"saturated":0,"on":{"C":[0.00,0.00],"R":[0.00,0.00],"G":[0.00,0.00],"B":[0.00,0.00],"PT-A":[142.00,0.00],"PT-B":[142.00,0.03]},"off":{"C":[0.00,0.00],"R":[0.00,0.00],"G":[0.00,0.00],"B":[0.00,0.00],"PT-A":[144.83,7.24],"PT-B":[160.29,39.94]},"signal":{"C":0.00,"R":0.00,"G":0.00,"B":0.00,"PT-A":-2.83,"PT-B":-18.29},"noise":{"C":0.00,"R":0.00,"G":0.00,"B":0.00,"PT-A":7.24,"PT-B":39.94}}
22:49:31.816  {"type":"live","t":188106,"c":0,"r":0,"g":0,"b":0,"pta":142.0,"ptb":144.6,"sat":0,"light":"blue","gain":"16x"}
22:49:31.817  {"type":"live","t":188507,"c":0,"r":0,"g":0,"b":0,"pta":142.0,"ptb":159.5,"sat":0,"light":"blue","gain":"16x"}
22:49:32.819  {"type":"live","t":188908,"c":0,"r":0,"g":0,"b":0,"pta":142.0,"ptb":178.2,"sat":0,"light":"blue","gain":"16x"}
22:49:32.819  {"type":"live","t":189309,"c":0,"r":0,"g":0,"b":0,"pta":144.4,"ptb":213.8,"sat":0,"light":"blue","gain":"16x"}
22:49:33.803  {"type":"live","t":189710,"c":0,"r":0,"g":0,"b":0,"pta":151.5,"ptb":223.9,"sat":0,"light":"blue","gain":"16x"}
22:49:33.803  {"type":"live","t":190111,"c":0,"r":0,"g":0,"b":0,"pta":142.1,"ptb":203.4,"sat":0,"light":"blue","gain":"16x"}
22:49:34.608  {"type":"live","t":190512,"c":0,"r":0,"g":0,"b":0,"pta":142.0,"ptb":186.6,"sat":0,"light":"blue","gain":"16x"}
22:49:34.609  {"type":"live","t":190913,"c":0,"r":0,"g":0,"b":0,"pta":142.0,"ptb":156.6,"sat":0,"light":"blue","gain":"16x"}
22:49:35.413  {"type":"live","t":191314,"c":0,"r":0,"g":0,"b":0,"pta":142.0,"ptb":142.0,"sat":0,"light":"blue","gain":"16x"}
22:49:35.413  {"type":"live","t":191715,"c":0,"r":0,"g":0,"b":0,"pta":142.0,"ptb":142.0,"sat":0,"light":"blue","gain":"16x"}
22:49:36.414  {"type":"live","t":192116,"c":0,"r":0,"g":0,"b":0,"pta":142.0,"ptb":142.0,"sat":0,"light":"blue","gain":"16x"}
22:49:36.415  {"type":"live","t":192517,"c":0,"r":0,"g":0,"b":0,"pta":142.0,"ptb":142.0,"sat":0,"light":"blue","gain":"16x"}
22:49:36.415  {"type":"live","t":192918,"c":0,"r":0,"g":0,"b":0,"pta":142.0,"ptb":142.0,"sat":0,"light":"blue","gain":"16x"}
22:49:37.412  {"type":"live","t":193319,"c":0,"r":0,"g":0,"b":0,"pta":142.0,"ptb":142.0,"sat":0,"light":"blue","gain":"16x"}
22:49:37.412  {"type":"live","t":193720,"c":0,"r":0,"g":0,"b":0,"pta":142.0,"ptb":142.0,"sat":0,"light":"blue","gain":"16x"}
22:49:38.217  {"type":"live","t":194121,"c":0,"r":0,"g":0,"b":0,"pta":142.0,"ptb":142.0,"sat":0,"light":"blue","gain":"16x"}
22:49:38.217  {"type":"live","t":194522,"c":0,"r":0,"g":0,"b":0,"pta":142.0,"ptb":142.0,"sat":0,"light":"blue","gain":"16x"}
22:49:39.022  {"type":"live","t":194923,"c":0,"r":0,"g":0,"b":0,"pta":142.0,"ptb":142.0,"sat":0,"light":"blue","gain":"16x"}
22:49:39.022  {"type":"live","t":195324,"c":0,"r":0,"g":0,"b":0,"pta":142.0,"ptb":142.2,"sat":0,"light":"blue","gain":"16x"}
22:49:40.031  {"type":"live","t":195725,"c":0,"r":0,"g":0,"b":0,"pta":142.0,"ptb":147.1,"sat":0,"light":"blue","gain":"16x"}
22:49:40.031  {"type":"live","t":196126,"c":0,"r":0,"g":0,"b":0,"pta":142.0,"ptb":150.2,"sat":0,"light":"blue","gain":"16x"}
22:49:40.032  {"type":"live","t":196527,"c":0,"r":0,"g":0,"b":0,"pta":142.0,"ptb":163.1,"sat":0,"light":"blue","gain":"16x"}
22:49:41.021  {"type":"live","t":196928,"c":0,"r":0,"g":0,"b":0,"pta":142.8,"ptb":201.6,"sat":0,"light":"blue","gain":"16x"}
22:49:41.021  {"type":"live","t":197329,"c":0,"r":0,"g":0,"b":0,"pta":142.6,"ptb":175.3,"sat":0,"light":"blue","gain":"16x"}
22:49:41.826  {"type":"live","t":197730,"c":0,"r":0,"g":0,"b":0,"pta":142.4,"ptb":177.6,"sat":0,"light":"blue","gain":"16x"}
22:49:41.826  {"type":"live","t":198131,"c":0,"r":0,"g":0,"b":0,"pta":142.0,"ptb":151.4,"sat":0,"light":"blue","gain":"16x"}
22:49:42.631  {"type":"live","t":198532,"c":0,"r":0,"g":0,"b":0,"pta":142.0,"ptb":142.0,"sat":0,"light":"blue","gain":"16x"}
22:49:42.631  {"type":"live","t":198933,"c":0,"r":0,"g":0,"b":0,"pta":142.0,"ptb":142.0,"sat":0,"light":"blue","gain":"16x"}
22:49:43.647  {"type":"live","t":199334,"c":0,"r":0,"g":0,"b":0,"pta":142.0,"ptb":142.0,"sat":0,"light":"blue","gain":"16x"}
22:49:43.648  {"type":"live","t":199735,"c":0,"r":0,"g":0,"b":0,"pta":142.0,"ptb":142.0,"sat":0,"light":"blue","gain":"16x"}
22:49:43.648  {"type":"live","t":200136,"c":0,"r":0,"g":0,"b":0,"pta":142.0,"ptb":142.0,"sat":0,"light":"blue","gain":"16x"}
22:49:44.630  {"type":"live","t":200537,"c":0,"r":0,"g":0,"b":0,"pta":142.0,"ptb":142.0,"sat":0,"light":"blue","gain":"16x"}
22:49:44.630  {"type":"live","t":200938,"c":0,"r":0,"g":0,"b":0,"pta":142.0,"ptb":142.0,"sat":0,"light":"blue","gain":"16x"}
22:49:45.435  {"type":"live","t":201339,"c":0,"r":0,"g":0,"b":0,"pta":142.0,"ptb":142.0,"sat":0,"light":"blue","gain":"16x"}
22:49:45.435  {"type":"live","t":201740,"c":0,"r":0,"g":0,"b":0,"pta":142.0,"ptb":142.0,"sat":0,"light":"blue","gain":"16x"}
22:49:46.240  {"type":"live","t":202141,"c":0,"r":0,"g":0,"b":0,"pta":142.0,"ptb":142.0,"sat":0,"light":"blue","gain":"16x"}
22:49:46.241  {"type":"live","t":202542,"c":0,"r":0,"g":0,"b":0,"pta":142.0,"ptb":143.2,"sat":0,"light":"blue","gain":"16x"}
22:49:47.253  {"type":"live","t":202943,"c":0,"r":0,"g":0,"b":0,"pta":142.0,"ptb":142.6,"sat":0,"light":"blue","gain":"16x"}
22:49:47.254  {"type":"live","t":203344,"c":0,"r":0,"g":0,"b":0,"pta":142.0,"ptb":145.0,"sat":0,"light":"blue","gain":"16x"}
22:49:47.254  {"type":"live","t":203745,"c":0,"r":0,"g":0,"b":0,"pta":142.0,"ptb":153.9,"sat":0,"light":"blue","gain":"16x"}
22:49:48.239  {"type":"live","t":204146,"c":0,"r":0,"g":0,"b":0,"pta":142.0,"ptb":178.8,"sat":0,"light":"blue","gain":"16x"}
22:49:48.239  {"type":"live","t":204547,"c":0,"r":0,"g":0,"b":0,"pta":143.6,"ptb":184.9,"sat":0,"light":"blue","gain":"16x"}
22:49:49.044  {"type":"live","t":204948,"c":0,"r":0,"g":0,"b":0,"pta":142.0,"ptb":164.8,"sat":0,"light":"blue","gain":"16x"}
22:49:49.044  {"type":"live","t":205349,"c":0,"r":0,"g":0,"b":0,"pta":142.0,"ptb":156.8,"sat":0,"light":"blue","gain":"16x"}
22:49:49.849  {"type":"live","t":205750,"c":0,"r":0,"g":0,"b":0,"pta":142.0,"ptb":143.4,"sat":0,"light":"blue","gain":"16x"}
22:49:49.849  {"type":"live","t":206151,"c":0,"r":0,"g":0,"b":0,"pta":142.0,"ptb":142.0,"sat":0,"light":"blue","gain":"16x"}
22:49:50.862  {"type":"live","t":206552,"c":0,"r":0,"g":0,"b":0,"pta":142.0,"ptb":142.0,"sat":0,"light":"blue","gain":"16x"}
22:49:50.862  {"type":"live","t":206953,"c":0,"r":0,"g":0,"b":0,"pta":142.0,"ptb":142.0,"sat":0,"light":"blue","gain":"16x"}
22:49:50.863  {"type":"live","t":207354,"c":0,"r":0,"g":0,"b":0,"pta":142.0,"ptb":142.0,"sat":0,"light":"blue","gain":"16x"}
22:49:51.848  {"type":"live","t":207755,"c":0,"r":0,"g":0,"b":0,"pta":142.0,"ptb":142.0,"sat":0,"light":"blue","gain":"16x"}
22:49:51.848  {"type":"live","t":208156,"c":0,"r":0,"g":0,"b":0,"pta":142.0,"ptb":142.0,"sat":0,"light":"blue","gain":"16x"}
22:49:52.653  {"type":"live","t":208557,"c":0,"r":0,"g":0,"b":0,"pta":142.0,"ptb":142.0,"sat":0,"light":"blue","gain":"16x"}
22:49:52.653  {"type":"live","t":208958,"c":0,"r":0,"g":0,"b":0,"pta":142.0,"ptb":142.0,"sat":0,"light":"blue","gain":"16x"}
22:49:53.458  {"type":"live","t":209359,"c":0,"r":0,"g":0,"b":0,"pta":142.0,"ptb":142.0,"sat":0,"light":"blue","gain":"16x"}
22:49:53.458  {"type":"live","t":209760,"c":0,"r":0,"g":0,"b":0,"pta":142.0,"ptb":142.0,"sat":0,"light":"blue","gain":"16x"}
22:49:54.460  {"type":"live","t":210161,"c":0,"r":0,"g":0,"b":0,"pta":142.0,"ptb":142.0,"sat":0,"light":"blue","gain":"16x"}
22:49:54.460  {"type":"live","t":210562,"c":0,"r":0,"g":0,"b":0,"pta":142.0,"ptb":143.2,"sat":0,"light":"blue","gain":"16x"}
22:49:54.460  {"type":"live","t":210963,"c":0,"r":0,"g":0,"b":0,"pta":142.0,"ptb":148.2,"sat":0,"light":"blue","gain":"16x"}
22:49:55.457  {"type":"live","t":211364,"c":0,"r":0,"g":0,"b":0,"pta":142.0,"ptb":148.7,"sat":0,"light":"blue","gain":"16x"}
22:49:55.457  {"type":"live","t":211765,"c":0,"r":0,"g":0,"b":0,"pta":142.0,"ptb":170.6,"sat":0,"light":"blue","gain":"16x"}
22:49:56.180  {"type":"live","t":212166,"c":0,"r":0,"g":0,"b":0,"pta":145.1,"ptb":200.3,"sat":0,"light":"blue","gain":"16x"}
22:49:56.180  {"type":"run","target":"yellow","light":"blue","gain":"16x","samples":50}
22:49:56.181  {"type":"sample","target":"yellow","led":1,"n":0,"c":0,"r":0,"g":0,"b":0,"pta":142.0,"ptb":142.0}
22:49:56.495  {"type":"sample","target":"yellow","led":1,"n":1,"c":0,"r":0,"g":0,"b":0,"pta":142.6,"ptb":142.0}
22:49:56.495  {"type":"sample","target":"yellow","led":1,"n":2,"c":0,"r":0,"g":0,"b":0,"pta":142.0,"ptb":142.0}
22:49:56.957  {"type":"sample","target":"yellow","led":1,"n":3,"c":0,"r":0,"g":0,"b":0,"pta":142.0,"ptb":142.0}
22:49:56.957  {"type":"sample","target":"yellow","led":1,"n":4,"c":0,"r":0,"g":0,"b":0,"pta":142.0,"ptb":142.0}
22:49:56.958  {"type":"sample","target":"yellow","led":1,"n":5,"c":0,"r":0,"g":0,"b":0,"pta":142.0,"ptb":142.0}
22:49:57.272  {"type":"sample","target":"yellow","led":1,"n":6,"c":0,"r":0,"g":0,"b":0,"pta":142.0,"ptb":142.0}
22:49:57.273  {"type":"sample","target":"yellow","led":1,"n":7,"c":0,"r":0,"g":0,"b":0,"pta":142.0,"ptb":142.0}
22:49:57.733  {"type":"sample","target":"yellow","led":1,"n":8,"c":0,"r":0,"g":0,"b":0,"pta":142.0,"ptb":142.0}
22:49:57.733  {"type":"sample","target":"yellow","led":1,"n":9,"c":0,"r":0,"g":0,"b":0,"pta":142.0,"ptb":142.0}
22:49:57.734  {"type":"sample","target":"yellow","led":1,"n":10,"c":0,"r":0,"g":0,"b":0,"pta":142.0,"ptb":142.0}
22:49:58.195  {"type":"sample","target":"yellow","led":1,"n":11,"c":0,"r":0,"g":0,"b":0,"pta":142.0,"ptb":142.4}
22:49:58.195  {"type":"sample","target":"yellow","led":1,"n":12,"c":0,"r":0,"g":0,"b":0,"pta":916.2,"ptb":478.1}
22:49:58.196  {"type":"sample","target":"yellow","led":1,"n":13,"c":0,"r":0,"g":0,"b":0,"pta":698.1,"ptb":160.9}
22:49:58.510  {"type":"sample","target":"yellow","led":1,"n":14,"c":0,"r":0,"g":0,"b":0,"pta":142.0,"ptb":142.0}
22:49:58.510  {"type":"sample","target":"yellow","led":1,"n":15,"c":0,"r":0,"g":0,"b":0,"pta":1147.1,"ptb":476.9}
22:49:58.971  {"type":"sample","target":"yellow","led":1,"n":16,"c":0,"r":0,"g":0,"b":0,"pta":142.0,"ptb":142.0}
22:49:58.971  {"type":"sample","target":"yellow","led":1,"n":17,"c":0,"r":0,"g":0,"b":0,"pta":300.5,"ptb":175.4}
22:49:58.972  {"type":"sample","target":"yellow","led":1,"n":18,"c":0,"r":0,"g":0,"b":0,"pta":482.9,"ptb":142.0}
22:49:59.286  {"type":"sample","target":"yellow","led":1,"n":19,"c":0,"r":0,"g":0,"b":0,"pta":142.0,"ptb":142.0}
22:49:59.286  {"type":"sample","target":"yellow","led":1,"n":20,"c":0,"r":0,"g":0,"b":0,"pta":142.0,"ptb":142.0}
22:49:59.748  {"type":"sample","target":"yellow","led":1,"n":21,"c":0,"r":0,"g":0,"b":0,"pta":142.0,"ptb":142.0}
22:49:59.748  {"type":"sample","target":"yellow","led":1,"n":22,"c":0,"r":0,"g":0,"b":0,"pta":142.0,"ptb":142.0}
22:49:59.749  {"type":"sample","target":"yellow","led":1,"n":23,"c":0,"r":0,"g":0,"b":0,"pta":142.0,"ptb":142.0}
22:50:00.209  {"type":"sample","target":"yellow","led":1,"n":24,"c":0,"r":0,"g":0,"b":0,"pta":475.9,"ptb":152.6}
22:50:00.209  {"type":"sample","target":"yellow","led":1,"n":25,"c":0,"r":0,"g":0,"b":0,"pta":449.8,"ptb":142.0}
22:50:00.210  {"type":"sample","target":"yellow","led":1,"n":26,"c":0,"r":0,"g":0,"b":0,"pta":440.2,"ptb":142.0}
22:50:00.524  {"type":"sample","target":"yellow","led":1,"n":27,"c":0,"r":0,"g":0,"b":0,"pta":142.0,"ptb":142.0}
22:50:00.525  {"type":"sample","target":"yellow","led":1,"n":28,"c":0,"r":0,"g":0,"b":0,"pta":142.0,"ptb":142.0}
22:50:00.986  {"type":"sample","target":"yellow","led":1,"n":29,"c":0,"r":0,"g":0,"b":0,"pta":187.2,"ptb":142.0}
22:50:00.986  {"type":"sample","target":"yellow","led":1,"n":30,"c":0,"r":0,"g":0,"b":0,"pta":152.1,"ptb":142.0}
22:50:00.987  {"type":"sample","target":"yellow","led":1,"n":31,"c":0,"r":0,"g":0,"b":0,"pta":225.4,"ptb":142.0}
22:50:01.301  {"type":"sample","target":"yellow","led":1,"n":32,"c":0,"r":0,"g":0,"b":0,"pta":781.4,"ptb":148.0}
22:50:01.302  {"type":"sample","target":"yellow","led":1,"n":33,"c":0,"r":0,"g":0,"b":0,"pta":816.8,"ptb":142.0}
22:50:01.762  {"type":"sample","target":"yellow","led":1,"n":34,"c":0,"r":0,"g":0,"b":0,"pta":595.4,"ptb":142.0}
22:50:01.762  {"type":"sample","target":"yellow","led":1,"n":35,"c":0,"r":0,"g":0,"b":0,"pta":664.9,"ptb":145.3}
22:50:01.763  {"type":"sample","target":"yellow","led":1,"n":36,"c":0,"r":0,"g":0,"b":0,"pta":798.8,"ptb":142.0}
22:50:02.077  {"type":"sample","target":"yellow","led":1,"n":37,"c":0,"r":0,"g":0,"b":0,"pta":789.1,"ptb":142.0}
22:50:02.077  {"type":"sample","target":"yellow","led":1,"n":38,"c":0,"r":0,"g":0,"b":0,"pta":780.9,"ptb":142.0}
22:50:02.539  {"type":"sample","target":"yellow","led":1,"n":39,"c":0,"r":0,"g":0,"b":0,"pta":142.0,"ptb":142.0}
22:50:02.539  {"type":"sample","target":"yellow","led":1,"n":40,"c":0,"r":0,"g":0,"b":0,"pta":142.0,"ptb":142.0}
22:50:02.540  {"type":"sample","target":"yellow","led":1,"n":41,"c":0,"r":0,"g":0,"b":0,"pta":143.7,"ptb":142.0}
22:50:03.000  {"type":"sample","target":"yellow","led":1,"n":42,"c":0,"r":0,"g":0,"b":0,"pta":396.6,"ptb":142.0}
22:50:03.001  {"type":"sample","target":"yellow","led":1,"n":43,"c":0,"r":0,"g":0,"b":0,"pta":898.4,"ptb":142.0}
22:50:03.001  {"type":"sample","target":"yellow","led":1,"n":44,"c":0,"r":0,"g":0,"b":0,"pta":986.6,"ptb":146.0}
22:50:03.315  {"type":"sample","target":"yellow","led":1,"n":45,"c":0,"r":0,"g":0,"b":0,"pta":889.6,"ptb":142.0}
22:50:03.315  {"type":"sample","target":"yellow","led":1,"n":46,"c":0,"r":0,"g":0,"b":0,"pta":147.4,"ptb":142.0}
22:50:04.026  {"type":"sample","target":"yellow","led":1,"n":47,"c":0,"r":0,"g":0,"b":0,"pta":175.2,"ptb":142.0}
22:50:04.026  {"type":"sample","target":"yellow","led":1,"n":48,"c":0,"r":0,"g":0,"b":0,"pta":433.6,"ptb":142.0}
22:50:04.027  {"type":"sample","target":"yellow","led":1,"n":49,"c":0,"r":0,"g":0,"b":0,"pta":527.8,"ptb":142.0}
22:50:04.342  {"type":"sample","target":"yellow","led":0,"n":0,"c":0,"r":0,"g":0,"b":0,"pta":142.0,"ptb":142.0}
22:50:04.343  {"type":"sample","target":"yellow","led":0,"n":1,"c":0,"r":0,"g":0,"b":0,"pta":142.0,"ptb":142.0}
22:50:04.803  {"type":"sample","target":"yellow","led":0,"n":2,"c":0,"r":0,"g":0,"b":0,"pta":142.0,"ptb":142.0}
22:50:04.803  {"type":"sample","target":"yellow","led":0,"n":3,"c":0,"r":0,"g":0,"b":0,"pta":142.0,"ptb":142.0}
22:50:04.804  {"type":"sample","target":"yellow","led":0,"n":4,"c":0,"r":0,"g":0,"b":0,"pta":142.0,"ptb":179.4}
22:50:05.265  {"type":"sample","target":"yellow","led":0,"n":5,"c":0,"r":0,"g":0,"b":0,"pta":142.0,"ptb":142.0}
22:50:05.265  {"type":"sample","target":"yellow","led":0,"n":6,"c":0,"r":0,"g":0,"b":0,"pta":142.0,"ptb":142.0}
22:50:05.266  {"type":"sample","target":"yellow","led":0,"n":7,"c":0,"r":0,"g":0,"b":0,"pta":148.1,"ptb":225.6}
22:50:05.580  {"type":"sample","target":"yellow","led":0,"n":8,"c":0,"r":0,"g":0,"b":0,"pta":142.0,"ptb":172.3}
22:50:05.580  {"type":"sample","target":"yellow","led":0,"n":9,"c":0,"r":0,"g":0,"b":0,"pta":142.0,"ptb":142.0}
22:50:06.042  {"type":"sample","target":"yellow","led":0,"n":10,"c":0,"r":0,"g":0,"b":0,"pta":142.0,"ptb":142.0}
22:50:06.042  {"type":"sample","target":"yellow","led":0,"n":11,"c":0,"r":0,"g":0,"b":0,"pta":156.2,"ptb":231.6}
22:50:06.043  {"type":"sample","target":"yellow","led":0,"n":12,"c":0,"r":0,"g":0,"b":0,"pta":142.0,"ptb":190.4}
22:50:06.357  {"type":"sample","target":"yellow","led":0,"n":13,"c":0,"r":0,"g":0,"b":0,"pta":142.0,"ptb":142.0}
22:50:06.357  {"type":"sample","target":"yellow","led":0,"n":14,"c":0,"r":0,"g":0,"b":0,"pta":142.0,"ptb":142.0}
22:50:06.818  {"type":"sample","target":"yellow","led":0,"n":15,"c":0,"r":0,"g":0,"b":0,"pta":149.4,"ptb":234.5}
22:50:06.818  {"type":"sample","target":"yellow","led":0,"n":16,"c":0,"r":0,"g":0,"b":0,"pta":142.0,"ptb":179.1}
22:50:06.819  {"type":"sample","target":"yellow","led":0,"n":17,"c":0,"r":0,"g":0,"b":0,"pta":142.0,"ptb":142.0}
22:50:07.280  {"type":"sample","target":"yellow","led":0,"n":18,"c":0,"r":0,"g":0,"b":0,"pta":142.0,"ptb":142.0}
22:50:07.280  {"type":"sample","target":"yellow","led":0,"n":19,"c":0,"r":0,"g":0,"b":0,"pta":149.2,"ptb":238.2}
22:50:07.281  {"type":"sample","target":"yellow","led":0,"n":20,"c":0,"r":0,"g":0,"b":0,"pta":142.0,"ptb":168.4}
22:50:07.595  {"type":"sample","target":"yellow","led":0,"n":21,"c":0,"r":0,"g":0,"b":0,"pta":142.0,"ptb":142.0}
22:50:07.595  {"type":"sample","target":"yellow","led":0,"n":22,"c":0,"r":0,"g":0,"b":0,"pta":142.0,"ptb":142.0}
22:50:08.056  {"type":"sample","target":"yellow","led":0,"n":23,"c":0,"r":0,"g":0,"b":0,"pta":149.9,"ptb":235.0}
22:50:08.056  {"type":"sample","target":"yellow","led":0,"n":24,"c":0,"r":0,"g":0,"b":0,"pta":142.0,"ptb":174.6}
22:50:08.057  {"type":"sample","target":"yellow","led":0,"n":25,"c":0,"r":0,"g":0,"b":0,"pta":142.0,"ptb":142.0}
22:50:08.371  {"type":"sample","target":"yellow","led":0,"n":26,"c":0,"r":0,"g":0,"b":0,"pta":142.0,"ptb":142.0}
22:50:08.371  {"type":"sample","target":"yellow","led":0,"n":27,"c":0,"r":0,"g":0,"b":0,"pta":149.9,"ptb":235.8}
22:50:08.832  {"type":"sample","target":"yellow","led":0,"n":28,"c":0,"r":0,"g":0,"b":0,"pta":142.0,"ptb":165.1}
22:50:08.832  {"type":"sample","target":"yellow","led":0,"n":29,"c":0,"r":0,"g":0,"b":0,"pta":142.0,"ptb":142.0}
22:50:08.833  {"type":"sample","target":"yellow","led":0,"n":30,"c":0,"r":0,"g":0,"b":0,"pta":142.0,"ptb":142.0}
22:50:09.147  {"type":"sample","target":"yellow","led":0,"n":31,"c":0,"r":0,"g":0,"b":0,"pta":149.4,"ptb":241.4}
22:50:09.147  {"type":"sample","target":"yellow","led":0,"n":32,"c":0,"r":0,"g":0,"b":0,"pta":142.0,"ptb":161.6}
22:50:09.148  {"type":"sample","target":"yellow","led":0,"n":33,"c":0,"r":0,"g":0,"b":0,"pta":142.0,"ptb":142.0}
22:50:09.609  {"type":"sample","target":"yellow","led":0,"n":34,"c":0,"r":0,"g":0,"b":0,"pta":142.0,"ptb":142.0}
22:50:09.609  {"type":"sample","target":"yellow","led":0,"n":35,"c":0,"r":0,"g":0,"b":0,"pta":157.3,"ptb":241.6}
22:50:10.070  {"type":"sample","target":"yellow","led":0,"n":36,"c":0,"r":0,"g":0,"b":0,"pta":142.0,"ptb":162.8}
22:50:10.070  {"type":"sample","target":"yellow","led":0,"n":37,"c":0,"r":0,"g":0,"b":0,"pta":142.0,"ptb":142.0}
22:50:10.071  {"type":"sample","target":"yellow","led":0,"n":38,"c":0,"r":0,"g":0,"b":0,"pta":142.0,"ptb":142.0}
22:50:10.385  {"type":"sample","target":"yellow","led":0,"n":39,"c":0,"r":0,"g":0,"b":0,"pta":156.0,"ptb":240.1}
22:50:10.386  {"type":"sample","target":"yellow","led":0,"n":40,"c":0,"r":0,"g":0,"b":0,"pta":142.0,"ptb":151.0}
22:50:10.847  {"type":"sample","target":"yellow","led":0,"n":41,"c":0,"r":0,"g":0,"b":0,"pta":142.0,"ptb":142.0}
22:50:10.847  {"type":"sample","target":"yellow","led":0,"n":42,"c":0,"r":0,"g":0,"b":0,"pta":142.0,"ptb":142.0}
22:50:10.848  {"type":"sample","target":"yellow","led":0,"n":43,"c":0,"r":0,"g":0,"b":0,"pta":154.4,"ptb":239.3}
22:50:11.162  {"type":"sample","target":"yellow","led":0,"n":44,"c":0,"r":0,"g":0,"b":0,"pta":142.0,"ptb":152.8}
22:50:11.162  {"type":"sample","target":"yellow","led":0,"n":45,"c":0,"r":0,"g":0,"b":0,"pta":142.0,"ptb":142.0}
22:50:11.623  {"type":"sample","target":"yellow","led":0,"n":46,"c":0,"r":0,"g":0,"b":0,"pta":142.0,"ptb":142.0}
22:50:11.623  {"type":"sample","target":"yellow","led":0,"n":47,"c":0,"r":0,"g":0,"b":0,"pta":162.4,"ptb":249.2}
22:50:11.624  {"type":"sample","target":"yellow","led":0,"n":48,"c":0,"r":0,"g":0,"b":0,"pta":142.0,"ptb":150.1}
22:50:11.645  {"type":"sample","target":"yellow","led":0,"n":49,"c":0,"r":0,"g":0,"b":0,"pta":142.0,"ptb":142.0}
22:50:12.676  {"type":"series","target":"yellow","light":"blue","gain":"16x","samples":50,"saturated":0,"on":{"C":[0.00,0.00],"R":[0.00,0.00],"G":[0.00,0.00],"B":[0.00,0.00],"PT-A":[371.36,302.36],"PT-B":[156.95,66.33]},"off":{"C":[0.00,0.00],"R":[0.00,0.00],"G":[0.00,0.00],"B":[0.00,0.00],"PT-A":[144.41,5.03],"PT-B":[169.08,38.71]},"signal":{"C":0.00,"R":0.00,"G":0.00,"B":0.00,"PT-A":226.95,"PT-B":-12.13},"noise":{"C":0.00,"R":0.00,"G":0.00,"B":0.00,"PT-A":302.40,"PT-B":76.80}}
22:50:12.678  {"type":"live","t":228586,"c":0,"r":0,"g":0,"b":0,"pta":142.0,"ptb":166.7,"sat":0,"light":"blue","gain":"16x"}
22:50:12.678  {"type":"live","t":228987,"c":0,"r":0,"g":0,"b":0,"pta":142.0,"ptb":174.2,"sat":0,"light":"blue","gain":"16x"}
22:50:13.481  {"type":"live","t":229388,"c":0,"r":0,"g":0,"b":0,"pta":142.0,"ptb":188.1,"sat":0,"light":"blue","gain":"16x"}
22:50:13.481  {"type":"live","t":229789,"c":0,"r":0,"g":0,"b":0,"pta":143.1,"ptb":223.5,"sat":0,"light":"blue","gain":"16x"}
22:50:14.286  {"type":"live","t":230190,"c":0,"r":0,"g":0,"b":0,"pta":160.9,"ptb":251.2,"sat":0,"light":"blue","gain":"16x"}
22:50:14.286  {"type":"live","t":230591,"c":0,"r":0,"g":0,"b":0,"pta":158.4,"ptb":244.2,"sat":0,"light":"blue","gain":"16x"}
22:50:15.091  {"type":"live","t":230992,"c":0,"r":0,"g":0,"b":0,"pta":150.7,"ptb":224.8,"sat":0,"light":"blue","gain":"16x"}
22:50:15.092  {"type":"live","t":231393,"c":0,"r":0,"g":0,"b":0,"pta":144.4,"ptb":204.9,"sat":0,"light":"blue","gain":"16x"}
22:50:16.095  {"type":"live","t":231794,"c":0,"r":0,"g":0,"b":0,"pta":142.0,"ptb":184.8,"sat":0,"light":"blue","gain":"16x"}
22:50:16.095  {"type":"live","t":232195,"c":0,"r":0,"g":0,"b":0,"pta":142.0,"ptb":147.6,"sat":0,"light":"blue","gain":"16x"}
22:50:16.096  {"type":"live","t":232596,"c":0,"r":0,"g":0,"b":0,"pta":142.0,"ptb":142.0,"sat":0,"light":"blue","gain":"16x"}
22:50:17.090  {"type":"live","t":232997,"c":0,"r":0,"g":0,"b":0,"pta":142.0,"ptb":142.0,"sat":0,"light":"blue","gain":"16x"}
22:50:17.090  {"type":"live","t":233398,"c":0,"r":0,"g":0,"b":0,"pta":142.0,"ptb":142.0,"sat":0,"light":"blue","gain":"16x"}
22:50:17.895  {"type":"live","t":233799,"c":0,"r":0,"g":0,"b":0,"pta":142.0,"ptb":142.0,"sat":0,"light":"blue","gain":"16x"}
22:50:17.895  {"type":"live","t":234200,"c":0,"r":0,"g":0,"b":0,"pta":142.0,"ptb":142.0,"sat":0,"light":"blue","gain":"16x"}
22:50:18.700  {"type":"live","t":234601,"c":0,"r":0,"g":0,"b":0,"pta":142.0,"ptb":142.0,"sat":0,"light":"blue","gain":"16x"}
22:50:18.700  {"type":"live","t":235002,"c":0,"r":0,"g":0,"b":0,"pta":142.0,"ptb":142.0,"sat":0,"light":"blue","gain":"16x"}
22:50:19.711  {"type":"live","t":235403,"c":0,"r":0,"g":0,"b":0,"pta":142.0,"ptb":142.0,"sat":0,"light":"blue","gain":"16x"}
22:50:19.712  {"type":"live","t":235804,"c":0,"r":0,"g":0,"b":0,"pta":142.0,"ptb":142.0,"sat":0,"light":"blue","gain":"16x"}
22:50:19.712  {"type":"live","t":236205,"c":0,"r":0,"g":0,"b":0,"pta":142.0,"ptb":142.0,"sat":0,"light":"blue","gain":"16x"}
22:50:20.699  {"type":"live","t":236606,"c":0,"r":0,"g":0,"b":0,"pta":142.0,"ptb":142.0,"sat":0,"light":"blue","gain":"16x"}
22:50:20.699  {"type":"live","t":237007,"c":0,"r":0,"g":0,"b":0,"pta":142.0,"ptb":143.7,"sat":0,"light":"blue","gain":"16x"}
22:50:21.503  {"type":"live","t":237408,"c":0,"r":0,"g":0,"b":0,"pta":142.0,"ptb":144.9,"sat":0,"light":"blue","gain":"16x"}
22:50:21.503  {"type":"live","t":237808,"c":0,"r":0,"g":0,"b":0,"pta":142.0,"ptb":143.9,"sat":0,"light":"blue","gain":"16x"}
22:50:22.308  {"type":"live","t":238209,"c":0,"r":0,"g":0,"b":0,"pta":142.8,"ptb":143.3,"sat":0,"light":"blue","gain":"16x"}
22:50:22.308  {"type":"live","t":238610,"c":0,"r":0,"g":0,"b":0,"pta":142.0,"ptb":144.8,"sat":0,"light":"blue","gain":"16x"}
22:50:23.311  {"type":"live","t":239011,"c":0,"r":0,"g":0,"b":0,"pta":142.0,"ptb":167.6,"sat":0,"light":"blue","gain":"16x"}
22:50:23.311  {"type":"live","t":239412,"c":0,"r":0,"g":0,"b":0,"pta":142.0,"ptb":169.5,"sat":0,"light":"blue","gain":"16x"}
22:50:23.312  {"type":"live","t":239813,"c":0,"r":0,"g":0,"b":0,"pta":142.0,"ptb":154.6,"sat":0,"light":"blue","gain":"16x"}
22:50:24.307  {"type":"live","t":240215,"c":0,"r":0,"g":0,"b":0,"pta":142.0,"ptb":153.9,"sat":0,"light":"blue","gain":"16x"}
22:50:24.308  {"type":"live","t":240616,"c":0,"r":0,"g":0,"b":0,"pta":142.0,"ptb":142.0,"sat":0,"light":"blue","gain":"16x"}
22:50:25.112  {"type":"live","t":241016,"c":0,"r":0,"g":0,"b":0,"pta":142.0,"ptb":142.0,"sat":0,"light":"blue","gain":"16x"}
22:50:25.112  {"type":"live","t":241417,"c":0,"r":0,"g":0,"b":0,"pta":142.0,"ptb":142.0,"sat":0,"light":"blue","gain":"16x"}
22:50:25.917  {"type":"live","t":241818,"c":0,"r":0,"g":0,"b":0,"pta":142.0,"ptb":142.0,"sat":0,"light":"blue","gain":"16x"}
22:50:25.917  {"type":"live","t":242219,"c":0,"r":0,"g":0,"b":0,"pta":142.0,"ptb":142.0,"sat":0,"light":"blue","gain":"16x"}
22:50:26.926  {"type":"live","t":242620,"c":0,"r":0,"g":0,"b":0,"pta":142.0,"ptb":142.0,"sat":0,"light":"blue","gain":"16x"}
22:50:26.927  {"type":"live","t":243021,"c":0,"r":0,"g":0,"b":0,"pta":142.0,"ptb":142.0,"sat":0,"light":"blue","gain":"16x"}
22:50:26.928  {"type":"live","t":243422,"c":0,"r":0,"g":0,"b":0,"pta":142.0,"ptb":142.0,"sat":0,"light":"blue","gain":"16x"}
22:50:27.916  {"type":"live","t":243824,"c":0,"r":0,"g":0,"b":0,"pta":142.0,"ptb":142.0,"sat":0,"light":"blue","gain":"16x"}
22:50:27.916  {"type":"live","t":244225,"c":0,"r":0,"g":0,"b":0,"pta":142.0,"ptb":142.0,"sat":0,"light":"blue","gain":"16x"}
22:50:28.721  {"type":"live","t":244626,"c":0,"r":0,"g":0,"b":0,"pta":142.0,"ptb":142.0,"sat":0,"light":"blue","gain":"16x"}
22:50:28.721  {"type":"live","t":245027,"c":0,"r":0,"g":0,"b":0,"pta":142.0,"ptb":142.0,"sat":0,"light":"blue","gain":"16x"}
22:50:29.526  {"type":"live","t":245427,"c":0,"r":0,"g":0,"b":0,"pta":142.0,"ptb":142.0,"sat":0,"light":"blue","gain":"16x"}
22:50:29.526  {"type":"live","t":245828,"c":0,"r":0,"g":0,"b":0,"pta":142.0,"ptb":142.0,"sat":0,"light":"blue","gain":"16x"}
22:50:30.173  {"type":"live","t":246229,"c":0,"r":0,"g":0,"b":0,"pta":142.0,"ptb":142.0,"sat":0,"light":"blue","gain":"16x"}
22:50:30.173  {"type":"run","target":"yellow","light":"blue","gain":"16x","samples":50}
22:50:30.174  {"type":"sample","target":"yellow","led":1,"n":0,"c":0,"r":0,"g":0,"b":0,"pta":142.0,"ptb":142.0}
22:50:30.635  {"type":"sample","target":"yellow","led":1,"n":1,"c":0,"r":0,"g":0,"b":0,"pta":142.0,"ptb":142.0}
22:50:30.636  {"type":"sample","target":"yellow","led":1,"n":2,"c":0,"r":0,"g":0,"b":0,"pta":142.0,"ptb":142.0}
22:50:30.636  {"type":"sample","target":"yellow","led":1,"n":3,"c":0,"r":0,"g":0,"b":0,"pta":142.0,"ptb":142.0}
22:50:30.950  {"type":"sample","target":"yellow","led":1,"n":4,"c":0,"r":0,"g":0,"b":0,"pta":142.0,"ptb":142.0}
22:50:30.950  {"type":"sample","target":"yellow","led":1,"n":5,"c":0,"r":0,"g":0,"b":0,"pta":142.0,"ptb":142.0}
22:50:31.412  {"type":"sample","target":"yellow","led":1,"n":6,"c":0,"r":0,"g":0,"b":0,"pta":142.0,"ptb":142.0}
22:50:31.412  {"type":"sample","target":"yellow","led":1,"n":7,"c":0,"r":0,"g":0,"b":0,"pta":142.0,"ptb":142.0}
22:50:31.413  {"type":"sample","target":"yellow","led":1,"n":8,"c":0,"r":0,"g":0,"b":0,"pta":142.0,"ptb":142.0}
22:50:31.873  {"type":"sample","target":"yellow","led":1,"n":9,"c":0,"r":0,"g":0,"b":0,"pta":142.0,"ptb":142.0}
22:50:31.873  {"type":"sample","target":"yellow","led":1,"n":10,"c":0,"r":0,"g":0,"b":0,"pta":142.0,"ptb":142.0}
22:50:31.874  {"type":"sample","target":"yellow","led":1,"n":11,"c":0,"r":0,"g":0,"b":0,"pta":142.0,"ptb":142.0}
22:50:32.188  {"type":"sample","target":"yellow","led":1,"n":12,"c":0,"r":0,"g":0,"b":0,"pta":142.0,"ptb":142.0}
22:50:32.188  {"type":"sample","target":"yellow","led":1,"n":13,"c":0,"r":0,"g":0,"b":0,"pta":142.0,"ptb":142.0}
22:50:32.650  {"type":"sample","target":"yellow","led":1,"n":14,"c":0,"r":0,"g":0,"b":0,"pta":142.0,"ptb":142.0}
22:50:32.650  {"type":"sample","target":"yellow","led":1,"n":15,"c":0,"r":0,"g":0,"b":0,"pta":142.0,"ptb":142.0}
22:50:32.651  {"type":"sample","target":"yellow","led":1,"n":16,"c":0,"r":0,"g":0,"b":0,"pta":142.0,"ptb":142.0}
22:50:32.965  {"type":"sample","target":"yellow","led":1,"n":17,"c":0,"r":0,"g":0,"b":0,"pta":142.0,"ptb":142.0}
22:50:32.965  {"type":"sample","target":"yellow","led":1,"n":18,"c":0,"r":0,"g":0,"b":0,"pta":142.0,"ptb":142.0}
22:50:33.426  {"type":"sample","target":"yellow","led":1,"n":19,"c":0,"r":0,"g":0,"b":0,"pta":142.0,"ptb":142.0}
22:50:33.426  {"type":"sample","target":"yellow","led":1,"n":20,"c":0,"r":0,"g":0,"b":0,"pta":142.0,"ptb":142.0}
22:50:33.427  {"type":"sample","target":"yellow","led":1,"n":21,"c":0,"r":0,"g":0,"b":0,"pta":142.0,"ptb":142.0}
22:50:33.888  {"type":"sample","target":"yellow","led":1,"n":22,"c":0,"r":0,"g":0,"b":0,"pta":142.0,"ptb":142.0}
22:50:33.888  {"type":"sample","target":"yellow","led":1,"n":23,"c":0,"r":0,"g":0,"b":0,"pta":142.0,"ptb":142.0}
22:50:33.889  {"type":"sample","target":"yellow","led":1,"n":24,"c":0,"r":0,"g":0,"b":0,"pta":142.0,"ptb":142.0}
22:50:34.203  {"type":"sample","target":"yellow","led":1,"n":25,"c":0,"r":0,"g":0,"b":0,"pta":142.0,"ptb":142.0}
22:50:34.203  {"type":"sample","target":"yellow","led":1,"n":26,"c":0,"r":0,"g":0,"b":0,"pta":142.0,"ptb":142.0}
22:50:34.664  {"type":"sample","target":"yellow","led":1,"n":27,"c":0,"r":0,"g":0,"b":0,"pta":142.0,"ptb":142.0}
22:50:34.665  {"type":"sample","target":"yellow","led":1,"n":28,"c":0,"r":0,"g":0,"b":0,"pta":142.0,"ptb":142.0}
22:50:34.665  {"type":"sample","target":"yellow","led":1,"n":29,"c":0,"r":0,"g":0,"b":0,"pta":142.0,"ptb":142.0}
22:50:34.979  {"type":"sample","target":"yellow","led":1,"n":30,"c":0,"r":0,"g":0,"b":0,"pta":142.0,"ptb":142.0}
22:50:34.979  {"type":"sample","target":"yellow","led":1,"n":31,"c":0,"r":0,"g":0,"b":0,"pta":142.0,"ptb":142.0}
22:50:35.440  {"type":"sample","target":"yellow","led":1,"n":32,"c":0,"r":0,"g":0,"b":0,"pta":142.0,"ptb":142.0}
22:50:35.440  {"type":"sample","target":"yellow","led":1,"n":33,"c":0,"r":0,"g":0,"b":0,"pta":142.0,"ptb":142.0}
22:50:35.441  {"type":"sample","target":"yellow","led":1,"n":34,"c":0,"r":0,"g":0,"b":0,"pta":142.0,"ptb":142.0}
22:50:35.902  {"type":"sample","target":"yellow","led":1,"n":35,"c":0,"r":0,"g":0,"b":0,"pta":142.0,"ptb":142.0}
22:50:35.902  {"type":"sample","target":"yellow","led":1,"n":36,"c":0,"r":0,"g":0,"b":0,"pta":142.0,"ptb":142.0}
22:50:35.903  {"type":"sample","target":"yellow","led":1,"n":37,"c":0,"r":0,"g":0,"b":0,"pta":142.0,"ptb":142.0}
22:50:36.217  {"type":"sample","target":"yellow","led":1,"n":38,"c":0,"r":0,"g":0,"b":0,"pta":142.0,"ptb":142.0}
22:50:36.217  {"type":"sample","target":"yellow","led":1,"n":39,"c":0,"r":0,"g":0,"b":0,"pta":142.0,"ptb":142.0}
22:50:36.678  {"type":"sample","target":"yellow","led":1,"n":40,"c":0,"r":0,"g":0,"b":0,"pta":142.0,"ptb":142.0}
22:50:36.679  {"type":"sample","target":"yellow","led":1,"n":41,"c":0,"r":0,"g":0,"b":0,"pta":143.6,"ptb":142.0}
22:50:36.680  {"type":"sample","target":"yellow","led":1,"n":42,"c":0,"r":0,"g":0,"b":0,"pta":142.0,"ptb":142.0}
22:50:36.993  {"type":"sample","target":"yellow","led":1,"n":43,"c":0,"r":0,"g":0,"b":0,"pta":142.0,"ptb":142.0}
22:50:36.993  {"type":"sample","target":"yellow","led":1,"n":44,"c":0,"r":0,"g":0,"b":0,"pta":142.0,"ptb":142.0}
22:50:37.455  {"type":"sample","target":"yellow","led":1,"n":45,"c":0,"r":0,"g":0,"b":0,"pta":142.0,"ptb":142.0}
22:50:37.455  {"type":"sample","target":"yellow","led":1,"n":46,"c":0,"r":0,"g":0,"b":0,"pta":142.0,"ptb":142.0}
22:50:37.456  {"type":"sample","target":"yellow","led":1,"n":47,"c":0,"r":0,"g":0,"b":0,"pta":142.0,"ptb":142.0}
22:50:38.020  {"type":"sample","target":"yellow","led":1,"n":48,"c":0,"r":0,"g":0,"b":0,"pta":142.0,"ptb":142.0}
22:50:38.020  {"type":"sample","target":"yellow","led":1,"n":49,"c":0,"r":0,"g":0,"b":0,"pta":142.0,"ptb":142.0}
22:50:38.482  {"type":"sample","target":"yellow","led":0,"n":0,"c":0,"r":0,"g":0,"b":0,"pta":142.0,"ptb":142.0}
22:50:38.482  {"type":"sample","target":"yellow","led":0,"n":1,"c":0,"r":0,"g":0,"b":0,"pta":142.0,"ptb":144.1}
22:50:38.483  {"type":"sample","target":"yellow","led":0,"n":2,"c":0,"r":0,"g":0,"b":0,"pta":142.0,"ptb":142.0}
22:50:38.943  {"type":"sample","target":"yellow","led":0,"n":3,"c":0,"r":0,"g":0,"b":0,"pta":142.0,"ptb":142.0}
22:50:38.944  {"type":"sample","target":"yellow","led":0,"n":4,"c":0,"r":0,"g":0,"b":0,"pta":142.0,"ptb":142.0}
22:50:38.944  {"type":"sample","target":"yellow","led":0,"n":5,"c":0,"r":0,"g":0,"b":0,"pta":142.0,"ptb":142.0}
22:50:39.258  {"type":"sample","target":"yellow","led":0,"n":6,"c":0,"r":0,"g":0,"b":0,"pta":142.0,"ptb":142.0}
22:50:39.258  {"type":"sample","target":"yellow","led":0,"n":7,"c":0,"r":0,"g":0,"b":0,"pta":142.0,"ptb":142.0}
22:50:39.720  {"type":"sample","target":"yellow","led":0,"n":8,"c":0,"r":0,"g":0,"b":0,"pta":142.0,"ptb":142.0}
22:50:39.720  {"type":"sample","target":"yellow","led":0,"n":9,"c":0,"r":0,"g":0,"b":0,"pta":142.0,"ptb":142.0}
22:50:39.721  {"type":"sample","target":"yellow","led":0,"n":10,"c":0,"r":0,"g":0,"b":0,"pta":142.0,"ptb":142.0}
22:50:40.181  {"type":"sample","target":"yellow","led":0,"n":11,"c":0,"r":0,"g":0,"b":0,"pta":142.0,"ptb":142.0}
22:50:40.181  {"type":"sample","target":"yellow","led":0,"n":12,"c":0,"r":0,"g":0,"b":0,"pta":142.0,"ptb":142.0}
22:50:40.182  {"type":"sample","target":"yellow","led":0,"n":13,"c":0,"r":0,"g":0,"b":0,"pta":142.0,"ptb":142.0}
22:50:40.497  {"type":"sample","target":"yellow","led":0,"n":14,"c":0,"r":0,"g":0,"b":0,"pta":142.0,"ptb":142.0}
22:50:40.497  {"type":"sample","target":"yellow","led":0,"n":15,"c":0,"r":0,"g":0,"b":0,"pta":142.0,"ptb":142.0}
22:50:40.958  {"type":"sample","target":"yellow","led":0,"n":16,"c":0,"r":0,"g":0,"b":0,"pta":142.0,"ptb":142.0}
22:50:40.958  {"type":"sample","target":"yellow","led":0,"n":17,"c":0,"r":0,"g":0,"b":0,"pta":142.0,"ptb":142.0}
22:50:40.959  {"type":"sample","target":"yellow","led":0,"n":18,"c":0,"r":0,"g":0,"b":0,"pta":142.0,"ptb":142.0}
22:50:41.273  {"type":"sample","target":"yellow","led":0,"n":19,"c":0,"r":0,"g":0,"b":0,"pta":142.0,"ptb":142.0}
22:50:41.273  {"type":"sample","target":"yellow","led":0,"n":20,"c":0,"r":0,"g":0,"b":0,"pta":142.0,"ptb":142.0}
22:50:41.734  {"type":"sample","target":"yellow","led":0,"n":21,"c":0,"r":0,"g":0,"b":0,"pta":142.0,"ptb":142.0}
22:50:41.734  {"type":"sample","target":"yellow","led":0,"n":22,"c":0,"r":0,"g":0,"b":0,"pta":142.0,"ptb":142.0}
22:50:41.735  {"type":"sample","target":"yellow","led":0,"n":23,"c":0,"r":0,"g":0,"b":0,"pta":142.0,"ptb":142.0}
22:50:42.049  {"type":"sample","target":"yellow","led":0,"n":24,"c":0,"r":0,"g":0,"b":0,"pta":142.0,"ptb":142.0}
22:50:42.049  {"type":"sample","target":"yellow","led":0,"n":25,"c":0,"r":0,"g":0,"b":0,"pta":142.0,"ptb":142.0}
22:50:42.511  {"type":"sample","target":"yellow","led":0,"n":26,"c":0,"r":0,"g":0,"b":0,"pta":142.0,"ptb":142.0}
22:50:42.512  {"type":"sample","target":"yellow","led":0,"n":27,"c":0,"r":0,"g":0,"b":0,"pta":142.0,"ptb":142.0}
22:50:42.512  {"type":"sample","target":"yellow","led":0,"n":28,"c":0,"r":0,"g":0,"b":0,"pta":142.0,"ptb":142.0}
22:50:42.972  {"type":"sample","target":"yellow","led":0,"n":29,"c":0,"r":0,"g":0,"b":0,"pta":142.0,"ptb":142.0}
22:50:42.972  {"type":"sample","target":"yellow","led":0,"n":30,"c":0,"r":0,"g":0,"b":0,"pta":142.0,"ptb":142.0}
22:50:42.973  {"type":"sample","target":"yellow","led":0,"n":31,"c":0,"r":0,"g":0,"b":0,"pta":142.0,"ptb":142.0}
22:50:43.287  {"type":"sample","target":"yellow","led":0,"n":32,"c":0,"r":0,"g":0,"b":0,"pta":142.0,"ptb":142.0}
22:50:43.287  {"type":"sample","target":"yellow","led":0,"n":33,"c":0,"r":0,"g":0,"b":0,"pta":142.0,"ptb":142.0}
22:50:43.749  {"type":"sample","target":"yellow","led":0,"n":34,"c":0,"r":0,"g":0,"b":0,"pta":142.0,"ptb":142.0}
22:50:43.749  {"type":"sample","target":"yellow","led":0,"n":35,"c":0,"r":0,"g":0,"b":0,"pta":142.0,"ptb":142.0}
22:50:43.750  {"type":"sample","target":"yellow","led":0,"n":36,"c":0,"r":0,"g":0,"b":0,"pta":142.0,"ptb":142.0}
22:50:44.064  {"type":"sample","target":"yellow","led":0,"n":37,"c":0,"r":0,"g":0,"b":0,"pta":142.0,"ptb":142.0}
22:50:44.065  {"type":"sample","target":"yellow","led":0,"n":38,"c":0,"r":0,"g":0,"b":0,"pta":142.0,"ptb":142.0}
22:50:44.525  {"type":"sample","target":"yellow","led":0,"n":39,"c":0,"r":0,"g":0,"b":0,"pta":142.0,"ptb":142.0}
22:50:44.525  {"type":"sample","target":"yellow","led":0,"n":40,"c":0,"r":0,"g":0,"b":0,"pta":142.0,"ptb":142.0}
22:50:44.526  {"type":"sample","target":"yellow","led":0,"n":41,"c":0,"r":0,"g":0,"b":0,"pta":142.0,"ptb":142.0}
22:50:44.987  {"type":"sample","target":"yellow","led":0,"n":42,"c":0,"r":0,"g":0,"b":0,"pta":142.0,"ptb":142.0}
22:50:44.987  {"type":"sample","target":"yellow","led":0,"n":43,"c":0,"r":0,"g":0,"b":0,"pta":142.0,"ptb":142.8}
22:50:44.988  {"type":"sample","target":"yellow","led":0,"n":44,"c":0,"r":0,"g":0,"b":0,"pta":142.0,"ptb":142.0}
22:50:45.302  {"type":"sample","target":"yellow","led":0,"n":45,"c":0,"r":0,"g":0,"b":0,"pta":142.0,"ptb":142.0}
22:50:45.302  {"type":"sample","target":"yellow","led":0,"n":46,"c":0,"r":0,"g":0,"b":0,"pta":142.0,"ptb":142.0}
22:50:45.617  {"type":"sample","target":"yellow","led":0,"n":47,"c":0,"r":0,"g":0,"b":0,"pta":142.0,"ptb":142.0}
22:50:45.617  {"type":"sample","target":"yellow","led":0,"n":48,"c":0,"r":0,"g":0,"b":0,"pta":142.0,"ptb":142.0}
22:50:45.618  {"type":"sample","target":"yellow","led":0,"n":49,"c":0,"r":0,"g":0,"b":0,"pta":142.0,"ptb":142.0}
22:50:45.867  {"type":"series","target":"yellow","light":"blue","gain":"16x","samples":50,"saturated":0,"on":{"C":[0.00,0.00],"R":[0.00,0.00],"G":[0.00,0.00],"B":[0.00,0.00],"PT-A":[142.03,0.23],"PT-B":[142.00,0.00]},"off":{"C":[0.00,0.00],"R":[0.00,0.00],"G":[0.00,0.00],"B":[0.00,0.00],"PT-A":[142.00,0.00],"PT-B":[142.06,0.31]},"signal":{"C":0.00,"R":0.00,"G":0.00,"B":0.00,"PT-A":0.03,"PT-B":-0.06},"noise":{"C":0.00,"R":0.00,"G":0.00,"B":0.00,"PT-A":0.23,"PT-B":0.31}}
22:50:46.672  {"type":"live","t":262573,"c":0,"r":0,"g":0,"b":0,"pta":142.0,"ptb":142.0,"sat":0,"light":"blue","gain":"16x"}
22:50:46.673  {"type":"live","t":262974,"c":0,"r":0,"g":0,"b":0,"pta":142.0,"ptb":142.0,"sat":0,"light":"blue","gain":"16x"}
22:50:47.683  {"type":"live","t":263375,"c":0,"r":0,"g":0,"b":0,"pta":142.0,"ptb":142.0,"sat":0,"light":"blue","gain":"16x"}
22:50:47.683  {"type":"live","t":263776,"c":0,"r":0,"g":0,"b":0,"pta":142.0,"ptb":142.0,"sat":0,"light":"blue","gain":"16x"}
22:50:47.684  {"type":"live","t":264177,"c":0,"r":0,"g":0,"b":0,"pta":142.0,"ptb":142.0,"sat":0,"light":"blue","gain":"16x"}
22:50:48.671  {"type":"live","t":264578,"c":0,"r":0,"g":0,"b":0,"pta":142.0,"ptb":142.0,"sat":0,"light":"blue","gain":"16x"}
22:50:48.671  {"type":"live","t":264979,"c":0,"r":0,"g":0,"b":0,"pta":142.0,"ptb":142.0,"sat":0,"light":"blue","gain":"16x"}
22:50:49.476  {"type":"live","t":265380,"c":0,"r":0,"g":0,"b":0,"pta":142.0,"ptb":142.0,"sat":0,"light":"blue","gain":"16x"}
22:50:49.476  {"type":"live","t":265781,"c":0,"r":0,"g":0,"b":0,"pta":142.0,"ptb":142.0,"sat":0,"light":"blue","gain":"16x"}
22:50:50.281  {"type":"live","t":266182,"c":0,"r":0,"g":0,"b":0,"pta":142.0,"ptb":142.0,"sat":0,"light":"blue","gain":"16x"}
22:50:50.281  {"type":"live","t":266583,"c":0,"r":0,"g":0,"b":0,"pta":142.0,"ptb":142.0,"sat":0,"light":"blue","gain":"16x"}
22:50:51.292  {"type":"live","t":266984,"c":0,"r":0,"g":0,"b":0,"pta":142.0,"ptb":142.0,"sat":0,"light":"blue","gain":"16x"}
22:50:51.292  {"type":"live","t":267385,"c":0,"r":0,"g":0,"b":0,"pta":142.0,"ptb":142.0,"sat":0,"light":"blue","gain":"16x"}
22:50:51.292  {"type":"live","t":267786,"c":0,"r":0,"g":0,"b":0,"pta":142.0,"ptb":142.0,"sat":0,"light":"blue","gain":"16x"}
22:50:52.280  {"type":"live","t":268187,"c":0,"r":0,"g":0,"b":0,"pta":142.0,"ptb":142.0,"sat":0,"light":"blue","gain":"16x"}
22:50:52.280  {"type":"live","t":268588,"c":0,"r":0,"g":0,"b":0,"pta":142.0,"ptb":142.0,"sat":0,"light":"blue","gain":"16x"}
22:50:53.085  {"type":"live","t":268989,"c":0,"r":0,"g":0,"b":0,"pta":142.0,"ptb":142.0,"sat":0,"light":"blue","gain":"16x"}
22:50:53.085  {"type":"live","t":269390,"c":0,"r":0,"g":0,"b":0,"pta":142.0,"ptb":142.7,"sat":0,"light":"blue","gain":"16x"}
22:50:53.682  {"type":"live","t":269791,"c":0,"r":0,"g":0,"b":0,"pta":142.0,"ptb":156.1,"sat":0,"light":"blue","gain":"16x"}
22:50:53.682  {"type":"run","target":"yellow","light":"blue","gain":"16x","samples":50}
22:50:53.683  {"type":"sample","target":"yellow","led":1,"n":0,"c":0,"r":0,"g":0,"b":0,"pta":142.0,"ptb":142.0}
22:50:54.143  {"type":"sample","target":"yellow","led":1,"n":1,"c":0,"r":0,"g":0,"b":0,"pta":142.0,"ptb":142.0}
22:50:54.143  {"type":"sample","target":"yellow","led":1,"n":2,"c":0,"r":0,"g":0,"b":0,"pta":142.0,"ptb":142.0}
22:50:54.144  {"type":"sample","target":"yellow","led":1,"n":3,"c":0,"r":0,"g":0,"b":0,"pta":142.0,"ptb":142.0}
22:50:54.459  {"type":"sample","target":"yellow","led":1,"n":4,"c":0,"r":0,"g":0,"b":0,"pta":142.0,"ptb":142.0}
22:50:54.459  {"type":"sample","target":"yellow","led":1,"n":5,"c":0,"r":0,"g":0,"b":0,"pta":142.0,"ptb":142.0}
22:50:54.920  {"type":"sample","target":"yellow","led":1,"n":6,"c":0,"r":0,"g":0,"b":0,"pta":142.0,"ptb":142.0}
22:50:54.920  {"type":"sample","target":"yellow","led":1,"n":7,"c":0,"r":0,"g":0,"b":0,"pta":142.0,"ptb":142.0}
22:50:54.921  {"type":"sample","target":"yellow","led":1,"n":8,"c":0,"r":0,"g":0,"b":0,"pta":142.0,"ptb":142.0}
22:50:55.235  {"type":"sample","target":"yellow","led":1,"n":9,"c":0,"r":0,"g":0,"b":0,"pta":142.0,"ptb":142.0}
22:50:55.235  {"type":"sample","target":"yellow","led":1,"n":10,"c":0,"r":0,"g":0,"b":0,"pta":142.0,"ptb":142.0}
22:50:55.697  {"type":"sample","target":"yellow","led":1,"n":11,"c":0,"r":0,"g":0,"b":0,"pta":142.0,"ptb":142.0}
22:50:55.698  {"type":"sample","target":"yellow","led":1,"n":12,"c":0,"r":0,"g":0,"b":0,"pta":142.0,"ptb":142.0}
22:50:55.698  {"type":"sample","target":"yellow","led":1,"n":13,"c":0,"r":0,"g":0,"b":0,"pta":142.0,"ptb":142.0}
22:50:56.158  {"type":"sample","target":"yellow","led":1,"n":14,"c":0,"r":0,"g":0,"b":0,"pta":142.0,"ptb":142.0}
22:50:56.158  {"type":"sample","target":"yellow","led":1,"n":15,"c":0,"r":0,"g":0,"b":0,"pta":142.0,"ptb":142.0}
22:50:56.159  {"type":"sample","target":"yellow","led":1,"n":16,"c":0,"r":0,"g":0,"b":0,"pta":142.0,"ptb":142.0}
22:50:56.473  {"type":"sample","target":"yellow","led":1,"n":17,"c":0,"r":0,"g":0,"b":0,"pta":142.0,"ptb":142.0}
22:50:56.473  {"type":"sample","target":"yellow","led":1,"n":18,"c":0,"r":0,"g":0,"b":0,"pta":142.0,"ptb":142.0}
22:50:56.935  {"type":"sample","target":"yellow","led":1,"n":19,"c":0,"r":0,"g":0,"b":0,"pta":142.0,"ptb":142.0}
22:50:56.935  {"type":"sample","target":"yellow","led":1,"n":20,"c":0,"r":0,"g":0,"b":0,"pta":142.0,"ptb":142.0}
22:50:56.936  {"type":"sample","target":"yellow","led":1,"n":21,"c":0,"r":0,"g":0,"b":0,"pta":142.0,"ptb":142.0}
22:50:57.250  {"type":"sample","target":"yellow","led":1,"n":22,"c":0,"r":0,"g":0,"b":0,"pta":142.0,"ptb":142.0}
22:50:57.250  {"type":"sample","target":"yellow","led":1,"n":23,"c":0,"r":0,"g":0,"b":0,"pta":142.0,"ptb":142.0}
22:50:57.711  {"type":"sample","target":"yellow","led":1,"n":24,"c":0,"r":0,"g":0,"b":0,"pta":142.0,"ptb":142.0}
22:50:57.711  {"type":"sample","target":"yellow","led":1,"n":25,"c":0,"r":0,"g":0,"b":0,"pta":142.0,"ptb":142.0}
22:50:57.712  {"type":"sample","target":"yellow","led":1,"n":26,"c":0,"r":0,"g":0,"b":0,"pta":142.0,"ptb":142.0}
22:50:58.026  {"type":"sample","target":"yellow","led":1,"n":27,"c":0,"r":0,"g":0,"b":0,"pta":142.0,"ptb":142.0}
22:50:58.026  {"type":"sample","target":"yellow","led":1,"n":28,"c":0,"r":0,"g":0,"b":0,"pta":142.0,"ptb":142.0}
22:50:58.488  {"type":"sample","target":"yellow","led":1,"n":29,"c":0,"r":0,"g":0,"b":0,"pta":142.0,"ptb":142.0}
22:50:58.488  {"type":"sample","target":"yellow","led":1,"n":30,"c":0,"r":0,"g":0,"b":0,"pta":142.0,"ptb":142.0}
22:50:58.489  {"type":"sample","target":"yellow","led":1,"n":31,"c":0,"r":0,"g":0,"b":0,"pta":142.0,"ptb":142.0}
22:50:58.949  {"type":"sample","target":"yellow","led":1,"n":32,"c":0,"r":0,"g":0,"b":0,"pta":142.0,"ptb":142.0}
22:50:58.949  {"type":"sample","target":"yellow","led":1,"n":33,"c":0,"r":0,"g":0,"b":0,"pta":142.0,"ptb":142.0}
22:50:58.950  {"type":"sample","target":"yellow","led":1,"n":34,"c":0,"r":0,"g":0,"b":0,"pta":142.0,"ptb":142.0}
22:50:59.264  {"type":"sample","target":"yellow","led":1,"n":35,"c":0,"r":0,"g":0,"b":0,"pta":142.0,"ptb":142.0}
22:50:59.265  {"type":"sample","target":"yellow","led":1,"n":36,"c":0,"r":0,"g":0,"b":0,"pta":142.0,"ptb":142.0}
22:50:59.726  {"type":"sample","target":"yellow","led":1,"n":37,"c":0,"r":0,"g":0,"b":0,"pta":142.0,"ptb":142.0}
22:50:59.727  {"type":"sample","target":"yellow","led":1,"n":38,"c":0,"r":0,"g":0,"b":0,"pta":142.0,"ptb":142.0}
22:50:59.727  {"type":"sample","target":"yellow","led":1,"n":39,"c":0,"r":0,"g":0,"b":0,"pta":142.0,"ptb":142.0}
22:51:00.041  {"type":"sample","target":"yellow","led":1,"n":40,"c":0,"r":0,"g":0,"b":0,"pta":142.0,"ptb":142.0}
22:51:00.041  {"type":"sample","target":"yellow","led":1,"n":41,"c":0,"r":0,"g":0,"b":0,"pta":142.0,"ptb":142.0}
22:51:00.502  {"type":"sample","target":"yellow","led":1,"n":42,"c":0,"r":0,"g":0,"b":0,"pta":142.0,"ptb":142.0}
22:51:00.502  {"type":"sample","target":"yellow","led":1,"n":43,"c":0,"r":0,"g":0,"b":0,"pta":142.0,"ptb":142.0}
22:51:00.503  {"type":"sample","target":"yellow","led":1,"n":44,"c":0,"r":0,"g":0,"b":0,"pta":142.0,"ptb":142.0}
22:51:00.963  {"type":"sample","target":"yellow","led":1,"n":45,"c":0,"r":0,"g":0,"b":0,"pta":142.0,"ptb":142.0}
22:51:00.963  {"type":"sample","target":"yellow","led":1,"n":46,"c":0,"r":0,"g":0,"b":0,"pta":142.0,"ptb":142.0}
22:51:00.964  {"type":"sample","target":"yellow","led":1,"n":47,"c":0,"r":0,"g":0,"b":0,"pta":142.0,"ptb":142.0}
22:51:01.529  {"type":"sample","target":"yellow","led":1,"n":48,"c":0,"r":0,"g":0,"b":0,"pta":142.0,"ptb":142.0}
22:51:01.529  {"type":"sample","target":"yellow","led":1,"n":49,"c":0,"r":0,"g":0,"b":0,"pta":142.0,"ptb":142.0}
22:51:01.990  {"type":"sample","target":"yellow","led":0,"n":0,"c":0,"r":0,"g":0,"b":0,"pta":142.0,"ptb":142.0}
22:51:01.990  {"type":"sample","target":"yellow","led":0,"n":1,"c":0,"r":0,"g":0,"b":0,"pta":142.0,"ptb":142.0}
22:51:01.991  {"type":"sample","target":"yellow","led":0,"n":2,"c":0,"r":0,"g":0,"b":0,"pta":142.0,"ptb":142.0}
22:51:02.305  {"type":"sample","target":"yellow","led":0,"n":3,"c":0,"r":0,"g":0,"b":0,"pta":142.0,"ptb":142.0}
22:51:02.305  {"type":"sample","target":"yellow","led":0,"n":4,"c":0,"r":0,"g":0,"b":0,"pta":142.0,"ptb":142.0}
22:51:02.767  {"type":"sample","target":"yellow","led":0,"n":5,"c":0,"r":0,"g":0,"b":0,"pta":142.0,"ptb":142.0}
22:51:02.768  {"type":"sample","target":"yellow","led":0,"n":6,"c":0,"r":0,"g":0,"b":0,"pta":142.0,"ptb":142.0}
22:51:02.768  {"type":"sample","target":"yellow","led":0,"n":7,"c":0,"r":0,"g":0,"b":0,"pta":142.0,"ptb":142.0}
22:51:03.229  {"type":"sample","target":"yellow","led":0,"n":8,"c":0,"r":0,"g":0,"b":0,"pta":142.0,"ptb":142.0}
22:51:03.229  {"type":"sample","target":"yellow","led":0,"n":9,"c":0,"r":0,"g":0,"b":0,"pta":142.0,"ptb":142.0}
22:51:03.230  {"type":"sample","target":"yellow","led":0,"n":10,"c":0,"r":0,"g":0,"b":0,"pta":142.0,"ptb":142.0}
22:51:03.544  {"type":"sample","target":"yellow","led":0,"n":11,"c":0,"r":0,"g":0,"b":0,"pta":142.0,"ptb":142.0}
22:51:03.544  {"type":"sample","target":"yellow","led":0,"n":12,"c":0,"r":0,"g":0,"b":0,"pta":142.0,"ptb":142.0}
22:51:04.005  {"type":"sample","target":"yellow","led":0,"n":13,"c":0,"r":0,"g":0,"b":0,"pta":142.0,"ptb":142.0}
22:51:04.005  {"type":"sample","target":"yellow","led":0,"n":14,"c":0,"r":0,"g":0,"b":0,"pta":142.0,"ptb":142.0}
22:51:04.006  {"type":"sample","target":"yellow","led":0,"n":15,"c":0,"r":0,"g":0,"b":0,"pta":142.0,"ptb":142.0}
22:51:04.320  {"type":"sample","target":"yellow","led":0,"n":16,"c":0,"r":0,"g":0,"b":0,"pta":142.0,"ptb":142.0}
22:51:04.320  {"type":"sample","target":"yellow","led":0,"n":17,"c":0,"r":0,"g":0,"b":0,"pta":142.0,"ptb":142.0}
22:51:04.782  {"type":"sample","target":"yellow","led":0,"n":18,"c":0,"r":0,"g":0,"b":0,"pta":142.0,"ptb":142.0}
22:51:04.782  {"type":"sample","target":"yellow","led":0,"n":19,"c":0,"r":0,"g":0,"b":0,"pta":142.0,"ptb":142.0}
22:51:04.783  {"type":"sample","target":"yellow","led":0,"n":20,"c":0,"r":0,"g":0,"b":0,"pta":142.0,"ptb":142.0}
22:51:05.243  {"type":"sample","target":"yellow","led":0,"n":21,"c":0,"r":0,"g":0,"b":0,"pta":142.0,"ptb":142.0}
22:51:05.243  {"type":"sample","target":"yellow","led":0,"n":22,"c":0,"r":0,"g":0,"b":0,"pta":142.0,"ptb":142.0}
22:51:05.243  {"type":"sample","target":"yellow","led":0,"n":23,"c":0,"r":0,"g":0,"b":0,"pta":142.0,"ptb":142.0}
22:51:05.558  {"type":"sample","target":"yellow","led":0,"n":24,"c":0,"r":0,"g":0,"b":0,"pta":142.0,"ptb":142.0}
22:51:05.559  {"type":"sample","target":"yellow","led":0,"n":25,"c":0,"r":0,"g":0,"b":0,"pta":142.0,"ptb":142.0}
22:51:06.020  {"type":"sample","target":"yellow","led":0,"n":26,"c":0,"r":0,"g":0,"b":0,"pta":142.0,"ptb":142.0}
22:51:06.021  {"type":"sample","target":"yellow","led":0,"n":27,"c":0,"r":0,"g":0,"b":0,"pta":142.0,"ptb":142.0}
22:51:06.021  {"type":"sample","target":"yellow","led":0,"n":28,"c":0,"r":0,"g":0,"b":0,"pta":142.0,"ptb":142.0}
22:51:06.335  {"type":"sample","target":"yellow","led":0,"n":29,"c":0,"r":0,"g":0,"b":0,"pta":142.0,"ptb":142.0}
22:51:06.335  {"type":"sample","target":"yellow","led":0,"n":30,"c":0,"r":0,"g":0,"b":0,"pta":142.0,"ptb":142.0}
22:51:06.796  {"type":"sample","target":"yellow","led":0,"n":31,"c":0,"r":0,"g":0,"b":0,"pta":142.0,"ptb":142.0}
22:51:06.797  {"type":"sample","target":"yellow","led":0,"n":32,"c":0,"r":0,"g":0,"b":0,"pta":142.0,"ptb":142.0}
22:51:06.797  {"type":"sample","target":"yellow","led":0,"n":33,"c":0,"r":0,"g":0,"b":0,"pta":142.0,"ptb":142.0}
22:51:07.111  {"type":"sample","target":"yellow","led":0,"n":34,"c":0,"r":0,"g":0,"b":0,"pta":142.0,"ptb":142.0}
22:51:07.111  {"type":"sample","target":"yellow","led":0,"n":35,"c":0,"r":0,"g":0,"b":0,"pta":142.0,"ptb":142.0}
22:51:07.572  {"type":"sample","target":"yellow","led":0,"n":36,"c":0,"r":0,"g":0,"b":0,"pta":142.0,"ptb":142.0}
22:51:07.573  {"type":"sample","target":"yellow","led":0,"n":37,"c":0,"r":0,"g":0,"b":0,"pta":142.0,"ptb":142.0}
22:51:07.573  {"type":"sample","target":"yellow","led":0,"n":38,"c":0,"r":0,"g":0,"b":0,"pta":142.0,"ptb":142.0}
22:51:08.034  {"type":"sample","target":"yellow","led":0,"n":39,"c":0,"r":0,"g":0,"b":0,"pta":142.0,"ptb":142.0}
22:51:08.034  {"type":"sample","target":"yellow","led":0,"n":40,"c":0,"r":0,"g":0,"b":0,"pta":142.0,"ptb":142.0}
22:51:08.035  {"type":"sample","target":"yellow","led":0,"n":41,"c":0,"r":0,"g":0,"b":0,"pta":142.0,"ptb":142.0}
22:51:08.349  {"type":"sample","target":"yellow","led":0,"n":42,"c":0,"r":0,"g":0,"b":0,"pta":142.0,"ptb":142.0}
22:51:08.349  {"type":"sample","target":"yellow","led":0,"n":43,"c":0,"r":0,"g":0,"b":0,"pta":142.0,"ptb":142.0}
22:51:08.810  {"type":"sample","target":"yellow","led":0,"n":44,"c":0,"r":0,"g":0,"b":0,"pta":142.0,"ptb":142.0}
22:51:08.811  {"type":"sample","target":"yellow","led":0,"n":45,"c":0,"r":0,"g":0,"b":0,"pta":142.0,"ptb":142.0}
22:51:08.811  {"type":"sample","target":"yellow","led":0,"n":46,"c":0,"r":0,"g":0,"b":0,"pta":142.0,"ptb":142.0}
22:51:09.125  {"type":"sample","target":"yellow","led":0,"n":47,"c":0,"r":0,"g":0,"b":0,"pta":142.0,"ptb":142.0}
22:51:09.125  {"type":"sample","target":"yellow","led":0,"n":48,"c":0,"r":0,"g":0,"b":0,"pta":142.0,"ptb":142.0}
22:51:09.148  {"type":"sample","target":"yellow","led":0,"n":49,"c":0,"r":0,"g":0,"b":0,"pta":142.0,"ptb":142.0}
22:51:09.376  {"type":"series","target":"yellow","light":"blue","gain":"16x","samples":50,"saturated":0,"on":{"C":[0.00,0.00],"R":[0.00,0.00],"G":[0.00,0.00],"B":[0.00,0.00],"PT-A":[142.00,0.00],"PT-B":[142.00,0.00]},"off":{"C":[0.00,0.00],"R":[0.00,0.00],"G":[0.00,0.00],"B":[0.00,0.00],"PT-A":[142.00,0.00],"PT-B":[142.00,0.00]},"signal":{"C":0.00,"R":0.00,"G":0.00,"B":0.00,"PT-A":0.00,"PT-B":0.00},"noise":{"C":0.00,"R":0.00,"G":0.00,"B":0.00,"PT-A":0.00,"PT-B":0.00}}
22:51:10.181  {"type":"live","t":286085,"c":0,"r":0,"g":0,"b":0,"pta":142.0,"ptb":142.0,"sat":0,"light":"blue","gain":"16x"}
22:51:10.181  {"type":"live","t":286486,"c":0,"r":0,"g":0,"b":0,"pta":142.0,"ptb":142.0,"sat":0,"light":"blue","gain":"16x"}
22:51:10.986  {"type":"live","t":286887,"c":0,"r":0,"g":0,"b":0,"pta":142.0,"ptb":142.0,"sat":0,"light":"blue","gain":"16x"}
22:51:10.986  {"type":"live","t":287288,"c":0,"r":0,"g":0,"b":0,"pta":142.0,"ptb":142.0,"sat":0,"light":"blue","gain":"16x"}
22:51:12.002  {"type":"live","t":287689,"c":0,"r":0,"g":0,"b":0,"pta":142.0,"ptb":142.0,"sat":0,"light":"blue","gain":"16x"}
22:51:12.003  {"type":"live","t":288090,"c":0,"r":0,"g":0,"b":0,"pta":142.0,"ptb":142.0,"sat":0,"light":"blue","gain":"16x"}
22:51:12.003  {"type":"live","t":288491,"c":0,"r":0,"g":0,"b":0,"pta":142.0,"ptb":142.0,"sat":0,"light":"blue","gain":"16x"}
22:51:12.985  {"type":"live","t":288892,"c":0,"r":0,"g":0,"b":0,"pta":142.0,"ptb":142.0,"sat":0,"light":"blue","gain":"16x"}
22:51:12.986  {"type":"live","t":289293,"c":0,"r":0,"g":0,"b":0,"pta":142.0,"ptb":142.0,"sat":0,"light":"blue","gain":"16x"}
22:51:13.790  {"type":"live","t":289694,"c":0,"r":0,"g":0,"b":0,"pta":142.0,"ptb":142.0,"sat":0,"light":"blue","gain":"16x"}
22:51:13.791  {"type":"live","t":290095,"c":0,"r":0,"g":0,"b":0,"pta":142.0,"ptb":142.0,"sat":0,"light":"blue","gain":"16x"}
22:51:14.594  {"type":"live","t":290496,"c":0,"r":0,"g":0,"b":0,"pta":142.0,"ptb":142.0,"sat":0,"light":"blue","gain":"16x"}
22:51:14.594  {"type":"live","t":290897,"c":0,"r":0,"g":0,"b":0,"pta":142.0,"ptb":142.0,"sat":0,"light":"blue","gain":"16x"}
22:51:15.603  {"type":"live","t":291298,"c":0,"r":0,"g":0,"b":0,"pta":142.0,"ptb":142.0,"sat":0,"light":"blue","gain":"16x"}
22:51:15.604  {"type":"live","t":291699,"c":0,"r":0,"g":0,"b":0,"pta":142.0,"ptb":142.0,"sat":0,"light":"blue","gain":"16x"}
22:51:15.604  {"type":"live","t":292100,"c":0,"r":0,"g":0,"b":0,"pta":142.0,"ptb":142.0,"sat":0,"light":"blue","gain":"16x"}
22:51:16.594  {"type":"live","t":292501,"c":0,"r":0,"g":0,"b":0,"pta":142.0,"ptb":142.0,"sat":0,"light":"blue","gain":"16x"}
22:51:16.594  {"type":"live","t":292902,"c":0,"r":0,"g":0,"b":0,"pta":142.0,"ptb":142.0,"sat":0,"light":"blue","gain":"16x"}
22:51:17.191  {"type":"live","t":293303,"c":0,"r":0,"g":0,"b":0,"pta":142.0,"ptb":142.0,"sat":0,"light":"blue","gain":"16x"}
22:51:17.191  {"type":"run","target":"white","light":"blue","gain":"16x","samples":50}
22:51:17.192  {"type":"sample","target":"white","led":1,"n":0,"c":0,"r":0,"g":0,"b":0,"pta":142.0,"ptb":143.1}
22:51:17.506  {"type":"sample","target":"white","led":1,"n":1,"c":0,"r":0,"g":0,"b":0,"pta":142.0,"ptb":142.0}
22:51:17.507  {"type":"sample","target":"white","led":1,"n":2,"c":0,"r":0,"g":0,"b":0,"pta":142.0,"ptb":142.0}
22:51:17.968  {"type":"sample","target":"white","led":1,"n":3,"c":0,"r":0,"g":0,"b":0,"pta":142.0,"ptb":142.0}
22:51:17.968  {"type":"sample","target":"white","led":1,"n":4,"c":0,"r":0,"g":0,"b":0,"pta":142.0,"ptb":142.0}
22:51:17.969  {"type":"sample","target":"white","led":1,"n":5,"c":0,"r":0,"g":0,"b":0,"pta":142.0,"ptb":142.0}
22:51:18.429  {"type":"sample","target":"white","led":1,"n":6,"c":0,"r":0,"g":0,"b":0,"pta":142.0,"ptb":142.0}
22:51:18.430  {"type":"sample","target":"white","led":1,"n":7,"c":0,"r":0,"g":0,"b":0,"pta":142.0,"ptb":142.0}
22:51:18.430  {"type":"sample","target":"white","led":1,"n":8,"c":0,"r":0,"g":0,"b":0,"pta":142.0,"ptb":142.0}
22:51:18.745  {"type":"sample","target":"white","led":1,"n":9,"c":0,"r":0,"g":0,"b":0,"pta":142.0,"ptb":142.0}
22:51:18.746  {"type":"sample","target":"white","led":1,"n":10,"c":0,"r":0,"g":0,"b":0,"pta":142.0,"ptb":142.0}
22:51:19.207  {"type":"sample","target":"white","led":1,"n":11,"c":0,"r":0,"g":0,"b":0,"pta":142.0,"ptb":142.0}
22:51:19.207  {"type":"sample","target":"white","led":1,"n":12,"c":0,"r":0,"g":0,"b":0,"pta":142.0,"ptb":142.0}
22:51:19.208  {"type":"sample","target":"white","led":1,"n":13,"c":0,"r":0,"g":0,"b":0,"pta":142.0,"ptb":142.0}
22:51:19.522  {"type":"sample","target":"white","led":1,"n":14,"c":0,"r":0,"g":0,"b":0,"pta":142.0,"ptb":142.0}
22:51:19.522  {"type":"sample","target":"white","led":1,"n":15,"c":0,"r":0,"g":0,"b":0,"pta":142.0,"ptb":142.0}
22:51:19.984  {"type":"sample","target":"white","led":1,"n":16,"c":0,"r":0,"g":0,"b":0,"pta":142.0,"ptb":142.0}
22:51:19.985  {"type":"sample","target":"white","led":1,"n":17,"c":0,"r":0,"g":0,"b":0,"pta":142.0,"ptb":142.0}
22:51:19.985  {"type":"sample","target":"white","led":1,"n":18,"c":0,"r":0,"g":0,"b":0,"pta":142.0,"ptb":142.0}
22:51:20.445  {"type":"sample","target":"white","led":1,"n":19,"c":0,"r":0,"g":0,"b":0,"pta":142.0,"ptb":142.0}
22:51:20.445  {"type":"sample","target":"white","led":1,"n":20,"c":0,"r":0,"g":0,"b":0,"pta":142.0,"ptb":142.0}
22:51:20.446  {"type":"sample","target":"white","led":1,"n":21,"c":0,"r":0,"g":0,"b":0,"pta":142.0,"ptb":142.0}
22:51:20.761  {"type":"sample","target":"white","led":1,"n":22,"c":0,"r":0,"g":0,"b":0,"pta":142.0,"ptb":142.0}
22:51:20.762  {"type":"sample","target":"white","led":1,"n":23,"c":0,"r":0,"g":0,"b":0,"pta":142.0,"ptb":142.0}
22:51:21.222  {"type":"sample","target":"white","led":1,"n":24,"c":0,"r":0,"g":0,"b":0,"pta":142.0,"ptb":142.0}
22:51:21.222  {"type":"sample","target":"white","led":1,"n":25,"c":0,"r":0,"g":0,"b":0,"pta":142.0,"ptb":142.0}
22:51:21.223  {"type":"sample","target":"white","led":1,"n":26,"c":0,"r":0,"g":0,"b":0,"pta":142.0,"ptb":142.0}
22:51:21.538  {"type":"sample","target":"white","led":1,"n":27,"c":0,"r":0,"g":0,"b":0,"pta":142.0,"ptb":142.0}
22:51:21.538  {"type":"sample","target":"white","led":1,"n":28,"c":0,"r":0,"g":0,"b":0,"pta":588.6,"ptb":225.5}
22:51:21.999  {"type":"sample","target":"white","led":1,"n":29,"c":0,"r":0,"g":0,"b":0,"pta":142.0,"ptb":142.0}
22:51:21.999  {"type":"sample","target":"white","led":1,"n":30,"c":0,"r":0,"g":0,"b":0,"pta":142.0,"ptb":142.0}
22:51:22.000  {"type":"sample","target":"white","led":1,"n":31,"c":0,"r":0,"g":0,"b":0,"pta":142.0,"ptb":142.0}
22:51:22.461  {"type":"sample","target":"white","led":1,"n":32,"c":0,"r":0,"g":0,"b":0,"pta":142.0,"ptb":142.0}
22:51:22.462  {"type":"sample","target":"white","led":1,"n":33,"c":0,"r":0,"g":0,"b":0,"pta":142.0,"ptb":142.0}
22:51:22.462  {"type":"sample","target":"white","led":1,"n":34,"c":0,"r":0,"g":0,"b":0,"pta":142.0,"ptb":142.0}
22:51:22.776  {"type":"sample","target":"white","led":1,"n":35,"c":0,"r":0,"g":0,"b":0,"pta":381.6,"ptb":142.0}
22:51:22.776  {"type":"sample","target":"white","led":1,"n":36,"c":0,"r":0,"g":0,"b":0,"pta":373.6,"ptb":142.0}
22:51:23.238  {"type":"sample","target":"white","led":1,"n":37,"c":0,"r":0,"g":0,"b":0,"pta":380.0,"ptb":142.0}
22:51:23.238  {"type":"sample","target":"white","led":1,"n":38,"c":0,"r":0,"g":0,"b":0,"pta":352.3,"ptb":142.0}
22:51:23.239  {"type":"sample","target":"white","led":1,"n":39,"c":0,"r":0,"g":0,"b":0,"pta":327.8,"ptb":142.0}
22:51:23.553  {"type":"sample","target":"white","led":1,"n":40,"c":0,"r":0,"g":0,"b":0,"pta":346.1,"ptb":142.0}
22:51:23.553  {"type":"sample","target":"white","led":1,"n":41,"c":0,"r":0,"g":0,"b":0,"pta":358.6,"ptb":142.0}
22:51:24.015  {"type":"sample","target":"white","led":1,"n":42,"c":0,"r":0,"g":0,"b":0,"pta":350.7,"ptb":142.0}
22:51:24.015  {"type":"sample","target":"white","led":1,"n":43,"c":0,"r":0,"g":0,"b":0,"pta":338.6,"ptb":142.0}
22:51:24.016  {"type":"sample","target":"white","led":1,"n":44,"c":0,"r":0,"g":0,"b":0,"pta":352.4,"ptb":142.0}
22:51:24.476  {"type":"sample","target":"white","led":1,"n":45,"c":0,"r":0,"g":0,"b":0,"pta":365.5,"ptb":142.0}
22:51:24.477  {"type":"sample","target":"white","led":1,"n":46,"c":0,"r":0,"g":0,"b":0,"pta":347.2,"ptb":142.0}
22:51:24.477  {"type":"sample","target":"white","led":1,"n":47,"c":0,"r":0,"g":0,"b":0,"pta":333.8,"ptb":142.0}
22:51:25.042  {"type":"sample","target":"white","led":1,"n":48,"c":0,"r":0,"g":0,"b":0,"pta":356.2,"ptb":142.0}
22:51:25.042  {"type":"sample","target":"white","led":1,"n":49,"c":0,"r":0,"g":0,"b":0,"pta":369.9,"ptb":142.0}
22:51:25.504  {"type":"sample","target":"white","led":0,"n":0,"c":0,"r":0,"g":0,"b":0,"pta":142.0,"ptb":142.0}
22:51:25.504  {"type":"sample","target":"white","led":0,"n":1,"c":0,"r":0,"g":0,"b":0,"pta":142.0,"ptb":142.0}
22:51:25.505  {"type":"sample","target":"white","led":0,"n":2,"c":0,"r":0,"g":0,"b":0,"pta":142.0,"ptb":142.0}
22:51:25.965  {"type":"sample","target":"white","led":0,"n":3,"c":0,"r":0,"g":0,"b":0,"pta":142.0,"ptb":142.0}
22:51:25.966  {"type":"sample","target":"white","led":0,"n":4,"c":0,"r":0,"g":0,"b":0,"pta":142.0,"ptb":142.0}
22:51:25.966  {"type":"sample","target":"white","led":0,"n":5,"c":0,"r":0,"g":0,"b":0,"pta":142.0,"ptb":142.0}
22:51:26.281  {"type":"sample","target":"white","led":0,"n":6,"c":0,"r":0,"g":0,"b":0,"pta":142.0,"ptb":142.0}
22:51:26.281  {"type":"sample","target":"white","led":0,"n":7,"c":0,"r":0,"g":0,"b":0,"pta":142.0,"ptb":142.0}
22:51:26.743  {"type":"sample","target":"white","led":0,"n":8,"c":0,"r":0,"g":0,"b":0,"pta":142.0,"ptb":142.0}
22:51:26.743  {"type":"sample","target":"white","led":0,"n":9,"c":0,"r":0,"g":0,"b":0,"pta":142.0,"ptb":142.0}
22:51:26.744  {"type":"sample","target":"white","led":0,"n":10,"c":0,"r":0,"g":0,"b":0,"pta":142.0,"ptb":142.0}
22:51:27.058  {"type":"sample","target":"white","led":0,"n":11,"c":0,"r":0,"g":0,"b":0,"pta":142.0,"ptb":142.0}
22:51:27.059  {"type":"sample","target":"white","led":0,"n":12,"c":0,"r":0,"g":0,"b":0,"pta":142.0,"ptb":142.0}
22:51:27.520  {"type":"sample","target":"white","led":0,"n":13,"c":0,"r":0,"g":0,"b":0,"pta":142.0,"ptb":142.0}
22:51:27.520  {"type":"sample","target":"white","led":0,"n":14,"c":0,"r":0,"g":0,"b":0,"pta":142.0,"ptb":142.0}
22:51:27.521  {"type":"sample","target":"white","led":0,"n":15,"c":0,"r":0,"g":0,"b":0,"pta":142.0,"ptb":142.0}
22:51:27.981  {"type":"sample","target":"white","led":0,"n":16,"c":0,"r":0,"g":0,"b":0,"pta":142.0,"ptb":142.0}
22:51:27.981  {"type":"sample","target":"white","led":0,"n":17,"c":0,"r":0,"g":0,"b":0,"pta":142.0,"ptb":142.0}
22:51:27.982  {"type":"sample","target":"white","led":0,"n":18,"c":0,"r":0,"g":0,"b":0,"pta":142.0,"ptb":142.0}
22:51:28.297  {"type":"sample","target":"white","led":0,"n":19,"c":0,"r":0,"g":0,"b":0,"pta":142.0,"ptb":142.0}
22:51:28.297  {"type":"sample","target":"white","led":0,"n":20,"c":0,"r":0,"g":0,"b":0,"pta":142.0,"ptb":142.0}
22:51:28.758  {"type":"sample","target":"white","led":0,"n":21,"c":0,"r":0,"g":0,"b":0,"pta":142.0,"ptb":142.0}
22:51:28.758  {"type":"sample","target":"white","led":0,"n":22,"c":0,"r":0,"g":0,"b":0,"pta":142.0,"ptb":142.0}
22:51:28.759  {"type":"sample","target":"white","led":0,"n":23,"c":0,"r":0,"g":0,"b":0,"pta":142.0,"ptb":142.0}
22:51:29.220  {"type":"sample","target":"white","led":0,"n":24,"c":0,"r":0,"g":0,"b":0,"pta":142.0,"ptb":142.0}
22:51:29.220  {"type":"sample","target":"white","led":0,"n":25,"c":0,"r":0,"g":0,"b":0,"pta":142.0,"ptb":142.0}
22:51:29.221  {"type":"sample","target":"white","led":0,"n":26,"c":0,"r":0,"g":0,"b":0,"pta":142.0,"ptb":142.0}
22:51:29.535  {"type":"sample","target":"white","led":0,"n":27,"c":0,"r":0,"g":0,"b":0,"pta":142.0,"ptb":142.0}
22:51:29.536  {"type":"sample","target":"white","led":0,"n":28,"c":0,"r":0,"g":0,"b":0,"pta":142.0,"ptb":142.0}
22:51:29.997  {"type":"sample","target":"white","led":0,"n":29,"c":0,"r":0,"g":0,"b":0,"pta":142.0,"ptb":142.0}
22:51:29.997  {"type":"sample","target":"white","led":0,"n":30,"c":0,"r":0,"g":0,"b":0,"pta":142.0,"ptb":142.0}
22:51:29.998  {"type":"sample","target":"white","led":0,"n":31,"c":0,"r":0,"g":0,"b":0,"pta":142.0,"ptb":142.0}
22:51:30.312  {"type":"sample","target":"white","led":0,"n":32,"c":0,"r":0,"g":0,"b":0,"pta":142.0,"ptb":142.0}
22:51:30.312  {"type":"sample","target":"white","led":0,"n":33,"c":0,"r":0,"g":0,"b":0,"pta":142.0,"ptb":142.0}
22:51:30.774  {"type":"sample","target":"white","led":0,"n":34,"c":0,"r":0,"g":0,"b":0,"pta":142.0,"ptb":142.0}
22:51:30.775  {"type":"sample","target":"white","led":0,"n":35,"c":0,"r":0,"g":0,"b":0,"pta":142.0,"ptb":142.0}
22:51:30.775  {"type":"sample","target":"white","led":0,"n":36,"c":0,"r":0,"g":0,"b":0,"pta":142.0,"ptb":142.0}
22:51:31.235  {"type":"sample","target":"white","led":0,"n":37,"c":0,"r":0,"g":0,"b":0,"pta":142.0,"ptb":142.0}
22:51:31.235  {"type":"sample","target":"white","led":0,"n":38,"c":0,"r":0,"g":0,"b":0,"pta":142.0,"ptb":142.0}
22:51:31.236  {"type":"sample","target":"white","led":0,"n":39,"c":0,"r":0,"g":0,"b":0,"pta":142.0,"ptb":142.0}
22:51:31.551  {"type":"sample","target":"white","led":0,"n":40,"c":0,"r":0,"g":0,"b":0,"pta":142.0,"ptb":142.0}
22:51:31.552  {"type":"sample","target":"white","led":0,"n":41,"c":0,"r":0,"g":0,"b":0,"pta":142.0,"ptb":142.0}
22:51:32.012  {"type":"sample","target":"white","led":0,"n":42,"c":0,"r":0,"g":0,"b":0,"pta":142.0,"ptb":142.0}
22:51:32.012  {"type":"sample","target":"white","led":0,"n":43,"c":0,"r":0,"g":0,"b":0,"pta":142.0,"ptb":142.0}
22:51:32.013  {"type":"sample","target":"white","led":0,"n":44,"c":0,"r":0,"g":0,"b":0,"pta":142.0,"ptb":142.0}
22:51:32.328  {"type":"sample","target":"white","led":0,"n":45,"c":0,"r":0,"g":0,"b":0,"pta":142.0,"ptb":142.0}
22:51:32.328  {"type":"sample","target":"white","led":0,"n":46,"c":0,"r":0,"g":0,"b":0,"pta":142.0,"ptb":142.0}
22:51:32.643  {"type":"sample","target":"white","led":0,"n":47,"c":0,"r":0,"g":0,"b":0,"pta":142.0,"ptb":142.0}
22:51:32.643  {"type":"sample","target":"white","led":0,"n":48,"c":0,"r":0,"g":0,"b":0,"pta":142.0,"ptb":142.0}
22:51:32.644  {"type":"sample","target":"white","led":0,"n":49,"c":0,"r":0,"g":0,"b":0,"pta":142.0,"ptb":142.0}
22:51:32.893  {"type":"series","target":"white","light":"blue","gain":"16x","samples":50,"saturated":0,"on":{"C":[0.00,0.00],"R":[0.00,0.00],"G":[0.00,0.00],"B":[0.00,0.00],"PT-A":[215.02,112.58],"PT-B":[143.69,11.81]},"off":{"C":[0.00,0.00],"R":[0.00,0.00],"G":[0.00,0.00],"B":[0.00,0.00],"PT-A":[142.00,0.00],"PT-B":[142.00,0.00]},"signal":{"C":0.00,"R":0.00,"G":0.00,"B":0.00,"PT-A":73.02,"PT-B":1.69},"noise":{"C":0.00,"R":0.00,"G":0.00,"B":0.00,"PT-A":112.58,"PT-B":11.81}}
22:51:33.905  {"type":"live","t":309597,"c":0,"r":0,"g":0,"b":0,"pta":142.0,"ptb":142.0,"sat":0,"light":"blue","gain":"16x"}
22:51:33.905  {"type":"live","t":309998,"c":0,"r":0,"g":0,"b":0,"pta":142.0,"ptb":142.0,"sat":0,"light":"blue","gain":"16x"}
22:51:33.906  {"type":"live","t":310399,"c":0,"r":0,"g":0,"b":0,"pta":142.0,"ptb":142.0,"sat":0,"light":"blue","gain":"16x"}
22:51:34.892  {"type":"live","t":310800,"c":0,"r":0,"g":0,"b":0,"pta":142.0,"ptb":142.0,"sat":0,"light":"blue","gain":"16x"}
22:51:34.892  {"type":"live","t":311201,"c":0,"r":0,"g":0,"b":0,"pta":142.0,"ptb":142.0,"sat":0,"light":"blue","gain":"16x"}
22:51:35.697  {"type":"live","t":311602,"c":0,"r":0,"g":0,"b":0,"pta":142.0,"ptb":142.0,"sat":0,"light":"blue","gain":"16x"}
22:51:35.697  {"type":"live","t":312003,"c":0,"r":0,"g":0,"b":0,"pta":142.0,"ptb":142.0,"sat":0,"light":"blue","gain":"16x"}
22:51:36.569  {"type":"live","t":312404,"c":0,"r":0,"g":0,"b":0,"pta":142.0,"ptb":142.0,"sat":0,"light":"blue","gain":"16x"}
22:51:36.570  {"type":"live","t":312805,"c":0,"r":0,"g":0,"b":0,"pta":142.0,"ptb":142.0,"sat":0,"light":"blue","gain":"16x"}
22:51:36.570  {"type":"run","target":"yellow","light":"blue","gain":"16x","samples":50}
22:51:36.884  {"type":"sample","target":"yellow","led":1,"n":0,"c":0,"r":0,"g":0,"b":0,"pta":142.0,"ptb":142.0}
22:51:36.885  {"type":"sample","target":"yellow","led":1,"n":1,"c":0,"r":0,"g":0,"b":0,"pta":142.0,"ptb":142.0}
22:51:37.346  {"type":"sample","target":"yellow","led":1,"n":2,"c":0,"r":0,"g":0,"b":0,"pta":142.0,"ptb":142.0}
22:51:37.346  {"type":"sample","target":"yellow","led":1,"n":3,"c":0,"r":0,"g":0,"b":0,"pta":142.0,"ptb":142.0}
22:51:37.347  {"type":"sample","target":"yellow","led":1,"n":4,"c":0,"r":0,"g":0,"b":0,"pta":142.0,"ptb":142.0}
22:51:37.807  {"type":"sample","target":"yellow","led":1,"n":5,"c":0,"r":0,"g":0,"b":0,"pta":142.0,"ptb":142.0}
22:51:37.808  {"type":"sample","target":"yellow","led":1,"n":6,"c":0,"r":0,"g":0,"b":0,"pta":142.0,"ptb":142.0}
22:51:37.808  {"type":"sample","target":"yellow","led":1,"n":7,"c":0,"r":0,"g":0,"b":0,"pta":142.0,"ptb":142.0}
22:51:38.123  {"type":"sample","target":"yellow","led":1,"n":8,"c":0,"r":0,"g":0,"b":0,"pta":142.0,"ptb":142.0}
22:51:38.124  {"type":"sample","target":"yellow","led":1,"n":9,"c":0,"r":0,"g":0,"b":0,"pta":142.0,"ptb":142.0}
22:51:38.584  {"type":"sample","target":"yellow","led":1,"n":10,"c":0,"r":0,"g":0,"b":0,"pta":142.0,"ptb":142.0}
22:51:38.585  {"type":"sample","target":"yellow","led":1,"n":11,"c":0,"r":0,"g":0,"b":0,"pta":142.0,"ptb":142.0}
22:51:38.585  {"type":"sample","target":"yellow","led":1,"n":12,"c":0,"r":0,"g":0,"b":0,"pta":142.0,"ptb":142.0}
22:51:38.899  {"type":"sample","target":"yellow","led":1,"n":13,"c":0,"r":0,"g":0,"b":0,"pta":142.0,"ptb":142.0}
22:51:38.900  {"type":"sample","target":"yellow","led":1,"n":14,"c":0,"r":0,"g":0,"b":0,"pta":142.0,"ptb":142.0}
22:51:39.361  {"type":"sample","target":"yellow","led":1,"n":15,"c":0,"r":0,"g":0,"b":0,"pta":142.0,"ptb":142.0}
22:51:39.361  {"type":"sample","target":"yellow","led":1,"n":16,"c":0,"r":0,"g":0,"b":0,"pta":142.0,"ptb":142.0}
22:51:39.362  {"type":"sample","target":"yellow","led":1,"n":17,"c":0,"r":0,"g":0,"b":0,"pta":142.0,"ptb":142.0}
22:51:39.822  {"type":"sample","target":"yellow","led":1,"n":18,"c":0,"r":0,"g":0,"b":0,"pta":142.0,"ptb":142.0}
22:51:39.822  {"type":"sample","target":"yellow","led":1,"n":19,"c":0,"r":0,"g":0,"b":0,"pta":142.0,"ptb":142.0}
22:51:39.823  {"type":"sample","target":"yellow","led":1,"n":20,"c":0,"r":0,"g":0,"b":0,"pta":142.0,"ptb":142.0}
22:51:40.137  {"type":"sample","target":"yellow","led":1,"n":21,"c":0,"r":0,"g":0,"b":0,"pta":142.0,"ptb":142.0}
22:51:40.138  {"type":"sample","target":"yellow","led":1,"n":22,"c":0,"r":0,"g":0,"b":0,"pta":142.0,"ptb":142.0}
22:51:40.599  {"type":"sample","target":"yellow","led":1,"n":23,"c":0,"r":0,"g":0,"b":0,"pta":142.0,"ptb":142.0}
22:51:40.599  {"type":"sample","target":"yellow","led":1,"n":24,"c":0,"r":0,"g":0,"b":0,"pta":142.0,"ptb":142.0}
22:51:40.600  {"type":"sample","target":"yellow","led":1,"n":25,"c":0,"r":0,"g":0,"b":0,"pta":142.0,"ptb":142.0}
22:51:40.914  {"type":"sample","target":"yellow","led":1,"n":26,"c":0,"r":0,"g":0,"b":0,"pta":142.0,"ptb":142.0}
22:51:40.914  {"type":"sample","target":"yellow","led":1,"n":27,"c":0,"r":0,"g":0,"b":0,"pta":142.0,"ptb":142.0}
22:51:41.375  {"type":"sample","target":"yellow","led":1,"n":28,"c":0,"r":0,"g":0,"b":0,"pta":142.0,"ptb":142.0}
22:51:41.375  {"type":"sample","target":"yellow","led":1,"n":29,"c":0,"r":0,"g":0,"b":0,"pta":142.0,"ptb":142.0}
22:51:41.376  {"type":"sample","target":"yellow","led":1,"n":30,"c":0,"r":0,"g":0,"b":0,"pta":142.0,"ptb":142.0}
22:51:41.690  {"type":"sample","target":"yellow","led":1,"n":31,"c":0,"r":0,"g":0,"b":0,"pta":142.0,"ptb":142.0}
22:51:41.691  {"type":"sample","target":"yellow","led":1,"n":32,"c":0,"r":0,"g":0,"b":0,"pta":142.0,"ptb":142.0}
22:51:41.691  {"type":"sample","target":"yellow","led":1,"n":33,"c":0,"r":0,"g":0,"b":0,"pta":142.0,"ptb":142.0}
22:51:42.151  {"type":"sample","target":"yellow","led":1,"n":34,"c":0,"r":0,"g":0,"b":0,"pta":142.0,"ptb":142.0}
22:51:42.151  {"type":"sample","target":"yellow","led":1,"n":35,"c":0,"r":0,"g":0,"b":0,"pta":142.0,"ptb":142.0}
22:51:42.613  {"type":"sample","target":"yellow","led":1,"n":36,"c":0,"r":0,"g":0,"b":0,"pta":142.0,"ptb":142.0}
22:51:42.613  {"type":"sample","target":"yellow","led":1,"n":37,"c":0,"r":0,"g":0,"b":0,"pta":142.0,"ptb":142.0}
22:51:42.614  {"type":"sample","target":"yellow","led":1,"n":38,"c":0,"r":0,"g":0,"b":0,"pta":142.0,"ptb":142.0}
22:51:42.928  {"type":"sample","target":"yellow","led":1,"n":39,"c":0,"r":0,"g":0,"b":0,"pta":142.0,"ptb":142.0}
22:51:42.930  {"type":"sample","target":"yellow","led":1,"n":40,"c":0,"r":0,"g":0,"b":0,"pta":142.0,"ptb":142.0}
22:51:43.389  {"type":"sample","target":"yellow","led":1,"n":41,"c":0,"r":0,"g":0,"b":0,"pta":142.0,"ptb":142.0}
22:51:43.389  {"type":"sample","target":"yellow","led":1,"n":42,"c":0,"r":0,"g":0,"b":0,"pta":142.0,"ptb":142.0}
22:51:43.390  {"type":"sample","target":"yellow","led":1,"n":43,"c":0,"r":0,"g":0,"b":0,"pta":142.0,"ptb":142.0}
22:51:43.704  {"type":"sample","target":"yellow","led":1,"n":44,"c":0,"r":0,"g":0,"b":0,"pta":142.0,"ptb":142.0}
22:51:43.705  {"type":"sample","target":"yellow","led":1,"n":45,"c":0,"r":0,"g":0,"b":0,"pta":142.0,"ptb":142.0}
22:51:44.166  {"type":"sample","target":"yellow","led":1,"n":46,"c":0,"r":0,"g":0,"b":0,"pta":142.0,"ptb":142.0}
22:51:44.167  {"type":"sample","target":"yellow","led":1,"n":47,"c":0,"r":0,"g":0,"b":0,"pta":142.0,"ptb":142.0}
22:51:44.167  {"type":"sample","target":"yellow","led":1,"n":48,"c":0,"r":0,"g":0,"b":0,"pta":142.0,"ptb":142.0}
22:51:44.877  {"type":"sample","target":"yellow","led":1,"n":49,"c":0,"r":0,"g":0,"b":0,"pta":142.0,"ptb":142.0}
22:51:44.877  {"type":"sample","target":"yellow","led":0,"n":0,"c":0,"r":0,"g":0,"b":0,"pta":142.0,"ptb":142.0}
22:51:44.878  {"type":"sample","target":"yellow","led":0,"n":1,"c":0,"r":0,"g":0,"b":0,"pta":142.0,"ptb":142.0}
22:51:45.193  {"type":"sample","target":"yellow","led":0,"n":2,"c":0,"r":0,"g":0,"b":0,"pta":142.0,"ptb":142.0}
22:51:45.193  {"type":"sample","target":"yellow","led":0,"n":3,"c":0,"r":0,"g":0,"b":0,"pta":142.0,"ptb":142.0}
22:51:45.654  {"type":"sample","target":"yellow","led":0,"n":4,"c":0,"r":0,"g":0,"b":0,"pta":142.0,"ptb":142.0}
22:51:45.654  {"type":"sample","target":"yellow","led":0,"n":5,"c":0,"r":0,"g":0,"b":0,"pta":142.0,"ptb":142.0}
22:51:45.655  {"type":"sample","target":"yellow","led":0,"n":6,"c":0,"r":0,"g":0,"b":0,"pta":142.0,"ptb":142.0}
22:51:45.969  {"type":"sample","target":"yellow","led":0,"n":7,"c":0,"r":0,"g":0,"b":0,"pta":142.0,"ptb":142.0}
22:51:45.969  {"type":"sample","target":"yellow","led":0,"n":8,"c":0,"r":0,"g":0,"b":0,"pta":142.0,"ptb":142.0}
22:51:46.431  {"type":"sample","target":"yellow","led":0,"n":9,"c":0,"r":0,"g":0,"b":0,"pta":142.0,"ptb":142.0}
22:51:46.432  {"type":"sample","target":"yellow","led":0,"n":10,"c":0,"r":0,"g":0,"b":0,"pta":142.0,"ptb":142.0}
22:51:46.432  {"type":"sample","target":"yellow","led":0,"n":11,"c":0,"r":0,"g":0,"b":0,"pta":142.0,"ptb":142.0}
22:51:46.892  {"type":"sample","target":"yellow","led":0,"n":12,"c":0,"r":0,"g":0,"b":0,"pta":142.0,"ptb":142.0}
22:51:46.892  {"type":"sample","target":"yellow","led":0,"n":13,"c":0,"r":0,"g":0,"b":0,"pta":142.0,"ptb":142.0}
22:51:46.893  {"type":"sample","target":"yellow","led":0,"n":14,"c":0,"r":0,"g":0,"b":0,"pta":142.0,"ptb":142.0}
22:51:47.207  {"type":"sample","target":"yellow","led":0,"n":15,"c":0,"r":0,"g":0,"b":0,"pta":142.0,"ptb":142.0}
22:51:47.207  {"type":"sample","target":"yellow","led":0,"n":16,"c":0,"r":0,"g":0,"b":0,"pta":142.0,"ptb":142.0}
22:51:47.669  {"type":"sample","target":"yellow","led":0,"n":17,"c":0,"r":0,"g":0,"b":0,"pta":142.0,"ptb":142.0}
22:51:47.669  {"type":"sample","target":"yellow","led":0,"n":18,"c":0,"r":0,"g":0,"b":0,"pta":142.0,"ptb":142.0}
22:51:47.670  {"type":"sample","target":"yellow","led":0,"n":19,"c":0,"r":0,"g":0,"b":0,"pta":142.0,"ptb":142.0}
22:51:47.984  {"type":"sample","target":"yellow","led":0,"n":20,"c":0,"r":0,"g":0,"b":0,"pta":142.0,"ptb":142.0}
22:51:47.984  {"type":"sample","target":"yellow","led":0,"n":21,"c":0,"r":0,"g":0,"b":0,"pta":142.0,"ptb":142.0}
22:51:48.445  {"type":"sample","target":"yellow","led":0,"n":22,"c":0,"r":0,"g":0,"b":0,"pta":142.0,"ptb":142.0}
22:51:48.445  {"type":"sample","target":"yellow","led":0,"n":23,"c":0,"r":0,"g":0,"b":0,"pta":142.0,"ptb":142.0}
22:51:48.446  {"type":"sample","target":"yellow","led":0,"n":24,"c":0,"r":0,"g":0,"b":0,"pta":142.0,"ptb":142.0}
22:51:48.907  {"type":"sample","target":"yellow","led":0,"n":25,"c":0,"r":0,"g":0,"b":0,"pta":142.0,"ptb":142.0}
22:51:48.907  {"type":"sample","target":"yellow","led":0,"n":26,"c":0,"r":0,"g":0,"b":0,"pta":142.0,"ptb":142.0}
22:51:48.908  {"type":"sample","target":"yellow","led":0,"n":27,"c":0,"r":0,"g":0,"b":0,"pta":142.0,"ptb":142.0}
22:51:49.222  {"type":"sample","target":"yellow","led":0,"n":28,"c":0,"r":0,"g":0,"b":0,"pta":142.0,"ptb":142.0}
22:51:49.222  {"type":"sample","target":"yellow","led":0,"n":29,"c":0,"r":0,"g":0,"b":0,"pta":142.0,"ptb":142.0}
22:51:49.683  {"type":"sample","target":"yellow","led":0,"n":30,"c":0,"r":0,"g":0,"b":0,"pta":142.0,"ptb":142.0}
22:51:49.683  {"type":"sample","target":"yellow","led":0,"n":31,"c":0,"r":0,"g":0,"b":0,"pta":142.0,"ptb":142.0}
22:51:49.684  {"type":"sample","target":"yellow","led":0,"n":32,"c":0,"r":0,"g":0,"b":0,"pta":142.0,"ptb":142.0}
22:51:49.998  {"type":"sample","target":"yellow","led":0,"n":33,"c":0,"r":0,"g":0,"b":0,"pta":142.0,"ptb":142.0}
22:51:49.998  {"type":"sample","target":"yellow","led":0,"n":34,"c":0,"r":0,"g":0,"b":0,"pta":142.0,"ptb":142.0}
22:51:50.460  {"type":"sample","target":"yellow","led":0,"n":35,"c":0,"r":0,"g":0,"b":0,"pta":142.0,"ptb":142.0}
22:51:50.461  {"type":"sample","target":"yellow","led":0,"n":36,"c":0,"r":0,"g":0,"b":0,"pta":142.0,"ptb":142.0}
22:51:50.461  {"type":"sample","target":"yellow","led":0,"n":37,"c":0,"r":0,"g":0,"b":0,"pta":142.0,"ptb":142.0}
22:51:50.775  {"type":"sample","target":"yellow","led":0,"n":38,"c":0,"r":0,"g":0,"b":0,"pta":142.0,"ptb":142.0}
22:51:50.776  {"type":"sample","target":"yellow","led":0,"n":39,"c":0,"r":0,"g":0,"b":0,"pta":142.0,"ptb":142.0}
22:51:51.236  {"type":"sample","target":"yellow","led":0,"n":40,"c":0,"r":0,"g":0,"b":0,"pta":142.0,"ptb":142.0}
22:51:51.236  {"type":"sample","target":"yellow","led":0,"n":41,"c":0,"r":0,"g":0,"b":0,"pta":142.0,"ptb":142.0}
22:51:51.237  {"type":"sample","target":"yellow","led":0,"n":42,"c":0,"r":0,"g":0,"b":0,"pta":142.0,"ptb":142.0}
22:51:51.698  {"type":"sample","target":"yellow","led":0,"n":43,"c":0,"r":0,"g":0,"b":0,"pta":142.0,"ptb":142.0}
22:51:51.698  {"type":"sample","target":"yellow","led":0,"n":44,"c":0,"r":0,"g":0,"b":0,"pta":142.0,"ptb":142.0}
22:51:51.699  {"type":"sample","target":"yellow","led":0,"n":45,"c":0,"r":0,"g":0,"b":0,"pta":142.0,"ptb":142.0}
22:51:52.013  {"type":"sample","target":"yellow","led":0,"n":46,"c":0,"r":0,"g":0,"b":0,"pta":142.0,"ptb":142.0}
22:51:52.013  {"type":"sample","target":"yellow","led":0,"n":47,"c":0,"r":0,"g":0,"b":0,"pta":142.0,"ptb":142.0}
22:51:52.181  {"type":"sample","target":"yellow","led":0,"n":48,"c":0,"r":0,"g":0,"b":0,"pta":142.0,"ptb":142.0}
22:51:52.181  {"type":"sample","target":"yellow","led":0,"n":49,"c":0,"r":0,"g":0,"b":0,"pta":142.0,"ptb":142.0}
22:51:52.823  {"type":"series","target":"yellow","light":"blue","gain":"16x","samples":50,"saturated":0,"on":{"C":[0.00,0.00],"R":[0.00,0.00],"G":[0.00,0.00],"B":[0.00,0.00],"PT-A":[142.00,0.00],"PT-B":[142.00,0.00]},"off":{"C":[0.00,0.00],"R":[0.00,0.00],"G":[0.00,0.00],"B":[0.00,0.00],"PT-A":[142.00,0.00],"PT-B":[142.00,0.00]},"signal":{"C":0.00,"R":0.00,"G":0.00,"B":0.00,"PT-A":0.00,"PT-B":0.00},"noise":{"C":0.00,"R":0.00,"G":0.00,"B":0.00,"PT-A":0.00,"PT-B":0.00}}
22:51:52.827  {"type":"live","t":329129,"c":0,"r":0,"g":0,"b":0,"pta":142.0,"ptb":142.0,"sat":0,"light":"blue","gain":"16x"}
22:51:53.628  {"type":"live","t":329530,"c":0,"r":0,"g":0,"b":0,"pta":142.0,"ptb":142.0,"sat":0,"light":"blue","gain":"16x"}
22:51:53.628  {"type":"live","t":329931,"c":0,"r":0,"g":0,"b":0,"pta":142.0,"ptb":142.0,"sat":0,"light":"blue","gain":"16x"}
22:51:54.644  {"type":"live","t":330332,"c":0,"r":0,"g":0,"b":0,"pta":142.0,"ptb":142.0,"sat":0,"light":"blue","gain":"16x"}
22:51:54.644  {"type":"live","t":330733,"c":0,"r":0,"g":0,"b":0,"pta":142.0,"ptb":142.0,"sat":0,"light":"blue","gain":"16x"}
22:51:54.645  {"type":"live","t":331134,"c":0,"r":0,"g":0,"b":0,"pta":142.0,"ptb":142.0,"sat":0,"light":"blue","gain":"16x"}
22:51:55.338  {"type":"live","t":331535,"c":0,"r":0,"g":0,"b":0,"pta":142.0,"ptb":142.0,"sat":0,"light":"blue","gain":"16x"}
22:51:55.338  {"type":"live","t":331936,"c":0,"r":0,"g":0,"b":0,"pta":142.0,"ptb":142.0,"sat":0,"light":"blue","gain":"16x"}
22:51:56.081  {"type":"run","target":"yellow","light":"blue","gain":"16x","samples":50}
22:51:56.081  {"type":"sample","target":"yellow","led":1,"n":0,"c":0,"r":0,"g":0,"b":0,"pta":142.0,"ptb":142.0}
22:51:56.082  {"type":"sample","target":"yellow","led":1,"n":1,"c":0,"r":0,"g":0,"b":0,"pta":142.0,"ptb":142.0}
22:51:56.396  {"type":"sample","target":"yellow","led":1,"n":2,"c":0,"r":0,"g":0,"b":0,"pta":142.0,"ptb":142.0}
22:51:56.396  {"type":"sample","target":"yellow","led":1,"n":3,"c":0,"r":0,"g":0,"b":0,"pta":142.0,"ptb":142.0}
22:51:56.858  {"type":"sample","target":"yellow","led":1,"n":4,"c":0,"r":0,"g":0,"b":0,"pta":142.0,"ptb":142.0}
22:51:56.859  {"type":"sample","target":"yellow","led":1,"n":5,"c":0,"r":0,"g":0,"b":0,"pta":142.0,"ptb":142.0}
22:51:56.859  {"type":"sample","target":"yellow","led":1,"n":6,"c":0,"r":0,"g":0,"b":0,"pta":142.0,"ptb":142.0}
22:51:57.319  {"type":"sample","target":"yellow","led":1,"n":7,"c":0,"r":0,"g":0,"b":0,"pta":142.0,"ptb":142.0}
22:51:57.320  {"type":"sample","target":"yellow","led":1,"n":8,"c":0,"r":0,"g":0,"b":0,"pta":142.0,"ptb":142.0}
22:51:57.320  {"type":"sample","target":"yellow","led":1,"n":9,"c":0,"r":0,"g":0,"b":0,"pta":142.0,"ptb":142.0}
22:51:57.635  {"type":"sample","target":"yellow","led":1,"n":10,"c":0,"r":0,"g":0,"b":0,"pta":142.0,"ptb":142.0}
22:51:57.635  {"type":"sample","target":"yellow","led":1,"n":11,"c":0,"r":0,"g":0,"b":0,"pta":142.0,"ptb":142.0}
22:51:58.096  {"type":"sample","target":"yellow","led":1,"n":12,"c":0,"r":0,"g":0,"b":0,"pta":142.0,"ptb":142.0}
22:51:58.096  {"type":"sample","target":"yellow","led":1,"n":13,"c":0,"r":0,"g":0,"b":0,"pta":142.0,"ptb":142.0}
22:51:58.097  {"type":"sample","target":"yellow","led":1,"n":14,"c":0,"r":0,"g":0,"b":0,"pta":142.0,"ptb":142.0}
22:51:58.411  {"type":"sample","target":"yellow","led":1,"n":15,"c":0,"r":0,"g":0,"b":0,"pta":142.0,"ptb":142.0}
22:51:58.411  {"type":"sample","target":"yellow","led":1,"n":16,"c":0,"r":0,"g":0,"b":0,"pta":142.0,"ptb":142.0}
22:51:58.872  {"type":"sample","target":"yellow","led":1,"n":17,"c":0,"r":0,"g":0,"b":0,"pta":142.0,"ptb":142.0}
22:51:58.872  {"type":"sample","target":"yellow","led":1,"n":18,"c":0,"r":0,"g":0,"b":0,"pta":142.0,"ptb":142.0}
22:51:58.873  {"type":"sample","target":"yellow","led":1,"n":19,"c":0,"r":0,"g":0,"b":0,"pta":142.0,"ptb":142.0}
22:51:59.187  {"type":"sample","target":"yellow","led":1,"n":20,"c":0,"r":0,"g":0,"b":0,"pta":142.0,"ptb":142.0}
22:51:59.187  {"type":"sample","target":"yellow","led":1,"n":21,"c":0,"r":0,"g":0,"b":0,"pta":142.0,"ptb":142.0}
22:51:59.649  {"type":"sample","target":"yellow","led":1,"n":22,"c":0,"r":0,"g":0,"b":0,"pta":142.0,"ptb":142.0}
22:51:59.649  {"type":"sample","target":"yellow","led":1,"n":23,"c":0,"r":0,"g":0,"b":0,"pta":142.0,"ptb":142.0}
22:51:59.650  {"type":"sample","target":"yellow","led":1,"n":24,"c":0,"r":0,"g":0,"b":0,"pta":142.0,"ptb":142.0}
22:52:00.110  {"type":"sample","target":"yellow","led":1,"n":25,"c":0,"r":0,"g":0,"b":0,"pta":142.0,"ptb":142.0}
22:52:00.110  {"type":"sample","target":"yellow","led":1,"n":26,"c":0,"r":0,"g":0,"b":0,"pta":142.0,"ptb":142.0}
22:52:00.111  {"type":"sample","target":"yellow","led":1,"n":27,"c":0,"r":0,"g":0,"b":0,"pta":142.0,"ptb":142.0}
22:52:00.425  {"type":"sample","target":"yellow","led":1,"n":28,"c":0,"r":0,"g":0,"b":0,"pta":142.0,"ptb":142.0}
22:52:00.425  {"type":"sample","target":"yellow","led":1,"n":29,"c":0,"r":0,"g":0,"b":0,"pta":142.0,"ptb":142.0}
22:52:00.887  {"type":"sample","target":"yellow","led":1,"n":30,"c":0,"r":0,"g":0,"b":0,"pta":142.0,"ptb":142.0}
22:52:00.888  {"type":"sample","target":"yellow","led":1,"n":31,"c":0,"r":0,"g":0,"b":0,"pta":142.0,"ptb":142.0}
22:52:00.888  {"type":"sample","target":"yellow","led":1,"n":32,"c":0,"r":0,"g":0,"b":0,"pta":142.0,"ptb":142.0}
22:52:01.202  {"type":"sample","target":"yellow","led":1,"n":33,"c":0,"r":0,"g":0,"b":0,"pta":142.0,"ptb":142.0}
22:52:01.202  {"type":"sample","target":"yellow","led":1,"n":34,"c":0,"r":0,"g":0,"b":0,"pta":142.0,"ptb":142.0}
22:52:01.663  {"type":"sample","target":"yellow","led":1,"n":35,"c":0,"r":0,"g":0,"b":0,"pta":142.0,"ptb":142.0}
22:52:01.664  {"type":"sample","target":"yellow","led":1,"n":36,"c":0,"r":0,"g":0,"b":0,"pta":142.0,"ptb":142.0}
22:52:01.664  {"type":"sample","target":"yellow","led":1,"n":37,"c":0,"r":0,"g":0,"b":0,"pta":142.0,"ptb":142.0}
22:52:02.125  {"type":"sample","target":"yellow","led":1,"n":38,"c":0,"r":0,"g":0,"b":0,"pta":142.0,"ptb":142.0}
22:52:02.125  {"type":"sample","target":"yellow","led":1,"n":39,"c":0,"r":0,"g":0,"b":0,"pta":142.0,"ptb":142.0}
22:52:02.126  {"type":"sample","target":"yellow","led":1,"n":40,"c":0,"r":0,"g":0,"b":0,"pta":142.0,"ptb":142.0}
22:52:02.440  {"type":"sample","target":"yellow","led":1,"n":41,"c":0,"r":0,"g":0,"b":0,"pta":142.0,"ptb":142.0}
22:52:02.440  {"type":"sample","target":"yellow","led":1,"n":42,"c":0,"r":0,"g":0,"b":0,"pta":142.0,"ptb":142.0}
22:52:02.901  {"type":"sample","target":"yellow","led":1,"n":43,"c":0,"r":0,"g":0,"b":0,"pta":142.0,"ptb":142.0}
22:52:02.901  {"type":"sample","target":"yellow","led":1,"n":44,"c":0,"r":0,"g":0,"b":0,"pta":142.0,"ptb":142.0}
22:52:02.902  {"type":"sample","target":"yellow","led":1,"n":45,"c":0,"r":0,"g":0,"b":0,"pta":142.0,"ptb":142.0}
22:52:03.216  {"type":"sample","target":"yellow","led":1,"n":46,"c":0,"r":0,"g":0,"b":0,"pta":142.0,"ptb":142.0}
22:52:03.216  {"type":"sample","target":"yellow","led":1,"n":47,"c":0,"r":0,"g":0,"b":0,"pta":142.0,"ptb":142.0}
22:52:03.928  {"type":"sample","target":"yellow","led":1,"n":48,"c":0,"r":0,"g":0,"b":0,"pta":142.0,"ptb":142.0}
22:52:03.929  {"type":"sample","target":"yellow","led":1,"n":49,"c":0,"r":0,"g":0,"b":0,"pta":142.0,"ptb":142.0}
22:52:03.929  {"type":"sample","target":"yellow","led":0,"n":0,"c":0,"r":0,"g":0,"b":0,"pta":142.0,"ptb":142.0}
22:52:04.389  {"type":"sample","target":"yellow","led":0,"n":1,"c":0,"r":0,"g":0,"b":0,"pta":142.0,"ptb":142.0}
22:52:04.389  {"type":"sample","target":"yellow","led":0,"n":2,"c":0,"r":0,"g":0,"b":0,"pta":142.0,"ptb":142.0}
22:52:04.390  {"type":"sample","target":"yellow","led":0,"n":3,"c":0,"r":0,"g":0,"b":0,"pta":142.0,"ptb":142.0}
22:52:04.705  {"type":"sample","target":"yellow","led":0,"n":4,"c":0,"r":0,"g":0,"b":0,"pta":142.0,"ptb":142.0}
22:52:04.705  {"type":"sample","target":"yellow","led":0,"n":5,"c":0,"r":0,"g":0,"b":0,"pta":142.0,"ptb":142.0}
22:52:05.166  {"type":"sample","target":"yellow","led":0,"n":6,"c":0,"r":0,"g":0,"b":0,"pta":142.0,"ptb":142.0}
22:52:05.167  {"type":"sample","target":"yellow","led":0,"n":7,"c":0,"r":0,"g":0,"b":0,"pta":142.0,"ptb":142.0}
22:52:05.167  {"type":"sample","target":"yellow","led":0,"n":8,"c":0,"r":0,"g":0,"b":0,"pta":142.0,"ptb":142.0}
22:52:05.481  {"type":"sample","target":"yellow","led":0,"n":9,"c":0,"r":0,"g":0,"b":0,"pta":142.0,"ptb":142.0}
22:52:05.481  {"type":"sample","target":"yellow","led":0,"n":10,"c":0,"r":0,"g":0,"b":0,"pta":142.0,"ptb":142.0}
22:52:05.943  {"type":"sample","target":"yellow","led":0,"n":11,"c":0,"r":0,"g":0,"b":0,"pta":142.0,"ptb":142.0}
22:52:05.943  {"type":"sample","target":"yellow","led":0,"n":12,"c":0,"r":0,"g":0,"b":0,"pta":142.0,"ptb":142.0}
22:52:05.944  {"type":"sample","target":"yellow","led":0,"n":13,"c":0,"r":0,"g":0,"b":0,"pta":142.0,"ptb":142.0}
22:52:06.404  {"type":"sample","target":"yellow","led":0,"n":14,"c":0,"r":0,"g":0,"b":0,"pta":142.0,"ptb":142.0}
22:52:06.404  {"type":"sample","target":"yellow","led":0,"n":15,"c":0,"r":0,"g":0,"b":0,"pta":142.0,"ptb":142.0}
22:52:06.405  {"type":"sample","target":"yellow","led":0,"n":16,"c":0,"r":0,"g":0,"b":0,"pta":142.0,"ptb":142.0}
22:52:06.719  {"type":"sample","target":"yellow","led":0,"n":17,"c":0,"r":0,"g":0,"b":0,"pta":142.0,"ptb":142.0}
22:52:06.719  {"type":"sample","target":"yellow","led":0,"n":18,"c":0,"r":0,"g":0,"b":0,"pta":142.0,"ptb":142.0}
22:52:07.181  {"type":"sample","target":"yellow","led":0,"n":19,"c":0,"r":0,"g":0,"b":0,"pta":142.0,"ptb":142.0}
22:52:07.181  {"type":"sample","target":"yellow","led":0,"n":20,"c":0,"r":0,"g":0,"b":0,"pta":142.0,"ptb":142.0}
22:52:07.182  {"type":"sample","target":"yellow","led":0,"n":21,"c":0,"r":0,"g":0,"b":0,"pta":142.0,"ptb":142.0}
22:52:07.496  {"type":"sample","target":"yellow","led":0,"n":22,"c":0,"r":0,"g":0,"b":0,"pta":142.0,"ptb":142.0}
22:52:07.496  {"type":"sample","target":"yellow","led":0,"n":23,"c":0,"r":0,"g":0,"b":0,"pta":142.0,"ptb":142.0}
22:52:07.957  {"type":"sample","target":"yellow","led":0,"n":24,"c":0,"r":0,"g":0,"b":0,"pta":142.0,"ptb":142.0}
22:52:07.957  {"type":"sample","target":"yellow","led":0,"n":25,"c":0,"r":0,"g":0,"b":0,"pta":142.0,"ptb":142.0}
22:52:07.958  {"type":"sample","target":"yellow","led":0,"n":26,"c":0,"r":0,"g":0,"b":0,"pta":142.0,"ptb":142.0}
22:52:08.272  {"type":"sample","target":"yellow","led":0,"n":27,"c":0,"r":0,"g":0,"b":0,"pta":142.0,"ptb":142.0}
22:52:08.272  {"type":"sample","target":"yellow","led":0,"n":28,"c":0,"r":0,"g":0,"b":0,"pta":142.0,"ptb":142.0}
22:52:08.734  {"type":"sample","target":"yellow","led":0,"n":29,"c":0,"r":0,"g":0,"b":0,"pta":142.0,"ptb":142.0}
22:52:08.734  {"type":"sample","target":"yellow","led":0,"n":30,"c":0,"r":0,"g":0,"b":0,"pta":142.0,"ptb":142.0}
22:52:08.735  {"type":"sample","target":"yellow","led":0,"n":31,"c":0,"r":0,"g":0,"b":0,"pta":142.0,"ptb":142.0}
22:52:09.195  {"type":"sample","target":"yellow","led":0,"n":32,"c":0,"r":0,"g":0,"b":0,"pta":142.0,"ptb":142.0}
22:52:09.196  {"type":"sample","target":"yellow","led":0,"n":33,"c":0,"r":0,"g":0,"b":0,"pta":142.0,"ptb":142.0}
22:52:09.196  {"type":"sample","target":"yellow","led":0,"n":34,"c":0,"r":0,"g":0,"b":0,"pta":142.0,"ptb":142.0}
22:52:09.510  {"type":"sample","target":"yellow","led":0,"n":35,"c":0,"r":0,"g":0,"b":0,"pta":142.0,"ptb":142.0}
22:52:09.510  {"type":"sample","target":"yellow","led":0,"n":36,"c":0,"r":0,"g":0,"b":0,"pta":142.0,"ptb":142.0}
22:52:09.972  {"type":"sample","target":"yellow","led":0,"n":37,"c":0,"r":0,"g":0,"b":0,"pta":142.0,"ptb":142.0}
22:52:09.973  {"type":"sample","target":"yellow","led":0,"n":38,"c":0,"r":0,"g":0,"b":0,"pta":142.0,"ptb":142.0}
22:52:09.973  {"type":"sample","target":"yellow","led":0,"n":39,"c":0,"r":0,"g":0,"b":0,"pta":142.0,"ptb":142.0}
22:52:10.287  {"type":"sample","target":"yellow","led":0,"n":40,"c":0,"r":0,"g":0,"b":0,"pta":142.0,"ptb":142.0}
22:52:10.288  {"type":"sample","target":"yellow","led":0,"n":41,"c":0,"r":0,"g":0,"b":0,"pta":142.0,"ptb":142.0}
22:52:10.748  {"type":"sample","target":"yellow","led":0,"n":42,"c":0,"r":0,"g":0,"b":0,"pta":142.0,"ptb":142.0}
22:52:10.748  {"type":"sample","target":"yellow","led":0,"n":43,"c":0,"r":0,"g":0,"b":0,"pta":142.0,"ptb":142.0}
22:52:10.749  {"type":"sample","target":"yellow","led":0,"n":44,"c":0,"r":0,"g":0,"b":0,"pta":142.0,"ptb":142.0}
22:52:11.209  {"type":"sample","target":"yellow","led":0,"n":45,"c":0,"r":0,"g":0,"b":0,"pta":142.0,"ptb":142.0}
22:52:11.209  {"type":"sample","target":"yellow","led":0,"n":46,"c":0,"r":0,"g":0,"b":0,"pta":142.0,"ptb":142.0}
22:52:11.210  {"type":"sample","target":"yellow","led":0,"n":47,"c":0,"r":0,"g":0,"b":0,"pta":142.0,"ptb":142.0}
22:52:11.378  {"type":"sample","target":"yellow","led":0,"n":48,"c":0,"r":0,"g":0,"b":0,"pta":158.0,"ptb":243.1}
22:52:11.379  {"type":"sample","target":"yellow","led":0,"n":49,"c":0,"r":0,"g":0,"b":0,"pta":142.0,"ptb":142.0}
22:52:12.019  {"type":"series","target":"yellow","light":"blue","gain":"16x","samples":50,"saturated":0,"on":{"C":[0.00,0.00],"R":[0.00,0.00],"G":[0.00,0.00],"B":[0.00,0.00],"PT-A":[142.00,0.00],"PT-B":[142.00,0.00]},"off":{"C":[0.00,0.00],"R":[0.00,0.00],"G":[0.00,0.00],"B":[0.00,0.00],"PT-A":[142.32,2.26],"PT-B":[144.02,14.30]},"signal":{"C":0.00,"R":0.00,"G":0.00,"B":0.00,"PT-A":-0.32,"PT-B":-2.02},"noise":{"C":0.00,"R":0.00,"G":0.00,"B":0.00,"PT-A":2.26,"PT-B":14.30}}
22:52:12.021  {"type":"live","t":348332,"c":0,"r":0,"g":0,"b":0,"pta":142.0,"ptb":142.0,"sat":0,"light":"blue","gain":"16x"}
22:52:12.825  {"type":"live","t":348733,"c":0,"r":0,"g":0,"b":0,"pta":142.0,"ptb":145.9,"sat":0,"light":"blue","gain":"16x"}
22:52:12.825  {"type":"live","t":349134,"c":0,"r":0,"g":0,"b":0,"pta":142.0,"ptb":142.0,"sat":0,"light":"blue","gain":"16x"}
22:52:13.630  {"type":"live","t":349535,"c":0,"r":0,"g":0,"b":0,"pta":142.0,"ptb":142.0,"sat":0,"light":"blue","gain":"16x"}
22:52:13.639  {"type":"live","t":349936,"c":0,"r":0,"g":0,"b":0,"pta":142.0,"ptb":142.0,"sat":0,"light":"blue","gain":"16x"}
22:52:14.435  {"type":"live","t":350337,"c":0,"r":0,"g":0,"b":0,"pta":142.0,"ptb":142.0,"sat":0,"light":"blue","gain":"16x"}
22:52:14.436  {"type":"live","t":350738,"c":0,"r":0,"g":0,"b":0,"pta":142.0,"ptb":142.0,"sat":0,"light":"blue","gain":"16x"}
22:52:15.445  {"type":"live","t":351139,"c":0,"r":0,"g":0,"b":0,"pta":142.0,"ptb":142.0,"sat":0,"light":"blue","gain":"16x"}
22:52:15.445  {"type":"live","t":351540,"c":0,"r":0,"g":0,"b":0,"pta":142.0,"ptb":142.0,"sat":0,"light":"blue","gain":"16x"}
22:52:15.446  {"type":"live","t":351941,"c":0,"r":0,"g":0,"b":0,"pta":142.0,"ptb":142.0,"sat":0,"light":"blue","gain":"16x"}
22:52:16.434  {"type":"live","t":352342,"c":0,"r":0,"g":0,"b":0,"pta":142.0,"ptb":142.0,"sat":0,"light":"blue","gain":"16x"}
22:52:16.435  {"type":"live","t":352743,"c":0,"r":0,"g":0,"b":0,"pta":142.0,"ptb":142.0,"sat":0,"light":"blue","gain":"16x"}
22:52:17.028  {"type":"live","t":353144,"c":0,"r":0,"g":0,"b":0,"pta":142.0,"ptb":142.0,"sat":0,"light":"blue","gain":"16x"}
22:52:17.029  {"type":"run","target":"yellow","light":"blue","gain":"16x","samples":50}
22:52:17.029  {"type":"sample","target":"yellow","led":1,"n":0,"c":0,"r":0,"g":0,"b":0,"pta":142.0,"ptb":142.0}
22:52:17.344  {"type":"sample","target":"yellow","led":1,"n":1,"c":0,"r":0,"g":0,"b":0,"pta":142.0,"ptb":142.0}
22:52:17.345  {"type":"sample","target":"yellow","led":1,"n":2,"c":0,"r":0,"g":0,"b":0,"pta":142.0,"ptb":142.0}
22:52:17.805  {"type":"sample","target":"yellow","led":1,"n":3,"c":0,"r":0,"g":0,"b":0,"pta":142.0,"ptb":142.0}
22:52:17.805  {"type":"sample","target":"yellow","led":1,"n":4,"c":0,"r":0,"g":0,"b":0,"pta":142.0,"ptb":142.0}
22:52:17.806  {"type":"sample","target":"yellow","led":1,"n":5,"c":0,"r":0,"g":0,"b":0,"pta":142.0,"ptb":142.0}
22:52:18.120  {"type":"sample","target":"yellow","led":1,"n":6,"c":0,"r":0,"g":0,"b":0,"pta":142.0,"ptb":142.0}
22:52:18.120  {"type":"sample","target":"yellow","led":1,"n":7,"c":0,"r":0,"g":0,"b":0,"pta":142.0,"ptb":142.0}
22:52:18.582  {"type":"sample","target":"yellow","led":1,"n":8,"c":0,"r":0,"g":0,"b":0,"pta":142.0,"ptb":142.0}
22:52:18.582  {"type":"sample","target":"yellow","led":1,"n":9,"c":0,"r":0,"g":0,"b":0,"pta":142.0,"ptb":142.0}
22:52:18.583  {"type":"sample","target":"yellow","led":1,"n":10,"c":0,"r":0,"g":0,"b":0,"pta":142.0,"ptb":142.0}
22:52:19.044  {"type":"sample","target":"yellow","led":1,"n":11,"c":0,"r":0,"g":0,"b":0,"pta":142.0,"ptb":142.0}
22:52:19.045  {"type":"sample","target":"yellow","led":1,"n":12,"c":0,"r":0,"g":0,"b":0,"pta":142.0,"ptb":142.0}
22:52:19.045  {"type":"sample","target":"yellow","led":1,"n":13,"c":0,"r":0,"g":0,"b":0,"pta":142.0,"ptb":142.0}
22:52:19.359  {"type":"sample","target":"yellow","led":1,"n":14,"c":0,"r":0,"g":0,"b":0,"pta":142.0,"ptb":142.0}
22:52:19.359  {"type":"sample","target":"yellow","led":1,"n":15,"c":0,"r":0,"g":0,"b":0,"pta":142.0,"ptb":142.0}
22:52:19.820  {"type":"sample","target":"yellow","led":1,"n":16,"c":0,"r":0,"g":0,"b":0,"pta":323.0,"ptb":174.1}
22:52:19.821  {"type":"sample","target":"yellow","led":1,"n":17,"c":0,"r":0,"g":0,"b":0,"pta":142.2,"ptb":142.0}
22:52:19.821  {"type":"sample","target":"yellow","led":1,"n":18,"c":0,"r":0,"g":0,"b":0,"pta":142.0,"ptb":142.0}
22:52:20.135  {"type":"sample","target":"yellow","led":1,"n":19,"c":0,"r":0,"g":0,"b":0,"pta":158.4,"ptb":153.4}
22:52:20.135  {"type":"sample","target":"yellow","led":1,"n":20,"c":0,"r":0,"g":0,"b":0,"pta":142.0,"ptb":142.0}
22:52:20.597  {"type":"sample","target":"yellow","led":1,"n":21,"c":0,"r":0,"g":0,"b":0,"pta":142.0,"ptb":142.0}
22:52:20.597  {"type":"sample","target":"yellow","led":1,"n":22,"c":0,"r":0,"g":0,"b":0,"pta":142.0,"ptb":142.0}
22:52:20.598  {"type":"sample","target":"yellow","led":1,"n":23,"c":0,"r":0,"g":0,"b":0,"pta":142.0,"ptb":142.0}
22:52:21.058  {"type":"sample","target":"yellow","led":1,"n":24,"c":0,"r":0,"g":0,"b":0,"pta":142.0,"ptb":142.0}
22:52:21.059  {"type":"sample","target":"yellow","led":1,"n":25,"c":0,"r":0,"g":0,"b":0,"pta":142.0,"ptb":142.0}
22:52:21.059  {"type":"sample","target":"yellow","led":1,"n":26,"c":0,"r":0,"g":0,"b":0,"pta":142.0,"ptb":142.0}
22:52:21.373  {"type":"sample","target":"yellow","led":1,"n":27,"c":0,"r":0,"g":0,"b":0,"pta":142.0,"ptb":142.0}
22:52:21.373  {"type":"sample","target":"yellow","led":1,"n":28,"c":0,"r":0,"g":0,"b":0,"pta":142.0,"ptb":142.0}
22:52:21.834  {"type":"sample","target":"yellow","led":1,"n":29,"c":0,"r":0,"g":0,"b":0,"pta":142.0,"ptb":142.0}
22:52:21.835  {"type":"sample","target":"yellow","led":1,"n":30,"c":0,"r":0,"g":0,"b":0,"pta":142.0,"ptb":142.0}
22:52:21.835  {"type":"sample","target":"yellow","led":1,"n":31,"c":0,"r":0,"g":0,"b":0,"pta":142.0,"ptb":142.0}
22:52:22.149  {"type":"sample","target":"yellow","led":1,"n":32,"c":0,"r":0,"g":0,"b":0,"pta":142.0,"ptb":142.0}
22:52:22.149  {"type":"sample","target":"yellow","led":1,"n":33,"c":0,"r":0,"g":0,"b":0,"pta":306.6,"ptb":253.8}
22:52:22.611  {"type":"sample","target":"yellow","led":1,"n":34,"c":0,"r":0,"g":0,"b":0,"pta":142.0,"ptb":142.0}
22:52:22.611  {"type":"sample","target":"yellow","led":1,"n":35,"c":0,"r":0,"g":0,"b":0,"pta":142.0,"ptb":142.0}
22:52:22.612  {"type":"sample","target":"yellow","led":1,"n":36,"c":0,"r":0,"g":0,"b":0,"pta":142.0,"ptb":142.0}
22:52:22.926  {"type":"sample","target":"yellow","led":1,"n":37,"c":0,"r":0,"g":0,"b":0,"pta":142.0,"ptb":142.0}
22:52:22.926  {"type":"sample","target":"yellow","led":1,"n":38,"c":0,"r":0,"g":0,"b":0,"pta":142.0,"ptb":142.0}
22:52:23.387  {"type":"sample","target":"yellow","led":1,"n":39,"c":0,"r":0,"g":0,"b":0,"pta":142.0,"ptb":142.0}
22:52:23.387  {"type":"sample","target":"yellow","led":1,"n":40,"c":0,"r":0,"g":0,"b":0,"pta":142.0,"ptb":142.0}
22:52:23.388  {"type":"sample","target":"yellow","led":1,"n":41,"c":0,"r":0,"g":0,"b":0,"pta":142.0,"ptb":142.0}
22:52:23.849  {"type":"sample","target":"yellow","led":1,"n":42,"c":0,"r":0,"g":0,"b":0,"pta":142.0,"ptb":142.0}
22:52:23.850  {"type":"sample","target":"yellow","led":1,"n":43,"c":0,"r":0,"g":0,"b":0,"pta":142.0,"ptb":142.0}
22:52:23.850  {"type":"sample","target":"yellow","led":1,"n":44,"c":0,"r":0,"g":0,"b":0,"pta":142.0,"ptb":142.0}
22:52:24.164  {"type":"sample","target":"yellow","led":1,"n":45,"c":0,"r":0,"g":0,"b":0,"pta":142.0,"ptb":142.0}
22:52:24.164  {"type":"sample","target":"yellow","led":1,"n":46,"c":0,"r":0,"g":0,"b":0,"pta":142.0,"ptb":142.0}
22:52:24.875  {"type":"sample","target":"yellow","led":1,"n":47,"c":0,"r":0,"g":0,"b":0,"pta":142.0,"ptb":142.0}
22:52:24.875  {"type":"sample","target":"yellow","led":1,"n":48,"c":0,"r":0,"g":0,"b":0,"pta":142.0,"ptb":142.0}
22:52:24.876  {"type":"sample","target":"yellow","led":1,"n":49,"c":0,"r":0,"g":0,"b":0,"pta":142.0,"ptb":142.0}
22:52:25.190  {"type":"sample","target":"yellow","led":0,"n":0,"c":0,"r":0,"g":0,"b":0,"pta":142.0,"ptb":142.0}
22:52:25.190  {"type":"sample","target":"yellow","led":0,"n":1,"c":0,"r":0,"g":0,"b":0,"pta":142.0,"ptb":142.0}
22:52:25.652  {"type":"sample","target":"yellow","led":0,"n":2,"c":0,"r":0,"g":0,"b":0,"pta":142.0,"ptb":142.0}
22:52:25.652  {"type":"sample","target":"yellow","led":0,"n":3,"c":0,"r":0,"g":0,"b":0,"pta":142.0,"ptb":142.0}
22:52:25.653  {"type":"sample","target":"yellow","led":0,"n":4,"c":0,"r":0,"g":0,"b":0,"pta":142.0,"ptb":142.0}
22:52:26.114  {"type":"sample","target":"yellow","led":0,"n":5,"c":0,"r":0,"g":0,"b":0,"pta":142.0,"ptb":142.0}
22:52:26.114  {"type":"sample","target":"yellow","led":0,"n":6,"c":0,"r":0,"g":0,"b":0,"pta":142.0,"ptb":142.0}
22:52:26.115  {"type":"sample","target":"yellow","led":0,"n":7,"c":0,"r":0,"g":0,"b":0,"pta":142.0,"ptb":142.0}
22:52:26.429  {"type":"sample","target":"yellow","led":0,"n":8,"c":0,"r":0,"g":0,"b":0,"pta":142.0,"ptb":142.0}
22:52:26.430  {"type":"sample","target":"yellow","led":0,"n":9,"c":0,"r":0,"g":0,"b":0,"pta":142.0,"ptb":142.0}
22:52:26.890  {"type":"sample","target":"yellow","led":0,"n":10,"c":0,"r":0,"g":0,"b":0,"pta":142.0,"ptb":142.0}
22:52:26.890  {"type":"sample","target":"yellow","led":0,"n":11,"c":0,"r":0,"g":0,"b":0,"pta":142.0,"ptb":142.0}
22:52:26.891  {"type":"sample","target":"yellow","led":0,"n":12,"c":0,"r":0,"g":0,"b":0,"pta":142.0,"ptb":142.0}
22:52:27.205  {"type":"sample","target":"yellow","led":0,"n":13,"c":0,"r":0,"g":0,"b":0,"pta":142.0,"ptb":142.0}
22:52:27.206  {"type":"sample","target":"yellow","led":0,"n":14,"c":0,"r":0,"g":0,"b":0,"pta":142.0,"ptb":142.0}
22:52:27.667  {"type":"sample","target":"yellow","led":0,"n":15,"c":0,"r":0,"g":0,"b":0,"pta":142.0,"ptb":142.0}
22:52:27.667  {"type":"sample","target":"yellow","led":0,"n":16,"c":0,"r":0,"g":0,"b":0,"pta":142.0,"ptb":142.5}
22:52:27.668  {"type":"sample","target":"yellow","led":0,"n":17,"c":0,"r":0,"g":0,"b":0,"pta":142.0,"ptb":142.0}
22:52:28.128  {"type":"sample","target":"yellow","led":0,"n":18,"c":0,"r":0,"g":0,"b":0,"pta":142.0,"ptb":142.0}
22:52:28.128  {"type":"sample","target":"yellow","led":0,"n":19,"c":0,"r":0,"g":0,"b":0,"pta":142.0,"ptb":142.0}
22:52:28.129  {"type":"sample","target":"yellow","led":0,"n":20,"c":0,"r":0,"g":0,"b":0,"pta":142.0,"ptb":142.0}
22:52:28.443  {"type":"sample","target":"yellow","led":0,"n":21,"c":0,"r":0,"g":0,"b":0,"pta":142.0,"ptb":142.0}
22:52:28.443  {"type":"sample","target":"yellow","led":0,"n":22,"c":0,"r":0,"g":0,"b":0,"pta":142.0,"ptb":142.0}
22:52:28.905  {"type":"sample","target":"yellow","led":0,"n":23,"c":0,"r":0,"g":0,"b":0,"pta":142.0,"ptb":142.0}
22:52:28.905  {"type":"sample","target":"yellow","led":0,"n":24,"c":0,"r":0,"g":0,"b":0,"pta":142.0,"ptb":142.0}
22:52:28.906  {"type":"sample","target":"yellow","led":0,"n":25,"c":0,"r":0,"g":0,"b":0,"pta":142.0,"ptb":142.0}
22:52:29.220  {"type":"sample","target":"yellow","led":0,"n":26,"c":0,"r":0,"g":0,"b":0,"pta":142.0,"ptb":142.0}
22:52:29.221  {"type":"sample","target":"yellow","led":0,"n":27,"c":0,"r":0,"g":0,"b":0,"pta":142.0,"ptb":142.0}
22:52:29.681  {"type":"sample","target":"yellow","led":0,"n":28,"c":0,"r":0,"g":0,"b":0,"pta":142.0,"ptb":142.0}
22:52:29.682  {"type":"sample","target":"yellow","led":0,"n":29,"c":0,"r":0,"g":0,"b":0,"pta":142.0,"ptb":142.0}
22:52:29.682  {"type":"sample","target":"yellow","led":0,"n":30,"c":0,"r":0,"g":0,"b":0,"pta":142.0,"ptb":142.0}
22:52:30.142  {"type":"sample","target":"yellow","led":0,"n":31,"c":0,"r":0,"g":0,"b":0,"pta":142.0,"ptb":142.0}
22:52:30.143  {"type":"sample","target":"yellow","led":0,"n":32,"c":0,"r":0,"g":0,"b":0,"pta":142.0,"ptb":142.0}
22:52:30.143  {"type":"sample","target":"yellow","led":0,"n":33,"c":0,"r":0,"g":0,"b":0,"pta":142.0,"ptb":142.0}
22:52:30.458  {"type":"sample","target":"yellow","led":0,"n":34,"c":0,"r":0,"g":0,"b":0,"pta":142.0,"ptb":142.0}
22:52:30.458  {"type":"sample","target":"yellow","led":0,"n":35,"c":0,"r":0,"g":0,"b":0,"pta":142.0,"ptb":142.0}
22:52:30.919  {"type":"sample","target":"yellow","led":0,"n":36,"c":0,"r":0,"g":0,"b":0,"pta":142.0,"ptb":142.0}
22:52:30.919  {"type":"sample","target":"yellow","led":0,"n":37,"c":0,"r":0,"g":0,"b":0,"pta":142.0,"ptb":142.0}
22:52:30.920  {"type":"sample","target":"yellow","led":0,"n":38,"c":0,"r":0,"g":0,"b":0,"pta":142.0,"ptb":142.0}
22:52:31.234  {"type":"sample","target":"yellow","led":0,"n":39,"c":0,"r":0,"g":0,"b":0,"pta":142.0,"ptb":142.0}
22:52:31.235  {"type":"sample","target":"yellow","led":0,"n":40,"c":0,"r":0,"g":0,"b":0,"pta":142.0,"ptb":142.0}
22:52:31.696  {"type":"sample","target":"yellow","led":0,"n":41,"c":0,"r":0,"g":0,"b":0,"pta":142.0,"ptb":142.0}
22:52:31.697  {"type":"sample","target":"yellow","led":0,"n":42,"c":0,"r":0,"g":0,"b":0,"pta":142.0,"ptb":142.0}
22:52:31.697  {"type":"sample","target":"yellow","led":0,"n":43,"c":0,"r":0,"g":0,"b":0,"pta":142.0,"ptb":142.0}
22:52:32.011  {"type":"sample","target":"yellow","led":0,"n":44,"c":0,"r":0,"g":0,"b":0,"pta":142.0,"ptb":142.0}
22:52:32.011  {"type":"sample","target":"yellow","led":0,"n":45,"c":0,"r":0,"g":0,"b":0,"pta":142.0,"ptb":142.0}
22:52:32.472  {"type":"sample","target":"yellow","led":0,"n":46,"c":0,"r":0,"g":0,"b":0,"pta":142.0,"ptb":142.0}
22:52:32.472  {"type":"sample","target":"yellow","led":0,"n":47,"c":0,"r":0,"g":0,"b":0,"pta":142.0,"ptb":142.0}
22:52:32.473  {"type":"sample","target":"yellow","led":0,"n":48,"c":0,"r":0,"g":0,"b":0,"pta":142.0,"ptb":142.0}
22:52:32.494  {"type":"sample","target":"yellow","led":0,"n":49,"c":0,"r":0,"g":0,"b":0,"pta":142.0,"ptb":142.0}
22:52:32.722  {"type":"series","target":"yellow","light":"blue","gain":"16x","samples":50,"saturated":0,"on":{"C":[0.00,0.00],"R":[0.00,0.00],"G":[0.00,0.00],"B":[0.00,0.00],"PT-A":[149.25,34.26],"PT-B":[145.11,16.40]},"off":{"C":[0.00,0.00],"R":[0.00,0.00],"G":[0.00,0.00],"B":[0.00,0.00],"PT-A":[142.00,0.00],"PT-B":[142.01,0.07]},"signal":{"C":0.00,"R":0.00,"G":0.00,"B":0.00,"PT-A":7.25,"PT-B":3.10},"noise":{"C":0.00,"R":0.00,"G":0.00,"B":0.00,"PT-A":34.26,"PT-B":16.40}}
22:52:33.527  {"type":"live","t":369436,"c":0,"r":0,"g":0,"b":0,"pta":142.0,"ptb":142.0,"sat":0,"light":"blue","gain":"16x"}
22:52:33.527  {"type":"live","t":369837,"c":0,"r":0,"g":0,"b":0,"pta":142.0,"ptb":142.0,"sat":0,"light":"blue","gain":"16x"}
22:52:34.332  {"type":"live","t":370238,"c":0,"r":0,"g":0,"b":0,"pta":142.0,"ptb":142.0,"sat":0,"light":"blue","gain":"16x"}
22:52:34.333  {"type":"live","t":370639,"c":0,"r":0,"g":0,"b":0,"pta":142.0,"ptb":142.0,"sat":0,"light":"blue","gain":"16x"}
22:52:34.999  {"type":"live","t":371040,"c":0,"r":0,"g":0,"b":0,"pta":142.0,"ptb":142.0,"sat":0,"light":"blue","gain":"16x"}
22:52:34.999  {"type":"run","target":"yellow","light":"blue","gain":"16x","samples":50}
22:52:35.000  {"type":"sample","target":"yellow","led":1,"n":0,"c":0,"r":0,"g":0,"b":0,"pta":142.0,"ptb":142.0}
22:52:35.461  {"type":"sample","target":"yellow","led":1,"n":1,"c":0,"r":0,"g":0,"b":0,"pta":142.0,"ptb":142.0}
22:52:35.462  {"type":"sample","target":"yellow","led":1,"n":2,"c":0,"r":0,"g":0,"b":0,"pta":142.0,"ptb":142.0}
22:52:35.462  {"type":"sample","target":"yellow","led":1,"n":3,"c":0,"r":0,"g":0,"b":0,"pta":142.0,"ptb":142.0}
22:52:35.776  {"type":"sample","target":"yellow","led":1,"n":4,"c":0,"r":0,"g":0,"b":0,"pta":142.0,"ptb":142.0}
22:52:35.777  {"type":"sample","target":"yellow","led":1,"n":5,"c":0,"r":0,"g":0,"b":0,"pta":142.0,"ptb":142.0}
22:52:36.238  {"type":"sample","target":"yellow","led":1,"n":6,"c":0,"r":0,"g":0,"b":0,"pta":142.0,"ptb":142.0}
22:52:36.238  {"type":"sample","target":"yellow","led":1,"n":7,"c":0,"r":0,"g":0,"b":0,"pta":142.0,"ptb":142.0}
22:52:36.239  {"type":"sample","target":"yellow","led":1,"n":8,"c":0,"r":0,"g":0,"b":0,"pta":142.0,"ptb":142.0}
22:52:36.553  {"type":"sample","target":"yellow","led":1,"n":9,"c":0,"r":0,"g":0,"b":0,"pta":142.0,"ptb":142.0}
22:52:36.554  {"type":"sample","target":"yellow","led":1,"n":10,"c":0,"r":0,"g":0,"b":0,"pta":142.0,"ptb":142.0}
22:52:37.014  {"type":"sample","target":"yellow","led":1,"n":11,"c":0,"r":0,"g":0,"b":0,"pta":142.0,"ptb":142.0}
22:52:37.014  {"type":"sample","target":"yellow","led":1,"n":12,"c":0,"r":0,"g":0,"b":0,"pta":142.0,"ptb":142.0}
22:52:37.015  {"type":"sample","target":"yellow","led":1,"n":13,"c":0,"r":0,"g":0,"b":0,"pta":142.0,"ptb":142.0}
22:52:37.476  {"type":"sample","target":"yellow","led":1,"n":14,"c":0,"r":0,"g":0,"b":0,"pta":142.0,"ptb":142.0}
22:52:37.476  {"type":"sample","target":"yellow","led":1,"n":15,"c":0,"r":0,"g":0,"b":0,"pta":142.0,"ptb":142.0}
22:52:37.477  {"type":"sample","target":"yellow","led":1,"n":16,"c":0,"r":0,"g":0,"b":0,"pta":142.0,"ptb":142.0}
22:52:37.791  {"type":"sample","target":"yellow","led":1,"n":17,"c":0,"r":0,"g":0,"b":0,"pta":142.0,"ptb":142.0}
22:52:37.792  {"type":"sample","target":"yellow","led":1,"n":18,"c":0,"r":0,"g":0,"b":0,"pta":142.0,"ptb":142.8}
22:52:38.252  {"type":"sample","target":"yellow","led":1,"n":19,"c":0,"r":0,"g":0,"b":0,"pta":142.0,"ptb":142.0}
22:52:38.252  {"type":"sample","target":"yellow","led":1,"n":20,"c":0,"r":0,"g":0,"b":0,"pta":142.0,"ptb":142.0}
22:52:38.253  {"type":"sample","target":"yellow","led":1,"n":21,"c":0,"r":0,"g":0,"b":0,"pta":142.0,"ptb":142.0}
22:52:38.567  {"type":"sample","target":"yellow","led":1,"n":22,"c":0,"r":0,"g":0,"b":0,"pta":142.0,"ptb":142.0}
22:52:38.567  {"type":"sample","target":"yellow","led":1,"n":23,"c":0,"r":0,"g":0,"b":0,"pta":142.0,"ptb":142.0}
22:52:39.029  {"type":"sample","target":"yellow","led":1,"n":24,"c":0,"r":0,"g":0,"b":0,"pta":142.0,"ptb":142.0}
22:52:39.029  {"type":"sample","target":"yellow","led":1,"n":25,"c":0,"r":0,"g":0,"b":0,"pta":142.0,"ptb":142.0}
22:52:39.030  {"type":"sample","target":"yellow","led":1,"n":26,"c":0,"r":0,"g":0,"b":0,"pta":142.0,"ptb":142.0}
22:52:39.344  {"type":"sample","target":"yellow","led":1,"n":27,"c":0,"r":0,"g":0,"b":0,"pta":142.0,"ptb":142.0}
22:52:39.344  {"type":"sample","target":"yellow","led":1,"n":28,"c":0,"r":0,"g":0,"b":0,"pta":142.0,"ptb":142.0}
22:52:39.805  {"type":"sample","target":"yellow","led":1,"n":29,"c":0,"r":0,"g":0,"b":0,"pta":142.0,"ptb":142.0}
22:52:39.806  {"type":"sample","target":"yellow","led":1,"n":30,"c":0,"r":0,"g":0,"b":0,"pta":142.0,"ptb":142.0}
22:52:39.806  {"type":"sample","target":"yellow","led":1,"n":31,"c":0,"r":0,"g":0,"b":0,"pta":142.0,"ptb":142.0}
22:52:40.267  {"type":"sample","target":"yellow","led":1,"n":32,"c":0,"r":0,"g":0,"b":0,"pta":142.0,"ptb":142.0}
22:52:40.268  {"type":"sample","target":"yellow","led":1,"n":33,"c":0,"r":0,"g":0,"b":0,"pta":142.0,"ptb":142.0}
22:52:40.268  {"type":"sample","target":"yellow","led":1,"n":34,"c":0,"r":0,"g":0,"b":0,"pta":142.0,"ptb":142.0}
22:52:40.582  {"type":"sample","target":"yellow","led":1,"n":35,"c":0,"r":0,"g":0,"b":0,"pta":142.0,"ptb":142.0}
22:52:40.582  {"type":"sample","target":"yellow","led":1,"n":36,"c":0,"r":0,"g":0,"b":0,"pta":142.0,"ptb":142.0}
22:52:41.043  {"type":"sample","target":"yellow","led":1,"n":37,"c":0,"r":0,"g":0,"b":0,"pta":142.0,"ptb":142.0}
22:52:41.043  {"type":"sample","target":"yellow","led":1,"n":38,"c":0,"r":0,"g":0,"b":0,"pta":142.0,"ptb":142.0}
22:52:41.044  {"type":"sample","target":"yellow","led":1,"n":39,"c":0,"r":0,"g":0,"b":0,"pta":142.0,"ptb":142.0}
22:52:41.358  {"type":"sample","target":"yellow","led":1,"n":40,"c":0,"r":0,"g":0,"b":0,"pta":142.0,"ptb":142.0}
22:52:41.358  {"type":"sample","target":"yellow","led":1,"n":41,"c":0,"r":0,"g":0,"b":0,"pta":142.0,"ptb":142.0}
22:52:41.819  {"type":"sample","target":"yellow","led":1,"n":42,"c":0,"r":0,"g":0,"b":0,"pta":142.0,"ptb":142.0}
22:52:41.819  {"type":"sample","target":"yellow","led":1,"n":43,"c":0,"r":0,"g":0,"b":0,"pta":142.0,"ptb":142.0}
22:52:41.820  {"type":"sample","target":"yellow","led":1,"n":44,"c":0,"r":0,"g":0,"b":0,"pta":142.0,"ptb":142.0}
22:52:42.281  {"type":"sample","target":"yellow","led":1,"n":45,"c":0,"r":0,"g":0,"b":0,"pta":142.0,"ptb":142.0}
22:52:42.282  {"type":"sample","target":"yellow","led":1,"n":46,"c":0,"r":0,"g":0,"b":0,"pta":142.0,"ptb":142.0}
22:52:42.282  {"type":"sample","target":"yellow","led":1,"n":47,"c":0,"r":0,"g":0,"b":0,"pta":142.0,"ptb":142.0}
22:52:42.846  {"type":"sample","target":"yellow","led":1,"n":48,"c":0,"r":0,"g":0,"b":0,"pta":142.0,"ptb":142.0}
22:52:42.847  {"type":"sample","target":"yellow","led":1,"n":49,"c":0,"r":0,"g":0,"b":0,"pta":142.0,"ptb":142.0}
22:52:43.308  {"type":"sample","target":"yellow","led":0,"n":0,"c":0,"r":0,"g":0,"b":0,"pta":142.0,"ptb":142.0}
22:52:43.308  {"type":"sample","target":"yellow","led":0,"n":1,"c":0,"r":0,"g":0,"b":0,"pta":142.0,"ptb":142.0}
22:52:43.309  {"type":"sample","target":"yellow","led":0,"n":2,"c":0,"r":0,"g":0,"b":0,"pta":142.0,"ptb":142.0}
22:52:43.623  {"type":"sample","target":"yellow","led":0,"n":3,"c":0,"r":0,"g":0,"b":0,"pta":142.0,"ptb":142.0}
22:52:43.623  {"type":"sample","target":"yellow","led":0,"n":4,"c":0,"r":0,"g":0,"b":0,"pta":142.0,"ptb":142.0}
22:52:44.085  {"type":"sample","target":"yellow","led":0,"n":5,"c":0,"r":0,"g":0,"b":0,"pta":142.0,"ptb":142.0}
22:52:44.086  {"type":"sample","target":"yellow","led":0,"n":6,"c":0,"r":0,"g":0,"b":0,"pta":142.0,"ptb":142.0}
22:52:44.086  {"type":"sample","target":"yellow","led":0,"n":7,"c":0,"r":0,"g":0,"b":0,"pta":142.0,"ptb":142.0}
22:52:44.546  {"type":"sample","target":"yellow","led":0,"n":8,"c":0,"r":0,"g":0,"b":0,"pta":142.0,"ptb":142.0}
22:52:44.546  {"type":"sample","target":"yellow","led":0,"n":9,"c":0,"r":0,"g":0,"b":0,"pta":142.0,"ptb":142.0}
22:52:44.547  {"type":"sample","target":"yellow","led":0,"n":10,"c":0,"r":0,"g":0,"b":0,"pta":142.0,"ptb":142.0}
22:52:44.861  {"type":"sample","target":"yellow","led":0,"n":11,"c":0,"r":0,"g":0,"b":0,"pta":142.0,"ptb":142.0}
22:52:44.861  {"type":"sample","target":"yellow","led":0,"n":12,"c":0,"r":0,"g":0,"b":0,"pta":142.0,"ptb":142.0}
22:52:45.323  {"type":"sample","target":"yellow","led":0,"n":13,"c":0,"r":0,"g":0,"b":0,"pta":142.0,"ptb":142.0}
22:52:45.324  {"type":"sample","target":"yellow","led":0,"n":14,"c":0,"r":0,"g":0,"b":0,"pta":142.0,"ptb":142.0}
22:52:45.324  {"type":"sample","target":"yellow","led":0,"n":15,"c":0,"r":0,"g":0,"b":0,"pta":142.0,"ptb":142.0}
22:52:45.638  {"type":"sample","target":"yellow","led":0,"n":16,"c":0,"r":0,"g":0,"b":0,"pta":142.0,"ptb":142.0}
22:52:45.638  {"type":"sample","target":"yellow","led":0,"n":17,"c":0,"r":0,"g":0,"b":0,"pta":142.0,"ptb":142.0}
22:52:46.099  {"type":"sample","target":"yellow","led":0,"n":18,"c":0,"r":0,"g":0,"b":0,"pta":142.0,"ptb":142.0}
22:52:46.100  {"type":"sample","target":"yellow","led":0,"n":19,"c":0,"r":0,"g":0,"b":0,"pta":142.0,"ptb":142.0}
22:52:46.100  {"type":"sample","target":"yellow","led":0,"n":20,"c":0,"r":0,"g":0,"b":0,"pta":142.0,"ptb":142.0}
22:52:46.561  {"type":"sample","target":"yellow","led":0,"n":21,"c":0,"r":0,"g":0,"b":0,"pta":142.0,"ptb":142.0}
22:52:46.561  {"type":"sample","target":"yellow","led":0,"n":22,"c":0,"r":0,"g":0,"b":0,"pta":142.0,"ptb":142.0}
22:52:46.562  {"type":"sample","target":"yellow","led":0,"n":23,"c":0,"r":0,"g":0,"b":0,"pta":142.0,"ptb":142.0}
22:52:46.876  {"type":"sample","target":"yellow","led":0,"n":24,"c":0,"r":0,"g":0,"b":0,"pta":142.0,"ptb":142.0}
22:52:46.877  {"type":"sample","target":"yellow","led":0,"n":25,"c":0,"r":0,"g":0,"b":0,"pta":142.0,"ptb":142.0}
22:52:47.337  {"type":"sample","target":"yellow","led":0,"n":26,"c":0,"r":0,"g":0,"b":0,"pta":142.0,"ptb":142.0}
22:52:47.337  {"type":"sample","target":"yellow","led":0,"n":27,"c":0,"r":0,"g":0,"b":0,"pta":142.0,"ptb":142.0}
22:52:47.338  {"type":"sample","target":"yellow","led":0,"n":28,"c":0,"r":0,"g":0,"b":0,"pta":142.0,"ptb":142.0}
22:52:47.652  {"type":"sample","target":"yellow","led":0,"n":29,"c":0,"r":0,"g":0,"b":0,"pta":142.0,"ptb":142.0}
22:52:47.652  {"type":"sample","target":"yellow","led":0,"n":30,"c":0,"r":0,"g":0,"b":0,"pta":142.0,"ptb":142.0}
22:52:48.113  {"type":"sample","target":"yellow","led":0,"n":31,"c":0,"r":0,"g":0,"b":0,"pta":142.0,"ptb":142.0}
22:52:48.114  {"type":"sample","target":"yellow","led":0,"n":32,"c":0,"r":0,"g":0,"b":0,"pta":142.0,"ptb":142.0}
22:52:48.114  {"type":"sample","target":"yellow","led":0,"n":33,"c":0,"r":0,"g":0,"b":0,"pta":142.0,"ptb":142.0}
22:52:48.428  {"type":"sample","target":"yellow","led":0,"n":34,"c":0,"r":0,"g":0,"b":0,"pta":142.0,"ptb":142.0}
22:52:48.429  {"type":"sample","target":"yellow","led":0,"n":35,"c":0,"r":0,"g":0,"b":0,"pta":142.0,"ptb":142.0}
22:52:48.890  {"type":"sample","target":"yellow","led":0,"n":36,"c":0,"r":0,"g":0,"b":0,"pta":142.0,"ptb":142.0}
22:52:48.890  {"type":"sample","target":"yellow","led":0,"n":37,"c":0,"r":0,"g":0,"b":0,"pta":142.0,"ptb":142.0}
22:52:48.891  {"type":"sample","target":"yellow","led":0,"n":38,"c":0,"r":0,"g":0,"b":0,"pta":142.0,"ptb":142.0}
22:52:49.351  {"type":"sample","target":"yellow","led":0,"n":39,"c":0,"r":0,"g":0,"b":0,"pta":142.0,"ptb":142.0}
22:52:49.351  {"type":"sample","target":"yellow","led":0,"n":40,"c":0,"r":0,"g":0,"b":0,"pta":142.0,"ptb":142.0}
22:52:49.352  {"type":"sample","target":"yellow","led":0,"n":41,"c":0,"r":0,"g":0,"b":0,"pta":142.0,"ptb":142.0}
22:52:49.666  {"type":"sample","target":"yellow","led":0,"n":42,"c":0,"r":0,"g":0,"b":0,"pta":142.0,"ptb":142.0}
22:52:49.667  {"type":"sample","target":"yellow","led":0,"n":43,"c":0,"r":0,"g":0,"b":0,"pta":142.0,"ptb":142.0}
22:52:50.128  {"type":"sample","target":"yellow","led":0,"n":44,"c":0,"r":0,"g":0,"b":0,"pta":142.0,"ptb":142.0}
22:52:50.129  {"type":"sample","target":"yellow","led":0,"n":45,"c":0,"r":0,"g":0,"b":0,"pta":142.0,"ptb":142.0}
22:52:50.129  {"type":"sample","target":"yellow","led":0,"n":46,"c":0,"r":0,"g":0,"b":0,"pta":142.0,"ptb":142.0}
22:52:50.443  {"type":"sample","target":"yellow","led":0,"n":47,"c":0,"r":0,"g":0,"b":0,"pta":142.0,"ptb":142.0}
22:52:50.444  {"type":"sample","target":"yellow","led":0,"n":48,"c":0,"r":0,"g":0,"b":0,"pta":142.0,"ptb":142.0}
22:52:50.465  {"type":"sample","target":"yellow","led":0,"n":49,"c":0,"r":0,"g":0,"b":0,"pta":142.0,"ptb":142.0}
22:52:50.694  {"type":"series","target":"yellow","light":"blue","gain":"16x","samples":50,"saturated":0,"on":{"C":[0.00,0.00],"R":[0.00,0.00],"G":[0.00,0.00],"B":[0.00,0.00],"PT-A":[142.00,0.00],"PT-B":[142.02,0.11]},"off":{"C":[0.00,0.00],"R":[0.00,0.00],"G":[0.00,0.00],"B":[0.00,0.00],"PT-A":[142.00,0.00],"PT-B":[142.00,0.00]},"signal":{"C":0.00,"R":0.00,"G":0.00,"B":0.00,"PT-A":0.00,"PT-B":0.02},"noise":{"C":0.00,"R":0.00,"G":0.00,"B":0.00,"PT-A":0.00,"PT-B":0.11}}
22:52:51.499  {"type":"live","t":387404,"c":0,"r":0,"g":0,"b":0,"pta":142.0,"ptb":142.0,"sat":0,"light":"blue","gain":"16x"}
22:52:51.499  {"type":"live","t":387805,"c":0,"r":0,"g":0,"b":0,"pta":142.0,"ptb":142.0,"sat":0,"light":"blue","gain":"16x"}
22:52:52.303  {"type":"live","t":388206,"c":0,"r":0,"g":0,"b":0,"pta":142.0,"ptb":142.0,"sat":0,"light":"blue","gain":"16x"}
22:52:52.303  {"type":"live","t":388607,"c":0,"r":0,"g":0,"b":0,"pta":142.0,"ptb":142.0,"sat":0,"light":"blue","gain":"16x"}
22:52:53.312  {"type":"live","t":389008,"c":0,"r":0,"g":0,"b":0,"pta":142.0,"ptb":142.0,"sat":0,"light":"blue","gain":"16x"}
22:52:53.312  {"type":"live","t":389409,"c":0,"r":0,"g":0,"b":0,"pta":142.0,"ptb":142.0,"sat":0,"light":"blue","gain":"16x"}
22:52:53.313  {"type":"live","t":389810,"c":0,"r":0,"g":0,"b":0,"pta":142.0,"ptb":142.0,"sat":0,"light":"blue","gain":"16x"}
22:52:54.302  {"type":"live","t":390211,"c":0,"r":0,"g":0,"b":0,"pta":142.0,"ptb":142.0,"sat":0,"light":"blue","gain":"16x"}
22:52:54.303  {"type":"live","t":390612,"c":0,"r":0,"g":0,"b":0,"pta":142.0,"ptb":142.0,"sat":0,"light":"blue","gain":"16x"}
22:52:55.107  {"type":"live","t":391013,"c":0,"r":0,"g":0,"b":0,"pta":142.0,"ptb":142.0,"sat":0,"light":"blue","gain":"16x"}
22:52:55.107  {"type":"live","t":391414,"c":0,"r":0,"g":0,"b":0,"pta":142.0,"ptb":142.0,"sat":0,"light":"blue","gain":"16x"}
22:52:55.912  {"type":"live","t":391815,"c":0,"r":0,"g":0,"b":0,"pta":142.0,"ptb":142.0,"sat":0,"light":"blue","gain":"16x"}
22:52:55.912  {"type":"live","t":392216,"c":0,"r":0,"g":0,"b":0,"pta":142.0,"ptb":142.0,"sat":0,"light":"blue","gain":"16x"}
22:52:56.920  {"type":"live","t":392617,"c":0,"r":0,"g":0,"b":0,"pta":142.0,"ptb":142.0,"sat":0,"light":"blue","gain":"16x"}
22:52:56.921  {"type":"live","t":393018,"c":0,"r":0,"g":0,"b":0,"pta":142.0,"ptb":142.0,"sat":0,"light":"blue","gain":"16x"}
22:52:56.921  {"type":"live","t":393419,"c":0,"r":0,"g":0,"b":0,"pta":142.0,"ptb":142.0,"sat":0,"light":"blue","gain":"16x"}
22:52:57.911  {"type":"live","t":393820,"c":0,"r":0,"g":0,"b":0,"pta":142.0,"ptb":142.0,"sat":0,"light":"blue","gain":"16x"}
22:52:57.912  {"type":"live","t":394221,"c":0,"r":0,"g":0,"b":0,"pta":142.0,"ptb":142.0,"sat":0,"light":"blue","gain":"16x"}
22:52:58.716  {"type":"live","t":394622,"c":0,"r":0,"g":0,"b":0,"pta":142.0,"ptb":142.0,"sat":0,"light":"blue","gain":"16x"}
22:52:58.717  {"type":"live","t":395023,"c":0,"r":0,"g":0,"b":0,"pta":142.0,"ptb":142.0,"sat":0,"light":"blue","gain":"16x"}
22:52:59.521  {"type":"live","t":395425,"c":0,"r":0,"g":0,"b":0,"pta":142.0,"ptb":142.0,"sat":0,"light":"blue","gain":"16x"}
22:52:59.522  {"type":"live","t":395825,"c":0,"r":0,"g":0,"b":0,"pta":142.0,"ptb":142.0,"sat":0,"light":"blue","gain":"16x"}
22:53:00.118  {"type":"live","t":396226,"c":0,"r":0,"g":0,"b":0,"pta":142.0,"ptb":142.0,"sat":0,"light":"blue","gain":"16x"}
22:53:00.118  {"type":"run","target":"yellow","light":"blue","gain":"16x","samples":50}
22:53:00.119  {"type":"sample","target":"yellow","led":1,"n":0,"c":0,"r":0,"g":0,"b":0,"pta":142.0,"ptb":142.0}
22:53:00.579  {"type":"sample","target":"yellow","led":1,"n":1,"c":0,"r":0,"g":0,"b":0,"pta":142.0,"ptb":142.0}
22:53:00.579  {"type":"sample","target":"yellow","led":1,"n":2,"c":0,"r":0,"g":0,"b":0,"pta":142.0,"ptb":142.0}
22:53:00.580  {"type":"sample","target":"yellow","led":1,"n":3,"c":0,"r":0,"g":0,"b":0,"pta":142.0,"ptb":142.0}
22:53:00.895  {"type":"sample","target":"yellow","led":1,"n":4,"c":0,"r":0,"g":0,"b":0,"pta":142.0,"ptb":142.0}
22:53:00.896  {"type":"sample","target":"yellow","led":1,"n":5,"c":0,"r":0,"g":0,"b":0,"pta":142.0,"ptb":142.0}
22:53:01.356  {"type":"sample","target":"yellow","led":1,"n":6,"c":0,"r":0,"g":0,"b":0,"pta":142.0,"ptb":142.0}
22:53:01.356  {"type":"sample","target":"yellow","led":1,"n":7,"c":0,"r":0,"g":0,"b":0,"pta":142.0,"ptb":142.0}
22:53:01.357  {"type":"sample","target":"yellow","led":1,"n":8,"c":0,"r":0,"g":0,"b":0,"pta":142.0,"ptb":142.0}
22:53:01.818  {"type":"sample","target":"yellow","led":1,"n":9,"c":0,"r":0,"g":0,"b":0,"pta":142.0,"ptb":142.0}
22:53:01.818  {"type":"sample","target":"yellow","led":1,"n":10,"c":0,"r":0,"g":0,"b":0,"pta":142.0,"ptb":142.0}
22:53:01.819  {"type":"sample","target":"yellow","led":1,"n":11,"c":0,"r":0,"g":0,"b":0,"pta":142.0,"ptb":142.0}
22:53:02.133  {"type":"sample","target":"yellow","led":1,"n":12,"c":0,"r":0,"g":0,"b":0,"pta":142.0,"ptb":142.0}
22:53:02.134  {"type":"sample","target":"yellow","led":1,"n":13,"c":0,"r":0,"g":0,"b":0,"pta":142.0,"ptb":142.0}
22:53:02.594  {"type":"sample","target":"yellow","led":1,"n":14,"c":0,"r":0,"g":0,"b":0,"pta":142.0,"ptb":142.0}
22:53:02.595  {"type":"sample","target":"yellow","led":1,"n":15,"c":0,"r":0,"g":0,"b":0,"pta":142.0,"ptb":142.0}
22:53:02.595  {"type":"sample","target":"yellow","led":1,"n":16,"c":0,"r":0,"g":0,"b":0,"pta":142.0,"ptb":142.0}
22:53:02.909  {"type":"sample","target":"yellow","led":1,"n":17,"c":0,"r":0,"g":0,"b":0,"pta":142.0,"ptb":142.0}
22:53:02.909  {"type":"sample","target":"yellow","led":1,"n":18,"c":0,"r":0,"g":0,"b":0,"pta":142.0,"ptb":142.0}
22:53:03.371  {"type":"sample","target":"yellow","led":1,"n":19,"c":0,"r":0,"g":0,"b":0,"pta":142.0,"ptb":142.0}
22:53:03.371  {"type":"sample","target":"yellow","led":1,"n":20,"c":0,"r":0,"g":0,"b":0,"pta":142.0,"ptb":142.0}
22:53:03.372  {"type":"sample","target":"yellow","led":1,"n":21,"c":0,"r":0,"g":0,"b":0,"pta":142.0,"ptb":142.0}
22:53:03.832  {"type":"sample","target":"yellow","led":1,"n":22,"c":0,"r":0,"g":0,"b":0,"pta":142.0,"ptb":142.0}
22:53:03.832  {"type":"sample","target":"yellow","led":1,"n":23,"c":0,"r":0,"g":0,"b":0,"pta":142.0,"ptb":142.0}
22:53:03.833  {"type":"sample","target":"yellow","led":1,"n":24,"c":0,"r":0,"g":0,"b":0,"pta":142.0,"ptb":142.0}
22:53:04.147  {"type":"sample","target":"yellow","led":1,"n":25,"c":0,"r":0,"g":0,"b":0,"pta":142.0,"ptb":142.0}
22:53:04.147  {"type":"sample","target":"yellow","led":1,"n":26,"c":0,"r":0,"g":0,"b":0,"pta":142.0,"ptb":142.0}
22:53:04.609  {"type":"sample","target":"yellow","led":1,"n":27,"c":0,"r":0,"g":0,"b":0,"pta":142.0,"ptb":142.0}
22:53:04.610  {"type":"sample","target":"yellow","led":1,"n":28,"c":0,"r":0,"g":0,"b":0,"pta":142.0,"ptb":142.0}
22:53:04.610  {"type":"sample","target":"yellow","led":1,"n":29,"c":0,"r":0,"g":0,"b":0,"pta":142.0,"ptb":142.0}
22:53:04.924  {"type":"sample","target":"yellow","led":1,"n":30,"c":0,"r":0,"g":0,"b":0,"pta":142.1,"ptb":142.0}
22:53:04.925  {"type":"sample","target":"yellow","led":1,"n":31,"c":0,"r":0,"g":0,"b":0,"pta":144.3,"ptb":142.0}
22:53:05.385  {"type":"sample","target":"yellow","led":1,"n":32,"c":0,"r":0,"g":0,"b":0,"pta":142.0,"ptb":142.0}
22:53:05.385  {"type":"sample","target":"yellow","led":1,"n":33,"c":0,"r":0,"g":0,"b":0,"pta":142.0,"ptb":142.0}
22:53:05.386  {"type":"sample","target":"yellow","led":1,"n":34,"c":0,"r":0,"g":0,"b":0,"pta":144.0,"ptb":142.0}
22:53:05.846  {"type":"sample","target":"yellow","led":1,"n":35,"c":0,"r":0,"g":0,"b":0,"pta":142.0,"ptb":142.0}
22:53:05.846  {"type":"sample","target":"yellow","led":1,"n":36,"c":0,"r":0,"g":0,"b":0,"pta":142.0,"ptb":142.0}
22:53:05.847  {"type":"sample","target":"yellow","led":1,"n":37,"c":0,"r":0,"g":0,"b":0,"pta":142.0,"ptb":142.0}
22:53:06.161  {"type":"sample","target":"yellow","led":1,"n":38,"c":0,"r":0,"g":0,"b":0,"pta":142.0,"ptb":142.0}
22:53:06.162  {"type":"sample","target":"yellow","led":1,"n":39,"c":0,"r":0,"g":0,"b":0,"pta":142.0,"ptb":142.0}
22:53:06.623  {"type":"sample","target":"yellow","led":1,"n":40,"c":0,"r":0,"g":0,"b":0,"pta":142.3,"ptb":142.0}
22:53:06.624  {"type":"sample","target":"yellow","led":1,"n":41,"c":0,"r":0,"g":0,"b":0,"pta":142.5,"ptb":142.0}
22:53:06.624  {"type":"sample","target":"yellow","led":1,"n":42,"c":0,"r":0,"g":0,"b":0,"pta":142.0,"ptb":142.0}
22:53:06.938  {"type":"sample","target":"yellow","led":1,"n":43,"c":0,"r":0,"g":0,"b":0,"pta":142.0,"ptb":142.0}
22:53:06.939  {"type":"sample","target":"yellow","led":1,"n":44,"c":0,"r":0,"g":0,"b":0,"pta":142.0,"ptb":142.0}
22:53:07.399  {"type":"sample","target":"yellow","led":1,"n":45,"c":0,"r":0,"g":0,"b":0,"pta":142.0,"ptb":142.0}
22:53:07.400  {"type":"sample","target":"yellow","led":1,"n":46,"c":0,"r":0,"g":0,"b":0,"pta":142.0,"ptb":142.0}
22:53:07.400  {"type":"sample","target":"yellow","led":1,"n":47,"c":0,"r":0,"g":0,"b":0,"pta":142.0,"ptb":142.0}
22:53:07.964  {"type":"sample","target":"yellow","led":1,"n":48,"c":0,"r":0,"g":0,"b":0,"pta":142.0,"ptb":142.0}
22:53:07.964  {"type":"sample","target":"yellow","led":1,"n":49,"c":0,"r":0,"g":0,"b":0,"pta":142.0,"ptb":142.0}
22:53:08.426  {"type":"sample","target":"yellow","led":0,"n":0,"c":0,"r":0,"g":0,"b":0,"pta":142.0,"ptb":142.0}
22:53:08.426  {"type":"sample","target":"yellow","led":0,"n":1,"c":0,"r":0,"g":0,"b":0,"pta":142.0,"ptb":142.0}
22:53:08.427  {"type":"sample","target":"yellow","led":0,"n":2,"c":0,"r":0,"g":0,"b":0,"pta":142.0,"ptb":142.0}
22:53:08.888  {"type":"sample","target":"yellow","led":0,"n":3,"c":0,"r":0,"g":0,"b":0,"pta":142.0,"ptb":142.0}
22:53:08.889  {"type":"sample","target":"yellow","led":0,"n":4,"c":0,"r":0,"g":0,"b":0,"pta":142.0,"ptb":142.0}
22:53:08.889  {"type":"sample","target":"yellow","led":0,"n":5,"c":0,"r":0,"g":0,"b":0,"pta":142.0,"ptb":142.0}
22:53:09.203  {"type":"sample","target":"yellow","led":0,"n":6,"c":0,"r":0,"g":0,"b":0,"pta":142.0,"ptb":142.0}
22:53:09.203  {"type":"sample","target":"yellow","led":0,"n":7,"c":0,"r":0,"g":0,"b":0,"pta":142.0,"ptb":143.6}
22:53:09.665  {"type":"sample","target":"yellow","led":0,"n":8,"c":0,"r":0,"g":0,"b":0,"pta":142.0,"ptb":142.0}
22:53:09.666  {"type":"sample","target":"yellow","led":0,"n":9,"c":0,"r":0,"g":0,"b":0,"pta":142.0,"ptb":142.0}
22:53:09.666  {"type":"sample","target":"yellow","led":0,"n":10,"c":0,"r":0,"g":0,"b":0,"pta":142.0,"ptb":142.0}
22:53:10.126  {"type":"sample","target":"yellow","led":0,"n":11,"c":0,"r":0,"g":0,"b":0,"pta":142.0,"ptb":153.9}
22:53:10.126  {"type":"sample","target":"yellow","led":0,"n":12,"c":0,"r":0,"g":0,"b":0,"pta":142.0,"ptb":142.0}
22:53:10.126  {"type":"sample","target":"yellow","led":0,"n":13,"c":0,"r":0,"g":0,"b":0,"pta":142.0,"ptb":142.0}
22:53:10.441  {"type":"sample","target":"yellow","led":0,"n":14,"c":0,"r":0,"g":0,"b":0,"pta":142.0,"ptb":142.0}
22:53:10.442  {"type":"sample","target":"yellow","led":0,"n":15,"c":0,"r":0,"g":0,"b":0,"pta":142.0,"ptb":142.6}
22:53:10.903  {"type":"sample","target":"yellow","led":0,"n":16,"c":0,"r":0,"g":0,"b":0,"pta":142.0,"ptb":142.0}
22:53:10.904  {"type":"sample","target":"yellow","led":0,"n":17,"c":0,"r":0,"g":0,"b":0,"pta":142.0,"ptb":142.0}
22:53:10.904  {"type":"sample","target":"yellow","led":0,"n":18,"c":0,"r":0,"g":0,"b":0,"pta":142.0,"ptb":142.0}
22:53:11.218  {"type":"sample","target":"yellow","led":0,"n":19,"c":0,"r":0,"g":0,"b":0,"pta":142.0,"ptb":149.2}
22:53:11.219  {"type":"sample","target":"yellow","led":0,"n":20,"c":0,"r":0,"g":0,"b":0,"pta":142.0,"ptb":142.6}
22:53:11.679  {"type":"sample","target":"yellow","led":0,"n":21,"c":0,"r":0,"g":0,"b":0,"pta":142.0,"ptb":142.0}
22:53:11.680  {"type":"sample","target":"yellow","led":0,"n":22,"c":0,"r":0,"g":0,"b":0,"pta":142.0,"ptb":142.0}
22:53:11.680  {"type":"sample","target":"yellow","led":0,"n":23,"c":0,"r":0,"g":0,"b":0,"pta":142.0,"ptb":146.8}
22:53:11.994  {"type":"sample","target":"yellow","led":0,"n":24,"c":0,"r":0,"g":0,"b":0,"pta":142.0,"ptb":142.8}
22:53:11.995  {"type":"sample","target":"yellow","led":0,"n":25,"c":0,"r":0,"g":0,"b":0,"pta":142.0,"ptb":142.0}
22:53:12.455  {"type":"sample","target":"yellow","led":0,"n":26,"c":0,"r":0,"g":0,"b":0,"pta":142.0,"ptb":142.0}
22:53:12.456  {"type":"sample","target":"yellow","led":0,"n":27,"c":0,"r":0,"g":0,"b":0,"pta":142.0,"ptb":144.5}
22:53:12.456  {"type":"sample","target":"yellow","led":0,"n":28,"c":0,"r":0,"g":0,"b":0,"pta":142.0,"ptb":143.8}
22:53:12.917  {"type":"sample","target":"yellow","led":0,"n":29,"c":0,"r":0,"g":0,"b":0,"pta":142.0,"ptb":142.0}
22:53:12.917  {"type":"sample","target":"yellow","led":0,"n":30,"c":0,"r":0,"g":0,"b":0,"pta":142.0,"ptb":142.0}
22:53:12.918  {"type":"sample","target":"yellow","led":0,"n":31,"c":0,"r":0,"g":0,"b":0,"pta":142.0,"ptb":142.8}
22:53:13.232  {"type":"sample","target":"yellow","led":0,"n":32,"c":0,"r":0,"g":0,"b":0,"pta":142.0,"ptb":145.6}
22:53:13.232  {"type":"sample","target":"yellow","led":0,"n":33,"c":0,"r":0,"g":0,"b":0,"pta":142.0,"ptb":142.0}
22:53:13.693  {"type":"sample","target":"yellow","led":0,"n":34,"c":0,"r":0,"g":0,"b":0,"pta":142.0,"ptb":142.0}
22:53:13.694  {"type":"sample","target":"yellow","led":0,"n":35,"c":0,"r":0,"g":0,"b":0,"pta":142.0,"ptb":142.0}
22:53:13.694  {"type":"sample","target":"yellow","led":0,"n":36,"c":0,"r":0,"g":0,"b":0,"pta":142.0,"ptb":147.1}
22:53:14.008  {"type":"sample","target":"yellow","led":0,"n":37,"c":0,"r":0,"g":0,"b":0,"pta":142.0,"ptb":142.0}
22:53:14.008  {"type":"sample","target":"yellow","led":0,"n":38,"c":0,"r":0,"g":0,"b":0,"pta":142.0,"ptb":142.0}
22:53:14.470  {"type":"sample","target":"yellow","led":0,"n":39,"c":0,"r":0,"g":0,"b":0,"pta":142.0,"ptb":142.4}
22:53:14.470  {"type":"sample","target":"yellow","led":0,"n":40,"c":0,"r":0,"g":0,"b":0,"pta":142.0,"ptb":156.4}
22:53:14.471  {"type":"sample","target":"yellow","led":0,"n":41,"c":0,"r":0,"g":0,"b":0,"pta":142.0,"ptb":143.5}
22:53:14.931  {"type":"sample","target":"yellow","led":0,"n":42,"c":0,"r":0,"g":0,"b":0,"pta":142.0,"ptb":142.0}
22:53:14.931  {"type":"sample","target":"yellow","led":0,"n":43,"c":0,"r":0,"g":0,"b":0,"pta":142.0,"ptb":142.0}
22:53:14.932  {"type":"sample","target":"yellow","led":0,"n":44,"c":0,"r":0,"g":0,"b":0,"pta":142.0,"ptb":142.0}
22:53:15.246  {"type":"sample","target":"yellow","led":0,"n":45,"c":0,"r":0,"g":0,"b":0,"pta":142.0,"ptb":142.0}
22:53:15.247  {"type":"sample","target":"yellow","led":0,"n":46,"c":0,"r":0,"g":0,"b":0,"pta":142.0,"ptb":142.0}
22:53:15.561  {"type":"sample","target":"yellow","led":0,"n":47,"c":0,"r":0,"g":0,"b":0,"pta":142.0,"ptb":142.0}
22:53:15.561  {"type":"sample","target":"yellow","led":0,"n":48,"c":0,"r":0,"g":0,"b":0,"pta":142.0,"ptb":142.0}
22:53:15.562  {"type":"sample","target":"yellow","led":0,"n":49,"c":0,"r":0,"g":0,"b":0,"pta":142.0,"ptb":142.0}
22:53:15.812  {"type":"series","target":"yellow","light":"blue","gain":"16x","samples":50,"saturated":0,"on":{"C":[0.00,0.00],"R":[0.00,0.00],"G":[0.00,0.00],"B":[0.00,0.00],"PT-A":[142.10,0.43],"PT-B":[142.00,0.00]},"off":{"C":[0.00,0.00],"R":[0.00,0.00],"G":[0.00,0.00],"B":[0.00,0.00],"PT-A":[142.00,0.00],"PT-B":[143.15,2.91]},"signal":{"C":0.00,"R":0.00,"G":0.00,"B":0.00,"PT-A":0.10,"PT-B":-1.15},"noise":{"C":0.00,"R":0.00,"G":0.00,"B":0.00,"PT-A":0.43,"PT-B":2.91}}
22:53:16.617  {"type":"live","t":412520,"c":0,"r":0,"g":0,"b":0,"pta":142.0,"ptb":142.0,"sat":0,"light":"blue","gain":"16x"}
22:53:16.618  {"type":"live","t":412921,"c":0,"r":0,"g":0,"b":0,"pta":142.0,"ptb":142.0,"sat":0,"light":"blue","gain":"16x"}
22:53:17.620  {"type":"live","t":413322,"c":0,"r":0,"g":0,"b":0,"pta":142.0,"ptb":142.0,"sat":0,"light":"blue","gain":"16x"}
22:53:17.621  {"type":"live","t":413723,"c":0,"r":0,"g":0,"b":0,"pta":142.0,"ptb":142.0,"sat":0,"light":"blue","gain":"16x"}
22:53:17.621  {"type":"live","t":414124,"c":0,"r":0,"g":0,"b":0,"pta":142.0,"ptb":142.0,"sat":0,"light":"blue","gain":"16x"}
22:53:18.616  {"type":"live","t":414525,"c":0,"r":0,"g":0,"b":0,"pta":142.0,"ptb":142.0,"sat":0,"light":"blue","gain":"16x"}
22:53:18.617  {"type":"live","t":414926,"c":0,"r":0,"g":0,"b":0,"pta":142.0,"ptb":142.0,"sat":0,"light":"blue","gain":"16x"}
22:53:19.421  {"type":"live","t":415327,"c":0,"r":0,"g":0,"b":0,"pta":142.0,"ptb":142.0,"sat":0,"light":"blue","gain":"16x"}
22:53:19.422  {"type":"live","t":415728,"c":0,"r":0,"g":0,"b":0,"pta":142.0,"ptb":142.0,"sat":0,"light":"blue","gain":"16x"}
22:53:20.225  {"type":"live","t":416129,"c":0,"r":0,"g":0,"b":0,"pta":142.0,"ptb":142.0,"sat":0,"light":"blue","gain":"16x"}
22:53:20.226  {"type":"live","t":416530,"c":0,"r":0,"g":0,"b":0,"pta":142.0,"ptb":142.0,"sat":0,"light":"blue","gain":"16x"}
22:53:21.030  {"type":"live","t":416931,"c":0,"r":0,"g":0,"b":0,"pta":142.0,"ptb":142.0,"sat":0,"light":"blue","gain":"16x"}
22:53:21.031  {"type":"live","t":417332,"c":0,"r":0,"g":0,"b":0,"pta":142.0,"ptb":142.0,"sat":0,"light":"blue","gain":"16x"}
22:53:21.031  {"type":"live","t":417733,"c":0,"r":0,"g":0,"b":0,"pta":142.0,"ptb":142.0,"sat":0,"light":"blue","gain":"16x"}
22:53:21.774  {"type":"run","target":"yellow","light":"blue","gain":"16x","samples":50}
22:53:21.774  {"type":"sample","target":"yellow","led":1,"n":0,"c":0,"r":0,"g":0,"b":0,"pta":142.0,"ptb":142.0}
22:53:21.775  {"type":"sample","target":"yellow","led":1,"n":1,"c":0,"r":0,"g":0,"b":0,"pta":142.0,"ptb":142.0}
22:53:22.089  {"type":"sample","target":"yellow","led":1,"n":2,"c":0,"r":0,"g":0,"b":0,"pta":142.0,"ptb":142.0}
22:53:22.090  {"type":"sample","target":"yellow","led":1,"n":3,"c":0,"r":0,"g":0,"b":0,"pta":142.0,"ptb":142.0}
22:53:22.551  {"type":"sample","target":"yellow","led":1,"n":4,"c":0,"r":0,"g":0,"b":0,"pta":142.0,"ptb":142.0}
22:53:22.551  {"type":"sample","target":"yellow","led":1,"n":5,"c":0,"r":0,"g":0,"b":0,"pta":142.0,"ptb":142.0}
22:53:22.552  {"type":"sample","target":"yellow","led":1,"n":6,"c":0,"r":0,"g":0,"b":0,"pta":142.0,"ptb":142.0}
22:53:22.866  {"type":"sample","target":"yellow","led":1,"n":7,"c":0,"r":0,"g":0,"b":0,"pta":142.0,"ptb":142.0}
22:53:22.866  {"type":"sample","target":"yellow","led":1,"n":8,"c":0,"r":0,"g":0,"b":0,"pta":142.0,"ptb":142.0}
22:53:23.327  {"type":"sample","target":"yellow","led":1,"n":9,"c":0,"r":0,"g":0,"b":0,"pta":142.0,"ptb":142.0}
22:53:23.328  {"type":"sample","target":"yellow","led":1,"n":10,"c":0,"r":0,"g":0,"b":0,"pta":142.0,"ptb":142.0}
22:53:23.328  {"type":"sample","target":"yellow","led":1,"n":11,"c":0,"r":0,"g":0,"b":0,"pta":142.0,"ptb":142.0}
22:53:23.789  {"type":"sample","target":"yellow","led":1,"n":12,"c":0,"r":0,"g":0,"b":0,"pta":142.0,"ptb":142.0}
22:53:23.789  {"type":"sample","target":"yellow","led":1,"n":13,"c":0,"r":0,"g":0,"b":0,"pta":142.0,"ptb":142.0}
22:53:23.790  {"type":"sample","target":"yellow","led":1,"n":14,"c":0,"r":0,"g":0,"b":0,"pta":142.0,"ptb":142.0}
22:53:24.104  {"type":"sample","target":"yellow","led":1,"n":15,"c":0,"r":0,"g":0,"b":0,"pta":142.0,"ptb":142.0}
22:53:24.105  {"type":"sample","target":"yellow","led":1,"n":16,"c":0,"r":0,"g":0,"b":0,"pta":142.0,"ptb":142.0}
22:53:24.565  {"type":"sample","target":"yellow","led":1,"n":17,"c":0,"r":0,"g":0,"b":0,"pta":142.0,"ptb":142.0}
22:53:24.565  {"type":"sample","target":"yellow","led":1,"n":18,"c":0,"r":0,"g":0,"b":0,"pta":142.0,"ptb":142.0}
22:53:24.566  {"type":"sample","target":"yellow","led":1,"n":19,"c":0,"r":0,"g":0,"b":0,"pta":142.0,"ptb":142.0}
22:53:24.880  {"type":"sample","target":"yellow","led":1,"n":20,"c":0,"r":0,"g":0,"b":0,"pta":142.0,"ptb":142.0}
22:53:24.881  {"type":"sample","target":"yellow","led":1,"n":21,"c":0,"r":0,"g":0,"b":0,"pta":142.0,"ptb":142.0}
22:53:25.342  {"type":"sample","target":"yellow","led":1,"n":22,"c":0,"r":0,"g":0,"b":0,"pta":142.0,"ptb":142.0}
22:53:25.343  {"type":"sample","target":"yellow","led":1,"n":23,"c":0,"r":0,"g":0,"b":0,"pta":142.0,"ptb":142.0}
22:53:25.343  {"type":"sample","target":"yellow","led":1,"n":24,"c":0,"r":0,"g":0,"b":0,"pta":142.0,"ptb":142.0}
22:53:25.803  {"type":"sample","target":"yellow","led":1,"n":25,"c":0,"r":0,"g":0,"b":0,"pta":142.0,"ptb":142.0}
22:53:25.803  {"type":"sample","target":"yellow","led":1,"n":26,"c":0,"r":0,"g":0,"b":0,"pta":142.0,"ptb":142.0}
22:53:25.804  {"type":"sample","target":"yellow","led":1,"n":27,"c":0,"r":0,"g":0,"b":0,"pta":142.0,"ptb":142.0}
22:53:26.118  {"type":"sample","target":"yellow","led":1,"n":28,"c":0,"r":0,"g":0,"b":0,"pta":142.0,"ptb":142.0}
22:53:26.119  {"type":"sample","target":"yellow","led":1,"n":29,"c":0,"r":0,"g":0,"b":0,"pta":142.0,"ptb":142.0}
22:53:26.580  {"type":"sample","target":"yellow","led":1,"n":30,"c":0,"r":0,"g":0,"b":0,"pta":142.0,"ptb":142.0}
22:53:26.580  {"type":"sample","target":"yellow","led":1,"n":31,"c":0,"r":0,"g":0,"b":0,"pta":142.0,"ptb":142.0}
22:53:26.581  {"type":"sample","target":"yellow","led":1,"n":32,"c":0,"r":0,"g":0,"b":0,"pta":142.0,"ptb":142.0}
22:53:26.895  {"type":"sample","target":"yellow","led":1,"n":33,"c":0,"r":0,"g":0,"b":0,"pta":142.0,"ptb":142.0}
22:53:26.896  {"type":"sample","target":"yellow","led":1,"n":34,"c":0,"r":0,"g":0,"b":0,"pta":142.0,"ptb":142.0}
22:53:27.356  {"type":"sample","target":"yellow","led":1,"n":35,"c":0,"r":0,"g":0,"b":0,"pta":142.0,"ptb":142.0}
22:53:27.357  {"type":"sample","target":"yellow","led":1,"n":36,"c":0,"r":0,"g":0,"b":0,"pta":142.0,"ptb":142.0}
22:53:27.357  {"type":"sample","target":"yellow","led":1,"n":37,"c":0,"r":0,"g":0,"b":0,"pta":142.0,"ptb":142.0}
22:53:27.671  {"type":"sample","target":"yellow","led":1,"n":38,"c":0,"r":0,"g":0,"b":0,"pta":142.0,"ptb":142.0}
22:53:27.672  {"type":"sample","target":"yellow","led":1,"n":39,"c":0,"r":0,"g":0,"b":0,"pta":142.0,"ptb":142.0}
22:53:28.133  {"type":"sample","target":"yellow","led":1,"n":40,"c":0,"r":0,"g":0,"b":0,"pta":142.0,"ptb":142.0}
22:53:28.134  {"type":"sample","target":"yellow","led":1,"n":41,"c":0,"r":0,"g":0,"b":0,"pta":142.0,"ptb":142.0}
22:53:28.134  {"type":"sample","target":"yellow","led":1,"n":42,"c":0,"r":0,"g":0,"b":0,"pta":142.0,"ptb":142.0}
22:53:28.594  {"type":"sample","target":"yellow","led":1,"n":43,"c":0,"r":0,"g":0,"b":0,"pta":151.7,"ptb":142.0}
22:53:28.595  {"type":"sample","target":"yellow","led":1,"n":44,"c":0,"r":0,"g":0,"b":0,"pta":188.8,"ptb":142.0}
22:53:28.595  {"type":"sample","target":"yellow","led":1,"n":45,"c":0,"r":0,"g":0,"b":0,"pta":315.2,"ptb":142.1}
22:53:28.909  {"type":"sample","target":"yellow","led":1,"n":46,"c":0,"r":0,"g":0,"b":0,"pta":458.5,"ptb":142.0}
22:53:28.909  {"type":"sample","target":"yellow","led":1,"n":47,"c":0,"r":0,"g":0,"b":0,"pta":625.4,"ptb":142.0}
22:53:29.620  {"type":"sample","target":"yellow","led":1,"n":48,"c":0,"r":0,"g":0,"b":0,"pta":642.9,"ptb":142.0}
22:53:29.621  {"type":"sample","target":"yellow","led":1,"n":49,"c":0,"r":0,"g":0,"b":0,"pta":685.1,"ptb":142.0}
22:53:29.621  {"type":"sample","target":"yellow","led":0,"n":0,"c":0,"r":0,"g":0,"b":0,"pta":142.0,"ptb":142.0}
22:53:29.936  {"type":"sample","target":"yellow","led":0,"n":1,"c":0,"r":0,"g":0,"b":0,"pta":142.0,"ptb":142.0}
22:53:29.937  {"type":"sample","target":"yellow","led":0,"n":2,"c":0,"r":0,"g":0,"b":0,"pta":142.0,"ptb":143.6}
22:53:30.397  {"type":"sample","target":"yellow","led":0,"n":3,"c":0,"r":0,"g":0,"b":0,"pta":142.0,"ptb":142.0}
22:53:30.398  {"type":"sample","target":"yellow","led":0,"n":4,"c":0,"r":0,"g":0,"b":0,"pta":142.0,"ptb":142.0}
22:53:30.398  {"type":"sample","target":"yellow","led":0,"n":5,"c":0,"r":0,"g":0,"b":0,"pta":142.0,"ptb":142.0}
22:53:30.859  {"type":"sample","target":"yellow","led":0,"n":6,"c":0,"r":0,"g":0,"b":0,"pta":142.0,"ptb":142.0}
22:53:30.860  {"type":"sample","target":"yellow","led":0,"n":7,"c":0,"r":0,"g":0,"b":0,"pta":142.0,"ptb":142.0}
22:53:30.860  {"type":"sample","target":"yellow","led":0,"n":8,"c":0,"r":0,"g":0,"b":0,"pta":142.0,"ptb":142.0}
22:53:31.174  {"type":"sample","target":"yellow","led":0,"n":9,"c":0,"r":0,"g":0,"b":0,"pta":142.0,"ptb":142.0}
22:53:31.175  {"type":"sample","target":"yellow","led":0,"n":10,"c":0,"r":0,"g":0,"b":0,"pta":142.0,"ptb":142.0}
22:53:31.636  {"type":"sample","target":"yellow","led":0,"n":11,"c":0,"r":0,"g":0,"b":0,"pta":142.0,"ptb":142.0}
22:53:31.637  {"type":"sample","target":"yellow","led":0,"n":12,"c":0,"r":0,"g":0,"b":0,"pta":142.0,"ptb":142.0}
22:53:31.637  {"type":"sample","target":"yellow","led":0,"n":13,"c":0,"r":0,"g":0,"b":0,"pta":142.0,"ptb":142.0}
22:53:31.951  {"type":"sample","target":"yellow","led":0,"n":14,"c":0,"r":0,"g":0,"b":0,"pta":142.0,"ptb":142.0}
22:53:31.951  {"type":"sample","target":"yellow","led":0,"n":15,"c":0,"r":0,"g":0,"b":0,"pta":142.0,"ptb":142.0}
22:53:32.412  {"type":"sample","target":"yellow","led":0,"n":16,"c":0,"r":0,"g":0,"b":0,"pta":142.0,"ptb":142.0}
22:53:32.413  {"type":"sample","target":"yellow","led":0,"n":17,"c":0,"r":0,"g":0,"b":0,"pta":142.0,"ptb":142.0}
22:53:32.413  {"type":"sample","target":"yellow","led":0,"n":18,"c":0,"r":0,"g":0,"b":0,"pta":142.0,"ptb":142.0}
22:53:32.874  {"type":"sample","target":"yellow","led":0,"n":19,"c":0,"r":0,"g":0,"b":0,"pta":142.0,"ptb":142.0}
22:53:32.874  {"type":"sample","target":"yellow","led":0,"n":20,"c":0,"r":0,"g":0,"b":0,"pta":142.0,"ptb":142.0}
22:53:32.875  {"type":"sample","target":"yellow","led":0,"n":21,"c":0,"r":0,"g":0,"b":0,"pta":142.0,"ptb":142.0}
22:53:33.189  {"type":"sample","target":"yellow","led":0,"n":22,"c":0,"r":0,"g":0,"b":0,"pta":142.0,"ptb":142.0}
22:53:33.190  {"type":"sample","target":"yellow","led":0,"n":23,"c":0,"r":0,"g":0,"b":0,"pta":142.0,"ptb":142.0}
22:53:33.650  {"type":"sample","target":"yellow","led":0,"n":24,"c":0,"r":0,"g":0,"b":0,"pta":142.0,"ptb":142.0}
22:53:33.650  {"type":"sample","target":"yellow","led":0,"n":25,"c":0,"r":0,"g":0,"b":0,"pta":142.0,"ptb":142.0}
22:53:33.651  {"type":"sample","target":"yellow","led":0,"n":26,"c":0,"r":0,"g":0,"b":0,"pta":142.0,"ptb":142.0}
22:53:33.965  {"type":"sample","target":"yellow","led":0,"n":27,"c":0,"r":0,"g":0,"b":0,"pta":142.0,"ptb":142.0}
22:53:33.966  {"type":"sample","target":"yellow","led":0,"n":28,"c":0,"r":0,"g":0,"b":0,"pta":142.0,"ptb":142.0}
22:53:34.426  {"type":"sample","target":"yellow","led":0,"n":29,"c":0,"r":0,"g":0,"b":0,"pta":142.0,"ptb":142.0}
22:53:34.427  {"type":"sample","target":"yellow","led":0,"n":30,"c":0,"r":0,"g":0,"b":0,"pta":142.0,"ptb":142.0}
22:53:34.427  {"type":"sample","target":"yellow","led":0,"n":31,"c":0,"r":0,"g":0,"b":0,"pta":142.0,"ptb":142.0}
22:53:34.888  {"type":"sample","target":"yellow","led":0,"n":32,"c":0,"r":0,"g":0,"b":0,"pta":142.0,"ptb":142.0}
22:53:34.888  {"type":"sample","target":"yellow","led":0,"n":33,"c":0,"r":0,"g":0,"b":0,"pta":142.0,"ptb":142.0}
22:53:34.889  {"type":"sample","target":"yellow","led":0,"n":34,"c":0,"r":0,"g":0,"b":0,"pta":142.0,"ptb":142.0}
22:53:35.203  {"type":"sample","target":"yellow","led":0,"n":35,"c":0,"r":0,"g":0,"b":0,"pta":142.0,"ptb":142.0}
22:53:35.204  {"type":"sample","target":"yellow","led":0,"n":36,"c":0,"r":0,"g":0,"b":0,"pta":142.0,"ptb":142.0}
22:53:35.664  {"type":"sample","target":"yellow","led":0,"n":37,"c":0,"r":0,"g":0,"b":0,"pta":142.0,"ptb":142.0}
22:53:35.665  {"type":"sample","target":"yellow","led":0,"n":38,"c":0,"r":0,"g":0,"b":0,"pta":142.0,"ptb":142.4}
22:53:35.665  {"type":"sample","target":"yellow","led":0,"n":39,"c":0,"r":0,"g":0,"b":0,"pta":142.0,"ptb":142.0}
22:53:35.979  {"type":"sample","target":"yellow","led":0,"n":40,"c":0,"r":0,"g":0,"b":0,"pta":142.0,"ptb":142.0}
22:53:35.980  {"type":"sample","target":"yellow","led":0,"n":41,"c":0,"r":0,"g":0,"b":0,"pta":142.0,"ptb":142.0}
22:53:36.441  {"type":"sample","target":"yellow","led":0,"n":42,"c":0,"r":0,"g":0,"b":0,"pta":142.0,"ptb":142.0}
22:53:36.442  {"type":"sample","target":"yellow","led":0,"n":43,"c":0,"r":0,"g":0,"b":0,"pta":142.0,"ptb":142.0}
22:53:36.442  {"type":"sample","target":"yellow","led":0,"n":44,"c":0,"r":0,"g":0,"b":0,"pta":142.0,"ptb":142.0}
22:53:36.756  {"type":"sample","target":"yellow","led":0,"n":45,"c":0,"r":0,"g":0,"b":0,"pta":142.0,"ptb":142.0}
22:53:36.757  {"type":"sample","target":"yellow","led":0,"n":46,"c":0,"r":0,"g":0,"b":0,"pta":142.0,"ptb":142.0}
22:53:37.071  {"type":"sample","target":"yellow","led":0,"n":47,"c":0,"r":0,"g":0,"b":0,"pta":142.0,"ptb":142.0}
22:53:37.072  {"type":"sample","target":"yellow","led":0,"n":48,"c":0,"r":0,"g":0,"b":0,"pta":142.0,"ptb":142.0}
22:53:37.072  {"type":"sample","target":"yellow","led":0,"n":49,"c":0,"r":0,"g":0,"b":0,"pta":142.0,"ptb":142.0}
22:53:37.321  {"type":"series","target":"yellow","light":"blue","gain":"16x","samples":50,"saturated":0,"on":{"C":[0.00,0.00],"R":[0.00,0.00],"G":[0.00,0.00],"B":[0.00,0.00],"PT-A":[183.47,129.84],"PT-B":[142.00,0.02]},"off":{"C":[0.00,0.00],"R":[0.00,0.00],"G":[0.00,0.00],"B":[0.00,0.00],"PT-A":[142.00,0.00],"PT-B":[142.04,0.23]},"signal":{"C":0.00,"R":0.00,"G":0.00,"B":0.00,"PT-A":41.47,"PT-B":-0.04},"noise":{"C":0.00,"R":0.00,"G":0.00,"B":0.00,"PT-A":129.84,"PT-B":0.24}}
22:53:38.327  {"type":"live","t":434027,"c":0,"r":0,"g":0,"b":0,"pta":142.0,"ptb":142.0,"sat":0,"light":"blue","gain":"16x"}
22:53:38.328  {"type":"live","t":434428,"c":0,"r":0,"g":0,"b":0,"pta":142.0,"ptb":142.0,"sat":0,"light":"blue","gain":"16x"}
22:53:38.328  {"type":"live","t":434829,"c":0,"r":0,"g":0,"b":0,"pta":142.0,"ptb":142.0,"sat":0,"light":"blue","gain":"16x"}
22:53:39.320  {"type":"live","t":435230,"c":0,"r":0,"g":0,"b":0,"pta":142.0,"ptb":142.0,"sat":0,"light":"blue","gain":"16x"}
22:53:39.320  {"type":"live","t":435631,"c":0,"r":0,"g":0,"b":0,"pta":142.0,"ptb":142.0,"sat":0,"light":"blue","gain":"16x"}
22:53:40.125  {"type":"live","t":436032,"c":0,"r":0,"g":0,"b":0,"pta":142.0,"ptb":142.0,"sat":0,"light":"blue","gain":"16x"}
22:53:40.126  {"type":"live","t":436433,"c":0,"r":0,"g":0,"b":0,"pta":142.0,"ptb":142.0,"sat":0,"light":"blue","gain":"16x"}
22:53:40.879  {"type":"live","t":436834,"c":0,"r":0,"g":0,"b":0,"pta":142.0,"ptb":142.0,"sat":0,"light":"blue","gain":"16x"}
22:53:40.880  {"type":"run","target":"yellow","light":"blue","gain":"16x","samples":50}
22:53:40.880  {"type":"sample","target":"yellow","led":1,"n":0,"c":0,"r":0,"g":0,"b":0,"pta":142.0,"ptb":142.0}
22:53:41.341  {"type":"sample","target":"yellow","led":1,"n":1,"c":0,"r":0,"g":0,"b":0,"pta":142.0,"ptb":142.0}
22:53:41.341  {"type":"sample","target":"yellow","led":1,"n":2,"c":0,"r":0,"g":0,"b":0,"pta":142.0,"ptb":142.0}
22:53:41.342  {"type":"sample","target":"yellow","led":1,"n":3,"c":0,"r":0,"g":0,"b":0,"pta":142.0,"ptb":142.0}
22:53:41.656  {"type":"sample","target":"yellow","led":1,"n":4,"c":0,"r":0,"g":0,"b":0,"pta":142.0,"ptb":142.0}
22:53:41.657  {"type":"sample","target":"yellow","led":1,"n":5,"c":0,"r":0,"g":0,"b":0,"pta":142.0,"ptb":142.0}
22:53:42.118  {"type":"sample","target":"yellow","led":1,"n":6,"c":0,"r":0,"g":0,"b":0,"pta":142.0,"ptb":142.0}
22:53:42.118  {"type":"sample","target":"yellow","led":1,"n":7,"c":0,"r":0,"g":0,"b":0,"pta":142.0,"ptb":142.0}
22:53:42.119  {"type":"sample","target":"yellow","led":1,"n":8,"c":0,"r":0,"g":0,"b":0,"pta":142.0,"ptb":142.0}
22:53:42.433  {"type":"sample","target":"yellow","led":1,"n":9,"c":0,"r":0,"g":0,"b":0,"pta":142.0,"ptb":142.0}
22:53:42.433  {"type":"sample","target":"yellow","led":1,"n":10,"c":0,"r":0,"g":0,"b":0,"pta":142.0,"ptb":142.0}
22:53:42.894  {"type":"sample","target":"yellow","led":1,"n":11,"c":0,"r":0,"g":0,"b":0,"pta":142.0,"ptb":142.0}
22:53:42.895  {"type":"sample","target":"yellow","led":1,"n":12,"c":0,"r":0,"g":0,"b":0,"pta":142.0,"ptb":142.0}
22:53:42.895  {"type":"sample","target":"yellow","led":1,"n":13,"c":0,"r":0,"g":0,"b":0,"pta":142.0,"ptb":142.0}
22:53:43.356  {"type":"sample","target":"yellow","led":1,"n":14,"c":0,"r":0,"g":0,"b":0,"pta":142.0,"ptb":142.0}
22:53:43.357  {"type":"sample","target":"yellow","led":1,"n":15,"c":0,"r":0,"g":0,"b":0,"pta":142.0,"ptb":142.0}
22:53:43.357  {"type":"sample","target":"yellow","led":1,"n":16,"c":0,"r":0,"g":0,"b":0,"pta":142.0,"ptb":142.0}
22:53:43.671  {"type":"sample","target":"yellow","led":1,"n":17,"c":0,"r":0,"g":0,"b":0,"pta":142.0,"ptb":142.0}
22:53:43.672  {"type":"sample","target":"yellow","led":1,"n":18,"c":0,"r":0,"g":0,"b":0,"pta":142.0,"ptb":142.0}
22:53:44.132  {"type":"sample","target":"yellow","led":1,"n":19,"c":0,"r":0,"g":0,"b":0,"pta":142.0,"ptb":142.0}
22:53:44.133  {"type":"sample","target":"yellow","led":1,"n":20,"c":0,"r":0,"g":0,"b":0,"pta":142.0,"ptb":142.0}
22:53:44.133  {"type":"sample","target":"yellow","led":1,"n":21,"c":0,"r":0,"g":0,"b":0,"pta":142.0,"ptb":142.0}
22:53:44.447  {"type":"sample","target":"yellow","led":1,"n":22,"c":0,"r":0,"g":0,"b":0,"pta":142.0,"ptb":142.0}
22:53:44.448  {"type":"sample","target":"yellow","led":1,"n":23,"c":0,"r":0,"g":0,"b":0,"pta":142.0,"ptb":142.0}
22:53:44.909  {"type":"sample","target":"yellow","led":1,"n":24,"c":0,"r":0,"g":0,"b":0,"pta":142.0,"ptb":142.0}
22:53:44.910  {"type":"sample","target":"yellow","led":1,"n":25,"c":0,"r":0,"g":0,"b":0,"pta":142.0,"ptb":142.0}
22:53:44.910  {"type":"sample","target":"yellow","led":1,"n":26,"c":0,"r":0,"g":0,"b":0,"pta":142.0,"ptb":142.0}
22:53:45.224  {"type":"sample","target":"yellow","led":1,"n":27,"c":0,"r":0,"g":0,"b":0,"pta":142.0,"ptb":142.0}
22:53:45.224  {"type":"sample","target":"yellow","led":1,"n":28,"c":0,"r":0,"g":0,"b":0,"pta":142.0,"ptb":142.0}
22:53:45.685  {"type":"sample","target":"yellow","led":1,"n":29,"c":0,"r":0,"g":0,"b":0,"pta":142.0,"ptb":142.0}
22:53:45.686  {"type":"sample","target":"yellow","led":1,"n":30,"c":0,"r":0,"g":0,"b":0,"pta":142.0,"ptb":142.0}
22:53:45.686  {"type":"sample","target":"yellow","led":1,"n":31,"c":0,"r":0,"g":0,"b":0,"pta":142.0,"ptb":142.0}
22:53:46.146  {"type":"sample","target":"yellow","led":1,"n":32,"c":0,"r":0,"g":0,"b":0,"pta":142.0,"ptb":142.0}
22:53:46.146  {"type":"sample","target":"yellow","led":1,"n":33,"c":0,"r":0,"g":0,"b":0,"pta":142.0,"ptb":142.0}
22:53:46.147  {"type":"sample","target":"yellow","led":1,"n":34,"c":0,"r":0,"g":0,"b":0,"pta":142.0,"ptb":142.0}
22:53:46.461  {"type":"sample","target":"yellow","led":1,"n":35,"c":0,"r":0,"g":0,"b":0,"pta":142.0,"ptb":142.0}
22:53:46.461  {"type":"sample","target":"yellow","led":1,"n":36,"c":0,"r":0,"g":0,"b":0,"pta":142.0,"ptb":142.0}
22:53:46.923  {"type":"sample","target":"yellow","led":1,"n":37,"c":0,"r":0,"g":0,"b":0,"pta":142.0,"ptb":142.0}
22:53:46.924  {"type":"sample","target":"yellow","led":1,"n":38,"c":0,"r":0,"g":0,"b":0,"pta":142.0,"ptb":142.0}
22:53:46.924  {"type":"sample","target":"yellow","led":1,"n":39,"c":0,"r":0,"g":0,"b":0,"pta":142.0,"ptb":142.0}
22:53:47.238  {"type":"sample","target":"yellow","led":1,"n":40,"c":0,"r":0,"g":0,"b":0,"pta":142.0,"ptb":142.0}
22:53:47.238  {"type":"sample","target":"yellow","led":1,"n":41,"c":0,"r":0,"g":0,"b":0,"pta":142.0,"ptb":142.0}
22:53:47.699  {"type":"sample","target":"yellow","led":1,"n":42,"c":0,"r":0,"g":0,"b":0,"pta":142.0,"ptb":142.0}
22:53:47.699  {"type":"sample","target":"yellow","led":1,"n":43,"c":0,"r":0,"g":0,"b":0,"pta":142.0,"ptb":142.0}
22:53:47.700  {"type":"sample","target":"yellow","led":1,"n":44,"c":0,"r":0,"g":0,"b":0,"pta":142.0,"ptb":142.0}
22:53:48.161  {"type":"sample","target":"yellow","led":1,"n":45,"c":0,"r":0,"g":0,"b":0,"pta":142.0,"ptb":142.0}
22:53:48.162  {"type":"sample","target":"yellow","led":1,"n":46,"c":0,"r":0,"g":0,"b":0,"pta":142.0,"ptb":142.0}
22:53:48.162  {"type":"sample","target":"yellow","led":1,"n":47,"c":0,"r":0,"g":0,"b":0,"pta":142.0,"ptb":142.0}
22:53:48.726  {"type":"sample","target":"yellow","led":1,"n":48,"c":0,"r":0,"g":0,"b":0,"pta":142.0,"ptb":142.0}
22:53:48.727  {"type":"sample","target":"yellow","led":1,"n":49,"c":0,"r":0,"g":0,"b":0,"pta":142.0,"ptb":142.0}
22:53:49.187  {"type":"sample","target":"yellow","led":0,"n":0,"c":0,"r":0,"g":0,"b":0,"pta":142.0,"ptb":142.0}
22:53:49.188  {"type":"sample","target":"yellow","led":0,"n":1,"c":0,"r":0,"g":0,"b":0,"pta":142.0,"ptb":142.0}
22:53:49.188  {"type":"sample","target":"yellow","led":0,"n":2,"c":0,"r":0,"g":0,"b":0,"pta":142.0,"ptb":142.0}
22:53:49.503  {"type":"sample","target":"yellow","led":0,"n":3,"c":0,"r":0,"g":0,"b":0,"pta":142.0,"ptb":142.0}
22:53:49.503  {"type":"sample","target":"yellow","led":0,"n":4,"c":0,"r":0,"g":0,"b":0,"pta":142.0,"ptb":142.0}
22:53:49.964  {"type":"sample","target":"yellow","led":0,"n":5,"c":0,"r":0,"g":0,"b":0,"pta":142.0,"ptb":142.0}
22:53:49.965  {"type":"sample","target":"yellow","led":0,"n":6,"c":0,"r":0,"g":0,"b":0,"pta":142.0,"ptb":142.0}
22:53:49.965  {"type":"sample","target":"yellow","led":0,"n":7,"c":0,"r":0,"g":0,"b":0,"pta":142.0,"ptb":142.0}
22:53:50.426  {"type":"sample","target":"yellow","led":0,"n":8,"c":0,"r":0,"g":0,"b":0,"pta":142.0,"ptb":142.0}
22:53:50.427  {"type":"sample","target":"yellow","led":0,"n":9,"c":0,"r":0,"g":0,"b":0,"pta":142.0,"ptb":142.0}
22:53:50.427  {"type":"sample","target":"yellow","led":0,"n":10,"c":0,"r":0,"g":0,"b":0,"pta":142.0,"ptb":142.0}
22:53:50.741  {"type":"sample","target":"yellow","led":0,"n":11,"c":0,"r":0,"g":0,"b":0,"pta":142.0,"ptb":142.0}
22:53:50.741  {"type":"sample","target":"yellow","led":0,"n":12,"c":0,"r":0,"g":0,"b":0,"pta":142.0,"ptb":142.0}
22:53:51.202  {"type":"sample","target":"yellow","led":0,"n":13,"c":0,"r":0,"g":0,"b":0,"pta":142.0,"ptb":142.0}
22:53:51.203  {"type":"sample","target":"yellow","led":0,"n":14,"c":0,"r":0,"g":0,"b":0,"pta":142.0,"ptb":142.0}
22:53:51.203  {"type":"sample","target":"yellow","led":0,"n":15,"c":0,"r":0,"g":0,"b":0,"pta":142.0,"ptb":142.0}
22:53:51.517  {"type":"sample","target":"yellow","led":0,"n":16,"c":0,"r":0,"g":0,"b":0,"pta":142.0,"ptb":142.0}
22:53:51.517  {"type":"sample","target":"yellow","led":0,"n":17,"c":0,"r":0,"g":0,"b":0,"pta":142.0,"ptb":142.0}
22:53:51.979  {"type":"sample","target":"yellow","led":0,"n":18,"c":0,"r":0,"g":0,"b":0,"pta":142.0,"ptb":142.0}
22:53:51.980  {"type":"sample","target":"yellow","led":0,"n":19,"c":0,"r":0,"g":0,"b":0,"pta":142.0,"ptb":142.0}
22:53:51.980  {"type":"sample","target":"yellow","led":0,"n":20,"c":0,"r":0,"g":0,"b":0,"pta":142.0,"ptb":142.0}
22:53:52.440  {"type":"sample","target":"yellow","led":0,"n":21,"c":0,"r":0,"g":0,"b":0,"pta":142.0,"ptb":142.0}
22:53:52.441  {"type":"sample","target":"yellow","led":0,"n":22,"c":0,"r":0,"g":0,"b":0,"pta":142.0,"ptb":142.0}
22:53:52.441  {"type":"sample","target":"yellow","led":0,"n":23,"c":0,"r":0,"g":0,"b":0,"pta":142.0,"ptb":142.0}
22:53:52.755  {"type":"sample","target":"yellow","led":0,"n":24,"c":0,"r":0,"g":0,"b":0,"pta":142.0,"ptb":142.0}
22:53:52.756  {"type":"sample","target":"yellow","led":0,"n":25,"c":0,"r":0,"g":0,"b":0,"pta":142.0,"ptb":142.0}
22:53:53.217  {"type":"sample","target":"yellow","led":0,"n":26,"c":0,"r":0,"g":0,"b":0,"pta":142.0,"ptb":142.0}
22:53:53.218  {"type":"sample","target":"yellow","led":0,"n":27,"c":0,"r":0,"g":0,"b":0,"pta":142.0,"ptb":142.0}
22:53:53.218  {"type":"sample","target":"yellow","led":0,"n":28,"c":0,"r":0,"g":0,"b":0,"pta":142.0,"ptb":142.0}
22:53:53.532  {"type":"sample","target":"yellow","led":0,"n":29,"c":0,"r":0,"g":0,"b":0,"pta":142.0,"ptb":142.0}
22:53:53.533  {"type":"sample","target":"yellow","led":0,"n":30,"c":0,"r":0,"g":0,"b":0,"pta":142.0,"ptb":142.0}
22:53:53.993  {"type":"sample","target":"yellow","led":0,"n":31,"c":0,"r":0,"g":0,"b":0,"pta":142.0,"ptb":142.0}
22:53:53.993  {"type":"sample","target":"yellow","led":0,"n":32,"c":0,"r":0,"g":0,"b":0,"pta":142.0,"ptb":142.0}
22:53:53.994  {"type":"sample","target":"yellow","led":0,"n":33,"c":0,"r":0,"g":0,"b":0,"pta":142.0,"ptb":142.0}
22:53:54.308  {"type":"sample","target":"yellow","led":0,"n":34,"c":0,"r":0,"g":0,"b":0,"pta":142.0,"ptb":142.0}
22:53:54.308  {"type":"sample","target":"yellow","led":0,"n":35,"c":0,"r":0,"g":0,"b":0,"pta":142.0,"ptb":142.0}
22:53:54.770  {"type":"sample","target":"yellow","led":0,"n":36,"c":0,"r":0,"g":0,"b":0,"pta":142.0,"ptb":142.0}
22:53:54.771  {"type":"sample","target":"yellow","led":0,"n":37,"c":0,"r":0,"g":0,"b":0,"pta":142.0,"ptb":142.0}
22:53:54.771  {"type":"sample","target":"yellow","led":0,"n":38,"c":0,"r":0,"g":0,"b":0,"pta":142.0,"ptb":142.0}
22:53:55.231  {"type":"sample","target":"yellow","led":0,"n":39,"c":0,"r":0,"g":0,"b":0,"pta":142.0,"ptb":142.0}
22:53:55.232  {"type":"sample","target":"yellow","led":0,"n":40,"c":0,"r":0,"g":0,"b":0,"pta":142.0,"ptb":142.0}
22:53:55.232  {"type":"sample","target":"yellow","led":0,"n":41,"c":0,"r":0,"g":0,"b":0,"pta":142.0,"ptb":142.0}
22:53:55.546  {"type":"sample","target":"yellow","led":0,"n":42,"c":0,"r":0,"g":0,"b":0,"pta":142.0,"ptb":142.0}
22:53:55.547  {"type":"sample","target":"yellow","led":0,"n":43,"c":0,"r":0,"g":0,"b":0,"pta":142.0,"ptb":142.0}
22:53:56.008  {"type":"sample","target":"yellow","led":0,"n":44,"c":0,"r":0,"g":0,"b":0,"pta":142.0,"ptb":142.0}
22:53:56.009  {"type":"sample","target":"yellow","led":0,"n":45,"c":0,"r":0,"g":0,"b":0,"pta":142.0,"ptb":142.0}
22:53:56.009  {"type":"sample","target":"yellow","led":0,"n":46,"c":0,"r":0,"g":0,"b":0,"pta":142.0,"ptb":142.0}
22:53:56.323  {"type":"sample","target":"yellow","led":0,"n":47,"c":0,"r":0,"g":0,"b":0,"pta":142.0,"ptb":142.0}
22:53:56.324  {"type":"sample","target":"yellow","led":0,"n":48,"c":0,"r":0,"g":0,"b":0,"pta":142.0,"ptb":142.0}
22:53:56.345  {"type":"sample","target":"yellow","led":0,"n":49,"c":0,"r":0,"g":0,"b":0,"pta":142.0,"ptb":142.0}
22:53:56.573  {"type":"series","target":"yellow","light":"blue","gain":"16x","samples":50,"saturated":0,"on":{"C":[0.00,0.00],"R":[0.00,0.00],"G":[0.00,0.00],"B":[0.00,0.00],"PT-A":[142.00,0.00],"PT-B":[142.00,0.00]},"off":{"C":[0.00,0.00],"R":[0.00,0.00],"G":[0.00,0.00],"B":[0.00,0.00],"PT-A":[142.00,0.00],"PT-B":[142.00,0.00]},"signal":{"C":0.00,"R":0.00,"G":0.00,"B":0.00,"PT-A":0.00,"PT-B":0.00},"noise":{"C":0.00,"R":0.00,"G":0.00,"B":0.00,"PT-A":0.00,"PT-B":0.00}}
22:53:57.378  {"type":"live","t":453285,"c":0,"r":0,"g":0,"b":0,"pta":142.0,"ptb":142.0,"sat":0,"light":"blue","gain":"16x"}
22:53:57.379  {"type":"live","t":453686,"c":0,"r":0,"g":0,"b":0,"pta":142.0,"ptb":142.0,"sat":0,"light":"blue","gain":"16x"}
22:53:58.183  {"type":"live","t":454087,"c":0,"r":0,"g":0,"b":0,"pta":142.0,"ptb":142.0,"sat":0,"light":"blue","gain":"16x"}
22:53:58.184  {"type":"live","t":454488,"c":0,"r":0,"g":0,"b":0,"pta":142.0,"ptb":142.0,"sat":0,"light":"blue","gain":"16x"}
22:53:59.188  {"type":"live","t":454889,"c":0,"r":0,"g":0,"b":0,"pta":142.0,"ptb":142.0,"sat":0,"light":"blue","gain":"16x"}
22:53:59.188  {"type":"live","t":455290,"c":0,"r":0,"g":0,"b":0,"pta":142.0,"ptb":142.0,"sat":0,"light":"blue","gain":"16x"}
22:53:59.188  {"type":"live","t":455691,"c":0,"r":0,"g":0,"b":0,"pta":142.0,"ptb":142.0,"sat":0,"light":"blue","gain":"16x"}
22:54:00.182  {"type":"live","t":456092,"c":0,"r":0,"g":0,"b":0,"pta":142.0,"ptb":142.0,"sat":0,"light":"blue","gain":"16x"}
22:54:00.182  {"type":"live","t":456493,"c":0,"r":0,"g":0,"b":0,"pta":142.0,"ptb":142.0,"sat":0,"light":"blue","gain":"16x"}
22:54:00.987  {"type":"live","t":456894,"c":0,"r":0,"g":0,"b":0,"pta":142.0,"ptb":142.0,"sat":0,"light":"blue","gain":"16x"}
22:54:00.988  {"type":"live","t":457295,"c":0,"r":0,"g":0,"b":0,"pta":142.0,"ptb":142.0,"sat":0,"light":"blue","gain":"16x"}
22:54:01.792  {"type":"live","t":457696,"c":0,"r":0,"g":0,"b":0,"pta":142.0,"ptb":142.0,"sat":0,"light":"blue","gain":"16x"}
22:54:01.793  {"type":"live","t":458097,"c":0,"r":0,"g":0,"b":0,"pta":142.0,"ptb":142.0,"sat":0,"light":"blue","gain":"16x"}
22:54:02.797  {"type":"live","t":458498,"c":0,"r":0,"g":0,"b":0,"pta":142.0,"ptb":142.0,"sat":0,"light":"blue","gain":"16x"}
22:54:02.797  {"type":"live","t":458899,"c":0,"r":0,"g":0,"b":0,"pta":142.0,"ptb":142.0,"sat":0,"light":"blue","gain":"16x"}
22:54:02.798  {"type":"live","t":459300,"c":0,"r":0,"g":0,"b":0,"pta":142.0,"ptb":142.0,"sat":0,"light":"blue","gain":"16x"}
22:54:03.791  {"type":"live","t":459701,"c":0,"r":0,"g":0,"b":0,"pta":142.0,"ptb":142.0,"sat":0,"light":"blue","gain":"16x"}
22:54:03.792  {"type":"live","t":460102,"c":0,"r":0,"g":0,"b":0,"pta":142.0,"ptb":142.0,"sat":0,"light":"blue","gain":"16x"}
22:54:04.596  {"type":"live","t":460503,"c":0,"r":0,"g":0,"b":0,"pta":142.0,"ptb":142.0,"sat":0,"light":"blue","gain":"16x"}
22:54:04.597  {"type":"live","t":460904,"c":0,"r":0,"g":0,"b":0,"pta":142.0,"ptb":142.0,"sat":0,"light":"blue","gain":"16x"}
22:54:05.401  {"type":"live","t":461305,"c":0,"r":0,"g":0,"b":0,"pta":142.0,"ptb":142.0,"sat":0,"light":"blue","gain":"16x"}
22:54:05.402  {"type":"live","t":461706,"c":0,"r":0,"g":0,"b":0,"pta":142.0,"ptb":142.0,"sat":0,"light":"blue","gain":"16x"}
22:54:06.415  {"type":"live","t":462107,"c":0,"r":0,"g":0,"b":0,"pta":142.0,"ptb":142.0,"sat":0,"light":"blue","gain":"16x"}
22:54:06.415  {"type":"live","t":462508,"c":0,"r":0,"g":0,"b":0,"pta":142.0,"ptb":142.0,"sat":0,"light":"blue","gain":"16x"}
22:54:06.416  {"type":"live","t":462909,"c":0,"r":0,"g":0,"b":0,"pta":142.0,"ptb":142.0,"sat":0,"light":"blue","gain":"16x"}
22:54:07.400  {"type":"live","t":463310,"c":0,"r":0,"g":0,"b":0,"pta":142.0,"ptb":142.0,"sat":0,"light":"blue","gain":"16x"}
22:54:07.401  {"type":"live","t":463711,"c":0,"r":0,"g":0,"b":0,"pta":142.0,"ptb":142.0,"sat":0,"light":"blue","gain":"16x"}
22:54:08.205  {"type":"live","t":464112,"c":0,"r":0,"g":0,"b":0,"pta":142.0,"ptb":142.0,"sat":0,"light":"blue","gain":"16x"}
22:54:08.206  {"type":"live","t":464513,"c":0,"r":0,"g":0,"b":0,"pta":142.0,"ptb":142.0,"sat":0,"light":"blue","gain":"16x"}
22:54:09.010  {"type":"live","t":464914,"c":0,"r":0,"g":0,"b":0,"pta":142.0,"ptb":142.0,"sat":0,"light":"blue","gain":"16x"}
22:54:09.011  {"type":"live","t":465315,"c":0,"r":0,"g":0,"b":0,"pta":142.0,"ptb":142.0,"sat":0,"light":"blue","gain":"16x"}
22:54:10.025  {"type":"live","t":465716,"c":0,"r":0,"g":0,"b":0,"pta":142.0,"ptb":142.1,"sat":0,"light":"blue","gain":"16x"}
22:54:10.026  {"type":"live","t":466117,"c":0,"r":0,"g":0,"b":0,"pta":142.0,"ptb":142.6,"sat":0,"light":"blue","gain":"16x"}
22:54:10.026  {"type":"live","t":466518,"c":0,"r":0,"g":0,"b":0,"pta":142.0,"ptb":147.6,"sat":0,"light":"blue","gain":"16x"}
22:54:11.009  {"type":"live","t":466919,"c":0,"r":0,"g":0,"b":0,"pta":142.0,"ptb":170.9,"sat":0,"light":"blue","gain":"16x"}
22:54:11.010  {"type":"live","t":467320,"c":0,"r":0,"g":0,"b":0,"pta":142.0,"ptb":157.0,"sat":0,"light":"blue","gain":"16x"}
22:54:11.814  {"type":"live","t":467721,"c":0,"r":0,"g":0,"b":0,"pta":142.0,"ptb":146.4,"sat":0,"light":"blue","gain":"16x"}
22:54:11.815  {"type":"live","t":468122,"c":0,"r":0,"g":0,"b":0,"pta":142.0,"ptb":146.1,"sat":0,"light":"blue","gain":"16x"}
22:54:12.619  {"type":"live","t":468523,"c":0,"r":0,"g":0,"b":0,"pta":142.0,"ptb":142.0,"sat":0,"light":"blue","gain":"16x"}
22:54:12.620  {"type":"live","t":468924,"c":0,"r":0,"g":0,"b":0,"pta":142.0,"ptb":142.0,"sat":0,"light":"blue","gain":"16x"}
22:54:13.629  {"type":"live","t":469325,"c":0,"r":0,"g":0,"b":0,"pta":142.0,"ptb":142.0,"sat":0,"light":"blue","gain":"16x"}
22:54:13.630  {"type":"live","t":469726,"c":0,"r":0,"g":0,"b":0,"pta":142.0,"ptb":142.0,"sat":0,"light":"blue","gain":"16x"}
22:54:13.630  {"type":"live","t":470127,"c":0,"r":0,"g":0,"b":0,"pta":142.0,"ptb":142.0,"sat":0,"light":"blue","gain":"16x"}
22:54:14.618  {"type":"live","t":470528,"c":0,"r":0,"g":0,"b":0,"pta":142.0,"ptb":142.0,"sat":0,"light":"blue","gain":"16x"}
22:54:14.619  {"type":"live","t":470929,"c":0,"r":0,"g":0,"b":0,"pta":142.0,"ptb":142.0,"sat":0,"light":"blue","gain":"16x"}
22:54:15.423  {"type":"live","t":471330,"c":0,"r":0,"g":0,"b":0,"pta":142.0,"ptb":142.0,"sat":0,"light":"blue","gain":"16x"}
22:54:15.424  {"type":"live","t":471731,"c":0,"r":0,"g":0,"b":0,"pta":142.0,"ptb":142.0,"sat":0,"light":"blue","gain":"16x"}
22:54:16.228  {"type":"live","t":472132,"c":0,"r":0,"g":0,"b":0,"pta":142.0,"ptb":142.0,"sat":0,"light":"blue","gain":"16x"}
22:54:16.229  {"type":"live","t":472533,"c":0,"r":0,"g":0,"b":0,"pta":142.0,"ptb":142.0,"sat":0,"light":"blue","gain":"16x"}
22:54:17.237  {"type":"live","t":472934,"c":0,"r":0,"g":0,"b":0,"pta":142.0,"ptb":145.3,"sat":0,"light":"blue","gain":"16x"}
22:54:17.237  {"type":"live","t":473335,"c":0,"r":0,"g":0,"b":0,"pta":142.0,"ptb":142.1,"sat":0,"light":"blue","gain":"16x"}
22:54:17.238  {"type":"live","t":473736,"c":0,"r":0,"g":0,"b":0,"pta":142.0,"ptb":142.0,"sat":0,"light":"blue","gain":"16x"}
22:54:18.227  {"type":"live","t":474137,"c":0,"r":0,"g":0,"b":0,"pta":142.0,"ptb":149.1,"sat":0,"light":"blue","gain":"16x"}
22:54:18.228  {"type":"live","t":474539,"c":0,"r":0,"g":0,"b":0,"pta":142.3,"ptb":171.0,"sat":0,"light":"blue","gain":"16x"}
22:54:19.032  {"type":"live","t":474940,"c":0,"r":0,"g":0,"b":0,"pta":142.0,"ptb":158.4,"sat":0,"light":"blue","gain":"16x"}
22:54:19.033  {"type":"live","t":475341,"c":0,"r":0,"g":0,"b":0,"pta":142.0,"ptb":144.8,"sat":0,"light":"blue","gain":"16x"}
22:54:19.837  {"type":"live","t":475742,"c":0,"r":0,"g":0,"b":0,"pta":142.0,"ptb":143.5,"sat":0,"light":"blue","gain":"16x"}
22:54:19.838  {"type":"live","t":476143,"c":0,"r":0,"g":0,"b":0,"pta":142.0,"ptb":142.0,"sat":0,"light":"blue","gain":"16x"}
22:54:20.847  {"type":"live","t":476544,"c":0,"r":0,"g":0,"b":0,"pta":142.0,"ptb":142.0,"sat":0,"light":"blue","gain":"16x"}
22:54:20.848  {"type":"live","t":476945,"c":0,"r":0,"g":0,"b":0,"pta":142.0,"ptb":142.0,"sat":0,"light":"blue","gain":"16x"}
22:54:20.848  {"type":"live","t":477346,"c":0,"r":0,"g":0,"b":0,"pta":142.0,"ptb":142.0,"sat":0,"light":"blue","gain":"16x"}
22:54:21.836  {"type":"live","t":477747,"c":0,"r":0,"g":0,"b":0,"pta":142.0,"ptb":142.0,"sat":0,"light":"blue","gain":"16x"}
22:54:21.837  {"type":"live","t":478148,"c":0,"r":0,"g":0,"b":0,"pta":142.0,"ptb":142.0,"sat":0,"light":"blue","gain":"16x"}
22:54:22.641  {"type":"live","t":478549,"c":0,"r":0,"g":0,"b":0,"pta":142.0,"ptb":142.0,"sat":0,"light":"blue","gain":"16x"}
22:54:22.642  {"type":"live","t":478950,"c":0,"r":0,"g":0,"b":0,"pta":142.0,"ptb":142.0,"sat":0,"light":"blue","gain":"16x"}
22:54:23.446  {"type":"live","t":479351,"c":0,"r":0,"g":0,"b":0,"pta":142.0,"ptb":142.0,"sat":0,"light":"blue","gain":"16x"}
22:54:23.447  {"type":"live","t":479752,"c":0,"r":0,"g":0,"b":0,"pta":142.0,"ptb":142.0,"sat":0,"light":"blue","gain":"16x"}
22:54:24.456  {"type":"live","t":480153,"c":0,"r":0,"g":0,"b":0,"pta":142.0,"ptb":142.0,"sat":0,"light":"blue","gain":"16x"}
22:54:24.457  {"type":"live","t":480554,"c":0,"r":0,"g":0,"b":0,"pta":142.0,"ptb":143.5,"sat":0,"light":"blue","gain":"16x"}
22:54:24.457  {"type":"live","t":480955,"c":0,"r":0,"g":0,"b":0,"pta":142.0,"ptb":142.5,"sat":0,"light":"blue","gain":"16x"}
22:54:25.445  {"type":"live","t":481355,"c":0,"r":0,"g":0,"b":0,"pta":142.0,"ptb":142.0,"sat":0,"light":"blue","gain":"16x"}
22:54:25.446  {"type":"live","t":481756,"c":0,"r":0,"g":0,"b":0,"pta":142.0,"ptb":143.1,"sat":0,"light":"blue","gain":"16x"}
22:54:26.250  {"type":"live","t":482158,"c":0,"r":0,"g":0,"b":0,"pta":142.0,"ptb":153.2,"sat":0,"light":"blue","gain":"16x"}
22:54:26.251  {"type":"live","t":482558,"c":0,"r":0,"g":0,"b":0,"pta":144.1,"ptb":167.9,"sat":0,"light":"blue","gain":"16x"}
22:54:27.054  {"type":"live","t":482960,"c":0,"r":0,"g":0,"b":0,"pta":150.4,"ptb":225.6,"sat":0,"light":"blue","gain":"16x"}
22:54:27.055  {"type":"live","t":483360,"c":0,"r":0,"g":0,"b":0,"pta":145.0,"ptb":210.2,"sat":0,"light":"blue","gain":"16x"}
22:54:28.065  {"type":"live","t":483761,"c":0,"r":0,"g":0,"b":0,"pta":142.1,"ptb":176.8,"sat":0,"light":"blue","gain":"16x"}
22:54:28.066  {"type":"live","t":484163,"c":0,"r":0,"g":0,"b":0,"pta":142.0,"ptb":149.0,"sat":0,"light":"blue","gain":"16x"}
22:54:28.066  {"type":"live","t":484563,"c":0,"r":0,"g":0,"b":0,"pta":142.0,"ptb":142.0,"sat":0,"light":"blue","gain":"16x"}
22:54:29.054  {"type":"live","t":484965,"c":0,"r":0,"g":0,"b":0,"pta":142.0,"ptb":142.0,"sat":0,"light":"blue","gain":"16x"}
22:54:29.055  {"type":"live","t":485366,"c":0,"r":0,"g":0,"b":0,"pta":142.0,"ptb":142.0,"sat":0,"light":"blue","gain":"16x"}
22:54:29.858  {"type":"live","t":485767,"c":0,"r":0,"g":0,"b":0,"pta":142.0,"ptb":142.0,"sat":0,"light":"blue","gain":"16x"}
22:54:29.859  {"type":"live","t":486168,"c":0,"r":0,"g":0,"b":0,"pta":142.0,"ptb":142.0,"sat":0,"light":"blue","gain":"16x"}
22:54:30.663  {"type":"live","t":486568,"c":0,"r":0,"g":0,"b":0,"pta":142.0,"ptb":142.0,"sat":0,"light":"blue","gain":"16x"}
22:54:30.664  {"type":"live","t":486970,"c":0,"r":0,"g":0,"b":0,"pta":142.0,"ptb":142.0,"sat":0,"light":"blue","gain":"16x"}
22:54:31.677  {"type":"live","t":487370,"c":0,"r":0,"g":0,"b":0,"pta":142.0,"ptb":142.0,"sat":0,"light":"blue","gain":"16x"}
22:54:31.678  {"type":"live","t":487771,"c":0,"r":0,"g":0,"b":0,"pta":142.0,"ptb":142.0,"sat":0,"light":"blue","gain":"16x"}
22:54:31.678  {"type":"live","t":488172,"c":0,"r":0,"g":0,"b":0,"pta":142.0,"ptb":142.0,"sat":0,"light":"blue","gain":"16x"}
22:54:32.662  {"type":"live","t":488573,"c":0,"r":0,"g":0,"b":0,"pta":142.0,"ptb":142.0,"sat":0,"light":"blue","gain":"16x"}
22:54:32.663  {"type":"live","t":488974,"c":0,"r":0,"g":0,"b":0,"pta":142.0,"ptb":143.0,"sat":0,"light":"blue","gain":"16x"}
22:54:33.467  {"type":"live","t":489375,"c":0,"r":0,"g":0,"b":0,"pta":142.0,"ptb":143.7,"sat":0,"light":"blue","gain":"16x"}
22:54:33.468  {"type":"live","t":489776,"c":0,"r":0,"g":0,"b":0,"pta":142.0,"ptb":146.9,"sat":0,"light":"blue","gain":"16x"}
22:54:34.272  {"type":"live","t":490177,"c":0,"r":0,"g":0,"b":0,"pta":142.0,"ptb":182.3,"sat":0,"light":"blue","gain":"16x"}
22:54:34.273  {"type":"live","t":490579,"c":0,"r":0,"g":0,"b":0,"pta":146.1,"ptb":210.2,"sat":0,"light":"blue","gain":"16x"}
22:54:35.285  {"type":"live","t":490979,"c":0,"r":0,"g":0,"b":0,"pta":142.5,"ptb":188.6,"sat":0,"light":"blue","gain":"16x"}
22:54:35.285  {"type":"live","t":491380,"c":0,"r":0,"g":0,"b":0,"pta":142.0,"ptb":171.5,"sat":0,"light":"blue","gain":"16x"}
22:54:35.286  {"type":"live","t":491781,"c":0,"r":0,"g":0,"b":0,"pta":142.0,"ptb":151.6,"sat":0,"light":"blue","gain":"16x"}
22:54:36.271  {"type":"live","t":492182,"c":0,"r":0,"g":0,"b":0,"pta":142.0,"ptb":142.0,"sat":0,"light":"blue","gain":"16x"}
22:54:36.272  {"type":"live","t":492583,"c":0,"r":0,"g":0,"b":0,"pta":142.0,"ptb":142.0,"sat":0,"light":"blue","gain":"16x"}
22:54:37.076  {"type":"live","t":492984,"c":0,"r":0,"g":0,"b":0,"pta":142.0,"ptb":142.0,"sat":0,"light":"blue","gain":"16x"}
22:54:37.077  {"type":"live","t":493385,"c":0,"r":0,"g":0,"b":0,"pta":142.0,"ptb":142.0,"sat":0,"light":"blue","gain":"16x"}
22:54:37.881  {"type":"live","t":493786,"c":0,"r":0,"g":0,"b":0,"pta":142.0,"ptb":142.0,"sat":0,"light":"blue","gain":"16x"}
22:54:37.882  {"type":"live","t":494187,"c":0,"r":0,"g":0,"b":0,"pta":142.0,"ptb":142.0,"sat":0,"light":"blue","gain":"16x"}
22:54:38.893  {"type":"live","t":494588,"c":0,"r":0,"g":0,"b":0,"pta":142.0,"ptb":142.0,"sat":0,"light":"blue","gain":"16x"}
22:54:38.894  {"type":"live","t":494989,"c":0,"r":0,"g":0,"b":0,"pta":142.0,"ptb":142.0,"sat":0,"light":"blue","gain":"16x"}
22:54:38.894  {"type":"live","t":495390,"c":0,"r":0,"g":0,"b":0,"pta":142.0,"ptb":142.0,"sat":0,"light":"blue","gain":"16x"}
22:54:39.880  {"type":"live","t":495791,"c":0,"r":0,"g":0,"b":0,"pta":142.0,"ptb":143.0,"sat":0,"light":"blue","gain":"16x"}
22:54:39.881  {"type":"live","t":496192,"c":0,"r":0,"g":0,"b":0,"pta":142.0,"ptb":142.4,"sat":0,"light":"blue","gain":"16x"}
22:54:40.685  {"type":"live","t":496593,"c":0,"r":0,"g":0,"b":0,"pta":142.0,"ptb":143.8,"sat":0,"light":"blue","gain":"16x"}
22:54:40.686  {"type":"live","t":496994,"c":0,"r":0,"g":0,"b":0,"pta":142.0,"ptb":144.1,"sat":0,"light":"blue","gain":"16x"}
22:54:41.490  {"type":"live","t":497395,"c":0,"r":0,"g":0,"b":0,"pta":142.0,"ptb":158.3,"sat":0,"light":"blue","gain":"16x"}
22:54:41.491  {"type":"live","t":497796,"c":0,"r":0,"g":0,"b":0,"pta":142.0,"ptb":181.9,"sat":0,"light":"blue","gain":"16x"}
22:54:42.498  {"type":"live","t":498197,"c":0,"r":0,"g":0,"b":0,"pta":142.0,"ptb":151.5,"sat":0,"light":"blue","gain":"16x"}
22:54:42.499  {"type":"live","t":498598,"c":0,"r":0,"g":0,"b":0,"pta":142.0,"ptb":146.4,"sat":0,"light":"blue","gain":"16x"}
22:54:42.499  {"type":"live","t":498999,"c":0,"r":0,"g":0,"b":0,"pta":142.0,"ptb":142.0,"sat":0,"light":"blue","gain":"16x"}
22:54:43.489  {"type":"live","t":499400,"c":0,"r":0,"g":0,"b":0,"pta":142.0,"ptb":142.0,"sat":0,"light":"blue","gain":"16x"}
22:54:43.490  {"type":"live","t":499801,"c":0,"r":0,"g":0,"b":0,"pta":142.0,"ptb":142.0,"sat":0,"light":"blue","gain":"16x"}
22:54:44.294  {"type":"live","t":500202,"c":0,"r":0,"g":0,"b":0,"pta":142.0,"ptb":142.0,"sat":0,"light":"blue","gain":"16x"}
22:54:44.295  {"type":"live","t":500603,"c":0,"r":0,"g":0,"b":0,"pta":142.0,"ptb":142.0,"sat":0,"light":"blue","gain":"16x"}
22:54:45.099  {"type":"live","t":501004,"c":0,"r":0,"g":0,"b":0,"pta":142.0,"ptb":142.0,"sat":0,"light":"blue","gain":"16x"}
22:54:45.100  {"type":"live","t":501405,"c":0,"r":0,"g":0,"b":0,"pta":142.0,"ptb":142.0,"sat":0,"light":"blue","gain":"16x"}
22:54:46.104  {"type":"live","t":501806,"c":0,"r":0,"g":0,"b":0,"pta":142.0,"ptb":142.0,"sat":0,"light":"blue","gain":"16x"}
22:54:46.105  {"type":"live","t":502207,"c":0,"r":0,"g":0,"b":0,"pta":142.0,"ptb":142.0,"sat":0,"light":"blue","gain":"16x"}
22:54:46.105  {"type":"live","t":502608,"c":0,"r":0,"g":0,"b":0,"pta":142.0,"ptb":142.0,"sat":0,"light":"blue","gain":"16x"}
22:54:47.098  {"type":"live","t":503009,"c":0,"r":0,"g":0,"b":0,"pta":142.0,"ptb":142.0,"sat":0,"light":"blue","gain":"16x"}
22:54:47.099  {"type":"live","t":503410,"c":0,"r":0,"g":0,"b":0,"pta":142.0,"ptb":143.8,"sat":0,"light":"blue","gain":"16x"}
22:54:47.903  {"type":"live","t":503811,"c":0,"r":0,"g":0,"b":0,"pta":142.0,"ptb":144.4,"sat":0,"light":"blue","gain":"16x"}
22:54:47.904  {"type":"live","t":504212,"c":0,"r":0,"g":0,"b":0,"pta":142.0,"ptb":162.9,"sat":0,"light":"blue","gain":"16x"}
22:54:48.708  {"type":"live","t":504613,"c":0,"r":0,"g":0,"b":0,"pta":142.4,"ptb":188.7,"sat":0,"light":"blue","gain":"16x"}
22:54:48.709  {"type":"live","t":505014,"c":0,"r":0,"g":0,"b":0,"pta":142.0,"ptb":155.7,"sat":0,"light":"blue","gain":"16x"}
22:54:49.714  {"type":"live","t":505415,"c":0,"r":0,"g":0,"b":0,"pta":142.0,"ptb":148.2,"sat":0,"light":"blue","gain":"16x"}
22:54:49.715  {"type":"live","t":505816,"c":0,"r":0,"g":0,"b":0,"pta":142.0,"ptb":142.6,"sat":0,"light":"blue","gain":"16x"}
22:54:49.715  {"type":"live","t":506217,"c":0,"r":0,"g":0,"b":0,"pta":142.0,"ptb":142.0,"sat":0,"light":"blue","gain":"16x"}
22:54:50.707  {"type":"live","t":506618,"c":0,"r":0,"g":0,"b":0,"pta":142.0,"ptb":142.0,"sat":0,"light":"blue","gain":"16x"}
22:54:50.708  {"type":"live","t":507019,"c":0,"r":0,"g":0,"b":0,"pta":142.0,"ptb":142.0,"sat":0,"light":"blue","gain":"16x"}
22:54:51.512  {"type":"live","t":507420,"c":0,"r":0,"g":0,"b":0,"pta":142.0,"ptb":142.0,"sat":0,"light":"blue","gain":"16x"}
22:54:51.513  {"type":"live","t":507821,"c":0,"r":0,"g":0,"b":0,"pta":142.0,"ptb":142.0,"sat":0,"light":"blue","gain":"16x"}
22:54:52.317  {"type":"live","t":508222,"c":0,"r":0,"g":0,"b":0,"pta":142.0,"ptb":142.0,"sat":0,"light":"blue","gain":"16x"}
22:54:52.318  {"type":"live","t":508623,"c":0,"r":0,"g":0,"b":0,"pta":142.0,"ptb":142.0,"sat":0,"light":"blue","gain":"16x"}
22:54:53.331  {"type":"live","t":509024,"c":0,"r":0,"g":0,"b":0,"pta":142.0,"ptb":142.0,"sat":0,"light":"blue","gain":"16x"}
22:54:53.332  {"type":"live","t":509425,"c":0,"r":0,"g":0,"b":0,"pta":142.0,"ptb":142.0,"sat":0,"light":"blue","gain":"16x"}
22:54:53.332  {"type":"live","t":509826,"c":0,"r":0,"g":0,"b":0,"pta":142.0,"ptb":142.0,"sat":0,"light":"blue","gain":"16x"}
22:54:54.316  {"type":"live","t":510227,"c":0,"r":0,"g":0,"b":0,"pta":142.0,"ptb":142.5,"sat":0,"light":"blue","gain":"16x"}
22:54:54.317  {"type":"live","t":510628,"c":0,"r":0,"g":0,"b":0,"pta":142.0,"ptb":145.4,"sat":0,"light":"blue","gain":"16x"}
22:54:55.121  {"type":"live","t":511029,"c":0,"r":0,"g":0,"b":0,"pta":142.0,"ptb":152.9,"sat":0,"light":"blue","gain":"16x"}
22:54:55.122  {"type":"live","t":511430,"c":0,"r":0,"g":0,"b":0,"pta":147.4,"ptb":176.4,"sat":0,"light":"blue","gain":"16x"}
22:54:55.926  {"type":"live","t":511831,"c":0,"r":0,"g":0,"b":0,"pta":142.2,"ptb":182.4,"sat":0,"light":"blue","gain":"16x"}
22:54:55.927  {"type":"live","t":512232,"c":0,"r":0,"g":0,"b":0,"pta":142.0,"ptb":162.9,"sat":0,"light":"blue","gain":"16x"}
22:54:56.929  {"type":"live","t":512633,"c":0,"r":0,"g":0,"b":0,"pta":142.0,"ptb":152.7,"sat":0,"light":"blue","gain":"16x"}
22:54:56.930  {"type":"live","t":513034,"c":0,"r":0,"g":0,"b":0,"pta":142.0,"ptb":142.0,"sat":0,"light":"blue","gain":"16x"}
22:54:56.930  {"type":"live","t":513435,"c":0,"r":0,"g":0,"b":0,"pta":142.0,"ptb":142.0,"sat":0,"light":"blue","gain":"16x"}
22:54:57.925  {"type":"live","t":513836,"c":0,"r":0,"g":0,"b":0,"pta":142.0,"ptb":142.0,"sat":0,"light":"blue","gain":"16x"}
22:54:57.926  {"type":"live","t":514237,"c":0,"r":0,"g":0,"b":0,"pta":142.0,"ptb":142.0,"sat":0,"light":"blue","gain":"16x"}
22:54:58.730  {"type":"live","t":514638,"c":0,"r":0,"g":0,"b":0,"pta":142.0,"ptb":142.0,"sat":0,"light":"blue","gain":"16x"}
22:54:58.731  {"type":"live","t":515039,"c":0,"r":0,"g":0,"b":0,"pta":142.0,"ptb":142.0,"sat":0,"light":"blue","gain":"16x"}
22:54:59.535  {"type":"live","t":515440,"c":0,"r":0,"g":0,"b":0,"pta":142.0,"ptb":142.0,"sat":0,"light":"blue","gain":"16x"}
22:54:59.536  {"type":"live","t":515841,"c":0,"r":0,"g":0,"b":0,"pta":142.0,"ptb":142.0,"sat":0,"light":"blue","gain":"16x"}
22:55:00.542  {"type":"live","t":516242,"c":0,"r":0,"g":0,"b":0,"pta":142.0,"ptb":142.0,"sat":0,"light":"blue","gain":"16x"}
22:55:00.543  {"type":"live","t":516643,"c":0,"r":0,"g":0,"b":0,"pta":142.0,"ptb":142.0,"sat":0,"light":"blue","gain":"16x"}
22:55:00.543  {"type":"live","t":517044,"c":0,"r":0,"g":0,"b":0,"pta":142.0,"ptb":142.0,"sat":0,"light":"blue","gain":"16x"}
22:55:01.534  {"type":"live","t":517445,"c":0,"r":0,"g":0,"b":0,"pta":142.0,"ptb":143.1,"sat":0,"light":"blue","gain":"16x"}
22:55:01.535  {"type":"live","t":517847,"c":0,"r":0,"g":0,"b":0,"pta":142.0,"ptb":143.2,"sat":0,"light":"blue","gain":"16x"}
22:55:02.339  {"type":"live","t":518248,"c":0,"r":0,"g":0,"b":0,"pta":142.0,"ptb":164.6,"sat":0,"light":"blue","gain":"16x"}
22:55:02.340  {"type":"live","t":518649,"c":0,"r":0,"g":0,"b":0,"pta":142.0,"ptb":188.2,"sat":0,"light":"blue","gain":"16x"}
22:55:03.144  {"type":"live","t":519050,"c":0,"r":0,"g":0,"b":0,"pta":142.0,"ptb":161.4,"sat":0,"light":"blue","gain":"16x"}
22:55:03.145  {"type":"live","t":519450,"c":0,"r":0,"g":0,"b":0,"pta":142.0,"ptb":149.9,"sat":0,"light":"blue","gain":"16x"}
22:55:04.158  {"type":"live","t":519851,"c":0,"r":0,"g":0,"b":0,"pta":142.0,"ptb":145.5,"sat":0,"light":"blue","gain":"16x"}
22:55:04.159  {"type":"live","t":520252,"c":0,"r":0,"g":0,"b":0,"pta":142.0,"ptb":142.0,"sat":0,"light":"blue","gain":"16x"}
22:55:04.159  {"type":"live","t":520654,"c":0,"r":0,"g":0,"b":0,"pta":142.0,"ptb":142.0,"sat":0,"light":"blue","gain":"16x"}
22:55:05.143  {"type":"live","t":521055,"c":0,"r":0,"g":0,"b":0,"pta":142.0,"ptb":142.0,"sat":0,"light":"blue","gain":"16x"}
22:55:05.144  {"type":"live","t":521455,"c":0,"r":0,"g":0,"b":0,"pta":142.0,"ptb":142.0,"sat":0,"light":"blue","gain":"16x"}
22:55:05.948  {"type":"live","t":521856,"c":0,"r":0,"g":0,"b":0,"pta":142.0,"ptb":142.0,"sat":0,"light":"blue","gain":"16x"}
22:55:05.949  {"type":"live","t":522257,"c":0,"r":0,"g":0,"b":0,"pta":142.0,"ptb":142.0,"sat":0,"light":"blue","gain":"16x"}
22:55:06.753  {"type":"live","t":522658,"c":0,"r":0,"g":0,"b":0,"pta":142.0,"ptb":142.0,"sat":0,"light":"blue","gain":"16x"}
22:55:06.754  {"type":"live","t":523059,"c":0,"r":0,"g":0,"b":0,"pta":142.0,"ptb":142.0,"sat":0,"light":"blue","gain":"16x"}
22:55:07.768  {"type":"live","t":523460,"c":0,"r":0,"g":0,"b":0,"pta":142.0,"ptb":142.0,"sat":0,"light":"blue","gain":"16x"}
22:55:07.768  {"type":"live","t":523861,"c":0,"r":0,"g":0,"b":0,"pta":142.0,"ptb":142.0,"sat":0,"light":"blue","gain":"16x"}
22:55:07.769  {"type":"live","t":524262,"c":0,"r":0,"g":0,"b":0,"pta":142.0,"ptb":142.0,"sat":0,"light":"blue","gain":"16x"}
22:55:08.752  {"type":"live","t":524663,"c":0,"r":0,"g":0,"b":0,"pta":142.0,"ptb":143.1,"sat":0,"light":"blue","gain":"16x"}
22:55:08.753  {"type":"live","t":525064,"c":0,"r":0,"g":0,"b":0,"pta":142.0,"ptb":150.6,"sat":0,"light":"blue","gain":"16x"}
22:55:09.557  {"type":"live","t":525465,"c":0,"r":0,"g":0,"b":0,"pta":142.0,"ptb":161.7,"sat":0,"light":"blue","gain":"16x"}
22:55:09.558  {"type":"live","t":525867,"c":0,"r":0,"g":0,"b":0,"pta":143.3,"ptb":182.3,"sat":0,"light":"blue","gain":"16x"}
22:55:10.362  {"type":"live","t":526267,"c":0,"r":0,"g":0,"b":0,"pta":142.0,"ptb":158.4,"sat":0,"light":"blue","gain":"16x"}
22:55:10.363  {"type":"live","t":526668,"c":0,"r":0,"g":0,"b":0,"pta":142.0,"ptb":152.5,"sat":0,"light":"blue","gain":"16x"}
22:55:11.364  {"type":"live","t":527069,"c":0,"r":0,"g":0,"b":0,"pta":142.0,"ptb":142.1,"sat":0,"light":"blue","gain":"16x"}
22:55:11.364  {"type":"live","t":527470,"c":0,"r":0,"g":0,"b":0,"pta":142.0,"ptb":142.0,"sat":0,"light":"blue","gain":"16x"}
22:55:11.365  {"type":"live","t":527871,"c":0,"r":0,"g":0,"b":0,"pta":142.0,"ptb":142.8,"sat":0,"light":"blue","gain":"16x"}
22:55:12.361  {"type":"live","t":528272,"c":0,"r":0,"g":0,"b":0,"pta":142.0,"ptb":142.0,"sat":0,"light":"blue","gain":"16x"}
22:55:12.362  {"type":"live","t":528673,"c":0,"r":0,"g":0,"b":0,"pta":142.0,"ptb":142.0,"sat":0,"light":"blue","gain":"16x"}
22:55:13.166  {"type":"live","t":529074,"c":0,"r":0,"g":0,"b":0,"pta":142.0,"ptb":142.0,"sat":0,"light":"blue","gain":"16x"}
22:55:13.167  {"type":"live","t":529475,"c":0,"r":0,"g":0,"b":0,"pta":142.0,"ptb":142.0,"sat":0,"light":"blue","gain":"16x"}
22:55:13.971  {"type":"live","t":529876,"c":0,"r":0,"g":0,"b":0,"pta":142.0,"ptb":142.0,"sat":0,"light":"blue","gain":"16x"}
22:55:13.972  {"type":"live","t":530277,"c":0,"r":0,"g":0,"b":0,"pta":142.0,"ptb":142.0,"sat":0,"light":"blue","gain":"16x"}
22:55:14.972  {"type":"live","t":530678,"c":0,"r":0,"g":0,"b":0,"pta":142.0,"ptb":142.0,"sat":0,"light":"blue","gain":"16x"}
22:55:14.973  {"type":"live","t":531079,"c":0,"r":0,"g":0,"b":0,"pta":142.0,"ptb":142.0,"sat":0,"light":"blue","gain":"16x"}
22:55:14.973  {"type":"live","t":531480,"c":0,"r":0,"g":0,"b":0,"pta":142.0,"ptb":142.0,"sat":0,"light":"blue","gain":"16x"}
22:55:15.970  {"type":"live","t":531881,"c":0,"r":0,"g":0,"b":0,"pta":142.0,"ptb":142.0,"sat":0,"light":"blue","gain":"16x"}
22:55:15.971  {"type":"live","t":532282,"c":0,"r":0,"g":0,"b":0,"pta":142.0,"ptb":142.9,"sat":0,"light":"blue","gain":"16x"}
22:55:16.775  {"type":"live","t":532683,"c":0,"r":0,"g":0,"b":0,"pta":142.0,"ptb":146.6,"sat":0,"light":"blue","gain":"16x"}
22:55:16.776  {"type":"live","t":533084,"c":0,"r":0,"g":0,"b":0,"pta":142.0,"ptb":147.9,"sat":0,"light":"blue","gain":"16x"}
22:55:17.580  {"type":"live","t":533485,"c":0,"r":0,"g":0,"b":0,"pta":142.0,"ptb":176.3,"sat":0,"light":"blue","gain":"16x"}
22:55:17.581  {"type":"live","t":533886,"c":0,"r":0,"g":0,"b":0,"pta":143.3,"ptb":172.1,"sat":0,"light":"blue","gain":"16x"}
22:55:18.582  {"type":"live","t":534287,"c":0,"r":0,"g":0,"b":0,"pta":142.0,"ptb":156.7,"sat":0,"light":"blue","gain":"16x"}
22:55:18.582  {"type":"live","t":534688,"c":0,"r":0,"g":0,"b":0,"pta":147.6,"ptb":153.3,"sat":0,"light":"blue","gain":"16x"}
22:55:18.583  {"type":"live","t":535089,"c":0,"r":0,"g":0,"b":0,"pta":142.0,"ptb":142.4,"sat":0,"light":"blue","gain":"16x"}
22:55:19.579  {"type":"live","t":535490,"c":0,"r":0,"g":0,"b":0,"pta":142.0,"ptb":142.0,"sat":0,"light":"blue","gain":"16x"}
22:55:19.580  {"type":"live","t":535891,"c":0,"r":0,"g":0,"b":0,"pta":142.0,"ptb":142.0,"sat":0,"light":"blue","gain":"16x"}
22:55:20.384  {"type":"live","t":536292,"c":0,"r":0,"g":0,"b":0,"pta":142.0,"ptb":142.0,"sat":0,"light":"blue","gain":"16x"}
22:55:20.385  {"type":"live","t":536693,"c":0,"r":0,"g":0,"b":0,"pta":142.0,"ptb":142.0,"sat":0,"light":"blue","gain":"16x"}
22:55:21.189  {"type":"live","t":537094,"c":0,"r":0,"g":0,"b":0,"pta":142.0,"ptb":142.0,"sat":0,"light":"blue","gain":"16x"}
22:55:21.190  {"type":"live","t":537495,"c":0,"r":0,"g":0,"b":0,"pta":142.0,"ptb":142.0,"sat":0,"light":"blue","gain":"16x"}
22:55:22.202  {"type":"live","t":537896,"c":0,"r":0,"g":0,"b":0,"pta":142.0,"ptb":142.0,"sat":0,"light":"blue","gain":"16x"}
22:55:22.202  {"type":"live","t":538297,"c":0,"r":0,"g":0,"b":0,"pta":142.0,"ptb":142.0,"sat":0,"light":"blue","gain":"16x"}
22:55:22.203  {"type":"live","t":538698,"c":0,"r":0,"g":0,"b":0,"pta":142.0,"ptb":142.0,"sat":0,"light":"blue","gain":"16x"}
22:55:23.188  {"type":"live","t":539099,"c":0,"r":0,"g":0,"b":0,"pta":142.0,"ptb":142.0,"sat":0,"light":"blue","gain":"16x"}
22:55:23.189  {"type":"live","t":539500,"c":0,"r":0,"g":0,"b":0,"pta":142.0,"ptb":142.0,"sat":0,"light":"blue","gain":"16x"}
22:55:23.993  {"type":"live","t":539902,"c":0,"r":0,"g":0,"b":0,"pta":142.0,"ptb":142.0,"sat":0,"light":"blue","gain":"16x"}
22:55:23.994  {"type":"live","t":540303,"c":0,"r":0,"g":0,"b":0,"pta":142.0,"ptb":142.0,"sat":0,"light":"blue","gain":"16x"}
22:55:24.798  {"type":"live","t":540704,"c":0,"r":0,"g":0,"b":0,"pta":142.0,"ptb":142.0,"sat":0,"light":"blue","gain":"16x"}
22:55:24.799  {"type":"live","t":541105,"c":0,"r":0,"g":0,"b":0,"pta":142.0,"ptb":142.0,"sat":0,"light":"blue","gain":"16x"}
22:55:25.810  {"type":"live","t":541506,"c":0,"r":0,"g":0,"b":0,"pta":142.0,"ptb":144.2,"sat":0,"light":"blue","gain":"16x"}
22:55:25.811  {"type":"live","t":541907,"c":0,"r":0,"g":0,"b":0,"pta":142.0,"ptb":152.0,"sat":0,"light":"blue","gain":"16x"}
22:55:25.811  {"type":"live","t":542308,"c":0,"r":0,"g":0,"b":0,"pta":142.0,"ptb":152.1,"sat":0,"light":"blue","gain":"16x"}
22:55:26.797  {"type":"live","t":542709,"c":0,"r":0,"g":0,"b":0,"pta":142.0,"ptb":147.0,"sat":0,"light":"blue","gain":"16x"}
22:55:26.798  {"type":"live","t":543110,"c":0,"r":0,"g":0,"b":0,"pta":142.0,"ptb":142.3,"sat":0,"light":"blue","gain":"16x"}
22:55:27.602  {"type":"live","t":543511,"c":0,"r":0,"g":0,"b":0,"pta":142.0,"ptb":142.0,"sat":0,"light":"blue","gain":"16x"}
22:55:27.603  {"type":"live","t":543912,"c":0,"r":0,"g":0,"b":0,"pta":142.0,"ptb":142.0,"sat":0,"light":"blue","gain":"16x"}
22:55:28.406  {"type":"live","t":544313,"c":0,"r":0,"g":0,"b":0,"pta":142.0,"ptb":142.0,"sat":0,"light":"blue","gain":"16x"}
22:55:28.407  {"type":"live","t":544714,"c":0,"r":0,"g":0,"b":0,"pta":142.0,"ptb":142.0,"sat":0,"light":"blue","gain":"16x"}
22:55:29.412  {"type":"live","t":545115,"c":0,"r":0,"g":0,"b":0,"pta":142.0,"ptb":142.0,"sat":0,"light":"blue","gain":"16x"}
22:55:29.413  {"type":"live","t":545516,"c":0,"r":0,"g":0,"b":0,"pta":142.0,"ptb":142.0,"sat":0,"light":"blue","gain":"16x"}
22:55:29.413  {"type":"live","t":545917,"c":0,"r":0,"g":0,"b":0,"pta":142.0,"ptb":142.0,"sat":0,"light":"blue","gain":"16x"}
22:55:30.406  {"type":"live","t":546318,"c":0,"r":0,"g":0,"b":0,"pta":142.0,"ptb":142.0,"sat":0,"light":"blue","gain":"16x"}
22:55:30.407  {"type":"live","t":546719,"c":0,"r":0,"g":0,"b":0,"pta":142.0,"ptb":142.0,"sat":0,"light":"blue","gain":"16x"}
22:55:31.210  {"type":"live","t":547119,"c":0,"r":0,"g":0,"b":0,"pta":142.0,"ptb":142.0,"sat":0,"light":"blue","gain":"16x"}
22:55:31.211  {"type":"live","t":547520,"c":0,"r":0,"g":0,"b":0,"pta":142.0,"ptb":142.0,"sat":0,"light":"blue","gain":"16x"}
22:55:32.015  {"type":"live","t":547921,"c":0,"r":0,"g":0,"b":0,"pta":142.0,"ptb":142.1,"sat":0,"light":"blue","gain":"16x"}
22:55:32.016  {"type":"live","t":548322,"c":0,"r":0,"g":0,"b":0,"pta":142.0,"ptb":142.0,"sat":0,"light":"blue","gain":"16x"}
22:55:33.020  {"type":"live","t":548723,"c":0,"r":0,"g":0,"b":0,"pta":142.0,"ptb":142.0,"sat":0,"light":"blue","gain":"16x"}
22:55:33.021  {"type":"live","t":549124,"c":0,"r":0,"g":0,"b":0,"pta":142.0,"ptb":142.0,"sat":0,"light":"blue","gain":"16x"}
22:55:33.021  {"type":"live","t":549525,"c":0,"r":0,"g":0,"b":0,"pta":142.0,"ptb":142.0,"sat":0,"light":"blue","gain":"16x"}
22:55:34.014  {"type":"live","t":549926,"c":0,"r":0,"g":0,"b":0,"pta":142.0,"ptb":144.4,"sat":0,"light":"blue","gain":"16x"}
22:55:34.015  {"type":"live","t":550327,"c":0,"r":0,"g":0,"b":0,"pta":142.0,"ptb":146.9,"sat":0,"light":"blue","gain":"16x"}
22:55:34.819  {"type":"live","t":550728,"c":0,"r":0,"g":0,"b":0,"pta":142.0,"ptb":145.4,"sat":0,"light":"blue","gain":"16x"}
22:55:34.820  {"type":"live","t":551129,"c":0,"r":0,"g":0,"b":0,"pta":142.0,"ptb":142.0,"sat":0,"light":"blue","gain":"16x"}
22:55:35.624  {"type":"live","t":551530,"c":0,"r":0,"g":0,"b":0,"pta":142.0,"ptb":142.0,"sat":0,"light":"blue","gain":"16x"}
22:55:35.625  {"type":"live","t":551931,"c":0,"r":0,"g":0,"b":0,"pta":142.0,"ptb":142.0,"sat":0,"light":"blue","gain":"16x"}
22:55:36.628  {"type":"live","t":552332,"c":0,"r":0,"g":0,"b":0,"pta":142.0,"ptb":142.0,"sat":0,"light":"blue","gain":"16x"}
22:55:36.628  {"type":"live","t":552733,"c":0,"r":0,"g":0,"b":0,"pta":142.0,"ptb":142.0,"sat":0,"light":"blue","gain":"16x"}
22:55:36.629  {"type":"live","t":553134,"c":0,"r":0,"g":0,"b":0,"pta":142.0,"ptb":142.0,"sat":0,"light":"blue","gain":"16x"}
22:55:37.623  {"type":"live","t":553535,"c":0,"r":0,"g":0,"b":0,"pta":142.0,"ptb":142.0,"sat":0,"light":"blue","gain":"16x"}
22:55:37.624  {"type":"live","t":553937,"c":0,"r":0,"g":0,"b":0,"pta":142.0,"ptb":142.0,"sat":0,"light":"blue","gain":"16x"}
22:55:38.428  {"type":"live","t":554338,"c":0,"r":0,"g":0,"b":0,"pta":142.0,"ptb":142.0,"sat":0,"light":"blue","gain":"16x"}
22:55:38.429  {"type":"live","t":554739,"c":0,"r":0,"g":0,"b":0,"pta":142.0,"ptb":142.0,"sat":0,"light":"blue","gain":"16x"}
22:55:39.233  {"type":"live","t":555140,"c":0,"r":0,"g":0,"b":0,"pta":142.0,"ptb":142.0,"sat":0,"light":"blue","gain":"16x"}
22:55:39.234  {"type":"live","t":555541,"c":0,"r":0,"g":0,"b":0,"pta":142.0,"ptb":142.0,"sat":0,"light":"blue","gain":"16x"}
22:55:40.244  {"type":"live","t":555942,"c":0,"r":0,"g":0,"b":0,"pta":142.0,"ptb":142.0,"sat":0,"light":"blue","gain":"16x"}
22:55:40.244  {"type":"live","t":556343,"c":0,"r":0,"g":0,"b":0,"pta":142.0,"ptb":142.0,"sat":0,"light":"blue","gain":"16x"}
22:55:40.245  {"type":"live","t":556744,"c":0,"r":0,"g":0,"b":0,"pta":142.0,"ptb":142.0,"sat":0,"light":"blue","gain":"16x"}
22:55:41.232  {"type":"live","t":557145,"c":0,"r":0,"g":0,"b":0,"pta":142.0,"ptb":142.0,"sat":0,"light":"blue","gain":"16x"}
22:55:41.233  {"type":"live","t":557546,"c":0,"r":0,"g":0,"b":0,"pta":142.0,"ptb":142.0,"sat":0,"light":"blue","gain":"16x"}
22:55:42.037  {"type":"live","t":557947,"c":0,"r":0,"g":0,"b":0,"pta":142.0,"ptb":142.0,"sat":0,"light":"blue","gain":"16x"}
22:55:42.038  {"type":"live","t":558348,"c":0,"r":0,"g":0,"b":0,"pta":142.0,"ptb":142.0,"sat":0,"light":"blue","gain":"16x"}
22:55:42.842  {"type":"live","t":558749,"c":0,"r":0,"g":0,"b":0,"pta":142.0,"ptb":142.0,"sat":0,"light":"blue","gain":"16x"}
22:55:42.843  {"type":"live","t":559150,"c":0,"r":0,"g":0,"b":0,"pta":142.0,"ptb":142.0,"sat":0,"light":"blue","gain":"16x"}
22:55:43.859  {"type":"live","t":559551,"c":0,"r":0,"g":0,"b":0,"pta":142.0,"ptb":142.0,"sat":0,"light":"blue","gain":"16x"}
22:55:43.859  {"type":"live","t":559952,"c":0,"r":0,"g":0,"b":0,"pta":142.0,"ptb":142.0,"sat":0,"light":"blue","gain":"16x"}
22:55:43.860  {"type":"live","t":560353,"c":0,"r":0,"g":0,"b":0,"pta":142.0,"ptb":142.0,"sat":0,"light":"blue","gain":"16x"}
22:55:44.841  {"type":"live","t":560754,"c":0,"r":0,"g":0,"b":0,"pta":142.0,"ptb":142.0,"sat":0,"light":"blue","gain":"16x"}
22:55:44.842  {"type":"live","t":561155,"c":0,"r":0,"g":0,"b":0,"pta":142.0,"ptb":142.0,"sat":0,"light":"blue","gain":"16x"}
22:55:45.646  {"type":"live","t":561556,"c":0,"r":0,"g":0,"b":0,"pta":142.0,"ptb":142.0,"sat":0,"light":"blue","gain":"16x"}
22:55:45.647  {"type":"live","t":561957,"c":0,"r":0,"g":0,"b":0,"pta":142.0,"ptb":142.0,"sat":0,"light":"blue","gain":"16x"}
22:55:46.451  {"type":"live","t":562358,"c":0,"r":0,"g":0,"b":0,"pta":143.2,"ptb":142.0,"sat":0,"light":"blue","gain":"16x"}
22:55:46.452  {"type":"live","t":562759,"c":0,"r":0,"g":0,"b":0,"pta":142.0,"ptb":142.0,"sat":0,"light":"blue","gain":"16x"}
22:55:47.460  {"type":"live","t":563160,"c":0,"r":0,"g":0,"b":0,"pta":142.0,"ptb":142.0,"sat":0,"light":"blue","gain":"16x"}
22:55:47.460  {"type":"live","t":563561,"c":0,"r":0,"g":0,"b":0,"pta":142.0,"ptb":142.0,"sat":0,"light":"blue","gain":"16x"}
22:55:47.461  {"type":"live","t":563962,"c":0,"r":0,"g":0,"b":0,"pta":142.0,"ptb":142.0,"sat":0,"light":"blue","gain":"16x"}
22:55:48.450  {"type":"live","t":564363,"c":0,"r":0,"g":0,"b":0,"pta":142.0,"ptb":142.0,"sat":0,"light":"blue","gain":"16x"}
22:55:48.451  {"type":"live","t":564764,"c":0,"r":0,"g":0,"b":0,"pta":142.0,"ptb":142.8,"sat":0,"light":"blue","gain":"16x"}
22:55:49.255  {"type":"live","t":565165,"c":0,"r":0,"g":0,"b":0,"pta":142.0,"ptb":142.0,"sat":0,"light":"blue","gain":"16x"}
22:55:49.256  {"type":"live","t":565566,"c":0,"r":0,"g":0,"b":0,"pta":142.0,"ptb":142.0,"sat":0,"light":"blue","gain":"16x"}
22:55:50.060  {"type":"live","t":565967,"c":0,"r":0,"g":0,"b":0,"pta":142.0,"ptb":142.0,"sat":0,"light":"blue","gain":"16x"}
22:55:50.061  {"type":"live","t":566368,"c":0,"r":0,"g":0,"b":0,"pta":142.0,"ptb":142.0,"sat":0,"light":"blue","gain":"16x"}
22:55:51.062  {"type":"live","t":566769,"c":0,"r":0,"g":0,"b":0,"pta":142.0,"ptb":142.0,"sat":0,"light":"blue","gain":"16x"}
22:55:51.072  {"type":"live","t":567170,"c":0,"r":0,"g":0,"b":0,"pta":142.0,"ptb":142.0,"sat":0,"light":"blue","gain":"16x"}
22:55:51.072  {"type":"live","t":567571,"c":0,"r":0,"g":0,"b":0,"pta":142.0,"ptb":142.0,"sat":0,"light":"blue","gain":"16x"}
22:55:52.059  {"type":"live","t":567972,"c":0,"r":0,"g":0,"b":0,"pta":142.0,"ptb":142.0,"sat":0,"light":"blue","gain":"16x"}
22:55:52.060  {"type":"live","t":568373,"c":0,"r":0,"g":0,"b":0,"pta":142.0,"ptb":142.0,"sat":0,"light":"blue","gain":"16x"}
22:55:52.864  {"type":"live","t":568774,"c":0,"r":0,"g":0,"b":0,"pta":142.0,"ptb":142.0,"sat":0,"light":"blue","gain":"16x"}
22:55:52.865  {"type":"live","t":569175,"c":0,"r":0,"g":0,"b":0,"pta":142.0,"ptb":142.0,"sat":0,"light":"blue","gain":"16x"}
22:55:53.669  {"type":"live","t":569576,"c":0,"r":0,"g":0,"b":0,"pta":142.0,"ptb":142.0,"sat":0,"light":"blue","gain":"16x"}
22:55:53.670  {"type":"live","t":569977,"c":0,"r":0,"g":0,"b":0,"pta":142.0,"ptb":142.0,"sat":0,"light":"blue","gain":"16x"}
22:55:54.685  {"type":"live","t":570378,"c":0,"r":0,"g":0,"b":0,"pta":142.0,"ptb":142.0,"sat":0,"light":"blue","gain":"16x"}
22:55:54.685  {"type":"live","t":570779,"c":0,"r":0,"g":0,"b":0,"pta":142.0,"ptb":142.0,"sat":0,"light":"blue","gain":"16x"}
22:55:54.686  {"type":"live","t":571180,"c":0,"r":0,"g":0,"b":0,"pta":142.0,"ptb":142.0,"sat":0,"light":"blue","gain":"16x"}
22:55:55.668  {"type":"live","t":571581,"c":0,"r":0,"g":0,"b":0,"pta":142.0,"ptb":142.0,"sat":0,"light":"blue","gain":"16x"}
22:55:55.669  {"type":"live","t":571982,"c":0,"r":0,"g":0,"b":0,"pta":142.0,"ptb":142.0,"sat":0,"light":"blue","gain":"16x"}
22:55:56.473  {"type":"live","t":572383,"c":0,"r":0,"g":0,"b":0,"pta":142.0,"ptb":142.0,"sat":0,"light":"blue","gain":"16x"}
22:55:56.474  {"type":"live","t":572784,"c":0,"r":0,"g":0,"b":0,"pta":147.9,"ptb":144.7,"sat":0,"light":"blue","gain":"16x"}
22:55:57.278  {"type":"live","t":573185,"c":0,"r":0,"g":0,"b":0,"pta":142.0,"ptb":142.0,"sat":0,"light":"blue","gain":"16x"}
22:55:57.279  {"type":"live","t":573586,"c":0,"r":0,"g":0,"b":0,"pta":142.0,"ptb":142.0,"sat":0,"light":"blue","gain":"16x"}
22:55:58.285  {"type":"live","t":573987,"c":0,"r":0,"g":0,"b":0,"pta":142.0,"ptb":142.0,"sat":0,"light":"blue","gain":"16x"}
22:55:58.286  {"type":"live","t":574388,"c":0,"r":0,"g":0,"b":0,"pta":142.0,"ptb":142.0,"sat":0,"light":"blue","gain":"16x"}
22:55:58.286  {"type":"live","t":574789,"c":0,"r":0,"g":0,"b":0,"pta":142.0,"ptb":142.0,"sat":0,"light":"blue","gain":"16x"}
22:55:59.277  {"type":"live","t":575190,"c":0,"r":0,"g":0,"b":0,"pta":142.0,"ptb":142.0,"sat":0,"light":"blue","gain":"16x"}
22:55:59.278  {"type":"live","t":575591,"c":0,"r":0,"g":0,"b":0,"pta":142.0,"ptb":142.0,"sat":0,"light":"blue","gain":"16x"}
22:56:00.082  {"type":"live","t":575992,"c":0,"r":0,"g":0,"b":0,"pta":142.0,"ptb":142.0,"sat":0,"light":"blue","gain":"16x"}
22:56:00.083  {"type":"live","t":576393,"c":0,"r":0,"g":0,"b":0,"pta":142.0,"ptb":142.0,"sat":0,"light":"blue","gain":"16x"}
22:56:00.887  {"type":"live","t":576794,"c":0,"r":0,"g":0,"b":0,"pta":142.0,"ptb":142.5,"sat":0,"light":"blue","gain":"16x"}
22:56:00.888  {"type":"live","t":577195,"c":0,"r":0,"g":0,"b":0,"pta":142.0,"ptb":142.0,"sat":0,"light":"blue","gain":"16x"}
22:56:01.890  {"type":"live","t":577596,"c":0,"r":0,"g":0,"b":0,"pta":142.0,"ptb":142.0,"sat":0,"light":"blue","gain":"16x"}
22:56:01.890  {"type":"live","t":577997,"c":0,"r":0,"g":0,"b":0,"pta":142.0,"ptb":142.0,"sat":0,"light":"blue","gain":"16x"}
22:56:01.891  {"type":"live","t":578398,"c":0,"r":0,"g":0,"b":0,"pta":142.0,"ptb":142.0,"sat":0,"light":"blue","gain":"16x"}
22:56:02.886  {"type":"live","t":578799,"c":0,"r":0,"g":0,"b":0,"pta":142.0,"ptb":145.0,"sat":0,"light":"blue","gain":"16x"}
22:56:02.887  {"type":"live","t":579200,"c":0,"r":0,"g":0,"b":0,"pta":142.0,"ptb":144.8,"sat":0,"light":"blue","gain":"16x"}
22:56:03.691  {"type":"live","t":579601,"c":0,"r":0,"g":0,"b":0,"pta":142.0,"ptb":145.7,"sat":0,"light":"blue","gain":"16x"}
22:56:03.692  {"type":"live","t":580002,"c":0,"r":0,"g":0,"b":0,"pta":142.0,"ptb":144.5,"sat":0,"light":"blue","gain":"16x"}
22:56:04.496  {"type":"live","t":580403,"c":0,"r":0,"g":0,"b":0,"pta":142.0,"ptb":142.0,"sat":0,"light":"blue","gain":"16x"}
22:56:04.497  {"type":"live","t":580804,"c":0,"r":0,"g":0,"b":0,"pta":142.0,"ptb":142.0,"sat":0,"light":"blue","gain":"16x"}
22:56:05.502  {"type":"live","t":581205,"c":0,"r":0,"g":0,"b":0,"pta":142.0,"ptb":142.0,"sat":0,"light":"blue","gain":"16x"}
22:56:05.503  {"type":"live","t":581606,"c":0,"r":0,"g":0,"b":0,"pta":142.0,"ptb":142.0,"sat":0,"light":"blue","gain":"16x"}
22:56:05.503  {"type":"live","t":582007,"c":0,"r":0,"g":0,"b":0,"pta":142.0,"ptb":142.0,"sat":0,"light":"blue","gain":"16x"}
22:56:06.495  {"type":"live","t":582408,"c":0,"r":0,"g":0,"b":0,"pta":142.0,"ptb":142.0,"sat":0,"light":"blue","gain":"16x"}
22:56:06.496  {"type":"live","t":582809,"c":0,"r":0,"g":0,"b":0,"pta":142.0,"ptb":142.0,"sat":0,"light":"blue","gain":"16x"}
22:56:07.300  {"type":"live","t":583210,"c":0,"r":0,"g":0,"b":0,"pta":142.0,"ptb":142.0,"sat":0,"light":"blue","gain":"16x"}
22:56:07.301  {"type":"live","t":583611,"c":0,"r":0,"g":0,"b":0,"pta":142.0,"ptb":142.0,"sat":0,"light":"blue","gain":"16x"}
22:56:08.105  {"type":"live","t":584012,"c":0,"r":0,"g":0,"b":0,"pta":142.0,"ptb":142.0,"sat":0,"light":"blue","gain":"16x"}
22:56:08.106  {"type":"live","t":584413,"c":0,"r":0,"g":0,"b":0,"pta":142.0,"ptb":142.0,"sat":0,"light":"blue","gain":"16x"}
22:56:09.115  {"type":"live","t":584814,"c":0,"r":0,"g":0,"b":0,"pta":142.0,"ptb":142.0,"sat":0,"light":"blue","gain":"16x"}
22:56:09.115  {"type":"live","t":585215,"c":0,"r":0,"g":0,"b":0,"pta":142.0,"ptb":142.0,"sat":0,"light":"blue","gain":"16x"}
22:56:09.115  {"type":"live","t":585615,"c":0,"r":0,"g":0,"b":0,"pta":142.0,"ptb":142.0,"sat":0,"light":"blue","gain":"16x"}
22:56:10.104  {"type":"live","t":586016,"c":0,"r":0,"g":0,"b":0,"pta":142.0,"ptb":142.0,"sat":0,"light":"blue","gain":"16x"}
22:56:10.105  {"type":"live","t":586417,"c":0,"r":0,"g":0,"b":0,"pta":142.0,"ptb":142.0,"sat":0,"light":"blue","gain":"16x"}
22:56:10.909  {"type":"live","t":586818,"c":0,"r":0,"g":0,"b":0,"pta":142.0,"ptb":142.0,"sat":0,"light":"blue","gain":"16x"}
22:56:10.910  {"type":"live","t":587219,"c":0,"r":0,"g":0,"b":0,"pta":142.0,"ptb":142.0,"sat":0,"light":"blue","gain":"16x"}
22:56:11.714  {"type":"live","t":587620,"c":0,"r":0,"g":0,"b":0,"pta":142.0,"ptb":142.0,"sat":0,"light":"blue","gain":"16x"}
22:56:11.715  {"type":"live","t":588021,"c":0,"r":0,"g":0,"b":0,"pta":142.0,"ptb":142.0,"sat":0,"light":"blue","gain":"16x"}
22:56:12.726  {"type":"live","t":588422,"c":0,"r":0,"g":0,"b":0,"pta":142.0,"ptb":142.0,"sat":0,"light":"blue","gain":"16x"}
22:56:12.727  {"type":"live","t":588823,"c":0,"r":0,"g":0,"b":0,"pta":142.0,"ptb":142.0,"sat":0,"light":"blue","gain":"16x"}
22:56:12.727  {"type":"live","t":589224,"c":0,"r":0,"g":0,"b":0,"pta":142.0,"ptb":142.0,"sat":0,"light":"blue","gain":"16x"}
22:56:13.713  {"type":"live","t":589625,"c":0,"r":0,"g":0,"b":0,"pta":142.0,"ptb":142.0,"sat":0,"light":"blue","gain":"16x"}
22:56:13.714  {"type":"live","t":590026,"c":0,"r":0,"g":0,"b":0,"pta":145.0,"ptb":142.0,"sat":0,"light":"blue","gain":"16x"}
22:56:14.518  {"type":"live","t":590427,"c":0,"r":0,"g":0,"b":0,"pta":142.0,"ptb":142.0,"sat":0,"light":"blue","gain":"16x"}
22:56:14.519  {"type":"live","t":590828,"c":0,"r":0,"g":0,"b":0,"pta":142.0,"ptb":142.0,"sat":0,"light":"blue","gain":"16x"}
22:56:15.323  {"type":"live","t":591229,"c":0,"r":0,"g":0,"b":0,"pta":142.0,"ptb":142.0,"sat":0,"light":"blue","gain":"16x"}
22:56:15.324  {"type":"live","t":591630,"c":0,"r":0,"g":0,"b":0,"pta":142.0,"ptb":142.0,"sat":0,"light":"blue","gain":"16x"}
22:56:16.333  {"type":"live","t":592031,"c":0,"r":0,"g":0,"b":0,"pta":142.0,"ptb":142.0,"sat":0,"light":"blue","gain":"16x"}
22:56:16.334  {"type":"live","t":592432,"c":0,"r":0,"g":0,"b":0,"pta":142.0,"ptb":142.0,"sat":0,"light":"blue","gain":"16x"}
22:56:16.334  {"type":"live","t":592833,"c":0,"r":0,"g":0,"b":0,"pta":142.0,"ptb":142.0,"sat":0,"light":"blue","gain":"16x"}
22:56:17.322  {"type":"live","t":593234,"c":0,"r":0,"g":0,"b":0,"pta":142.0,"ptb":142.0,"sat":0,"light":"blue","gain":"16x"}
22:56:17.323  {"type":"live","t":593635,"c":0,"r":0,"g":0,"b":0,"pta":142.0,"ptb":142.0,"sat":0,"light":"blue","gain":"16x"}
22:56:18.127  {"type":"live","t":594036,"c":0,"r":0,"g":0,"b":0,"pta":142.0,"ptb":142.0,"sat":0,"light":"blue","gain":"16x"}
22:56:18.128  {"type":"live","t":594437,"c":0,"r":0,"g":0,"b":0,"pta":142.0,"ptb":142.0,"sat":0,"light":"blue","gain":"16x"}
22:56:18.932  {"type":"live","t":594838,"c":0,"r":0,"g":0,"b":0,"pta":142.0,"ptb":142.0,"sat":0,"light":"blue","gain":"16x"}
22:56:18.933  {"type":"live","t":595239,"c":0,"r":0,"g":0,"b":0,"pta":142.0,"ptb":142.0,"sat":0,"light":"blue","gain":"16x"}
22:56:19.942  {"type":"live","t":595641,"c":0,"r":0,"g":0,"b":0,"pta":142.8,"ptb":142.0,"sat":0,"light":"blue","gain":"16x"}
22:56:19.943  {"type":"live","t":596042,"c":0,"r":0,"g":0,"b":0,"pta":142.0,"ptb":142.0,"sat":0,"light":"blue","gain":"16x"}
22:56:19.943  {"type":"live","t":596443,"c":0,"r":0,"g":0,"b":0,"pta":142.0,"ptb":142.0,"sat":0,"light":"blue","gain":"16x"}
22:56:20.931  {"type":"live","t":596844,"c":0,"r":0,"g":0,"b":0,"pta":142.0,"ptb":142.0,"sat":0,"light":"blue","gain":"16x"}
22:56:20.932  {"type":"live","t":597245,"c":0,"r":0,"g":0,"b":0,"pta":142.0,"ptb":142.0,"sat":0,"light":"blue","gain":"16x"}
22:56:21.736  {"type":"live","t":597646,"c":0,"r":0,"g":0,"b":0,"pta":142.0,"ptb":142.0,"sat":0,"light":"blue","gain":"16x"}
22:56:21.737  {"type":"live","t":598047,"c":0,"r":0,"g":0,"b":0,"pta":142.0,"ptb":142.0,"sat":0,"light":"blue","gain":"16x"}
22:56:22.541  {"type":"live","t":598448,"c":0,"r":0,"g":0,"b":0,"pta":142.0,"ptb":142.0,"sat":0,"light":"blue","gain":"16x"}
22:56:22.542  {"type":"live","t":598849,"c":0,"r":0,"g":0,"b":0,"pta":142.0,"ptb":142.0,"sat":0,"light":"blue","gain":"16x"}
22:56:23.551  {"type":"live","t":599250,"c":0,"r":0,"g":0,"b":0,"pta":142.0,"ptb":142.0,"sat":0,"light":"blue","gain":"16x"}
22:56:23.551  {"type":"live","t":599651,"c":0,"r":0,"g":0,"b":0,"pta":142.0,"ptb":142.0,"sat":0,"light":"blue","gain":"16x"}
22:56:23.552  {"type":"live","t":600052,"c":0,"r":0,"g":0,"b":0,"pta":142.0,"ptb":142.0,"sat":0,"light":"blue","gain":"16x"}
22:56:24.540  {"type":"live","t":600453,"c":0,"r":0,"g":0,"b":0,"pta":142.0,"ptb":142.4,"sat":0,"light":"blue","gain":"16x"}
22:56:24.541  {"type":"live","t":600854,"c":0,"r":0,"g":0,"b":0,"pta":142.0,"ptb":144.8,"sat":0,"light":"blue","gain":"16x"}
22:56:25.345  {"type":"live","t":601255,"c":0,"r":0,"g":0,"b":0,"pta":142.0,"ptb":142.0,"sat":0,"light":"blue","gain":"16x"}
22:56:25.346  {"type":"live","t":601656,"c":0,"r":0,"g":0,"b":0,"pta":142.0,"ptb":143.9,"sat":0,"light":"blue","gain":"16x"}
22:56:26.150  {"type":"live","t":602057,"c":0,"r":0,"g":0,"b":0,"pta":142.0,"ptb":142.0,"sat":0,"light":"blue","gain":"16x"}
22:56:26.151  {"type":"live","t":602458,"c":0,"r":0,"g":0,"b":0,"pta":142.0,"ptb":142.0,"sat":0,"light":"blue","gain":"16x"}
22:56:27.162  {"type":"live","t":602859,"c":0,"r":0,"g":0,"b":0,"pta":142.0,"ptb":142.0,"sat":0,"light":"blue","gain":"16x"}
22:56:27.163  {"type":"live","t":603260,"c":0,"r":0,"g":0,"b":0,"pta":142.0,"ptb":142.0,"sat":0,"light":"blue","gain":"16x"}
22:56:27.163  {"type":"live","t":603661,"c":0,"r":0,"g":0,"b":0,"pta":142.0,"ptb":142.0,"sat":0,"light":"blue","gain":"16x"}
22:56:28.149  {"type":"live","t":604062,"c":0,"r":0,"g":0,"b":0,"pta":142.0,"ptb":142.0,"sat":0,"light":"blue","gain":"16x"}
22:56:28.150  {"type":"live","t":604463,"c":0,"r":0,"g":0,"b":0,"pta":142.0,"ptb":142.0,"sat":0,"light":"blue","gain":"16x"}
22:56:28.954  {"type":"live","t":604864,"c":0,"r":0,"g":0,"b":0,"pta":142.0,"ptb":142.0,"sat":0,"light":"blue","gain":"16x"}
22:56:28.955  {"type":"live","t":605265,"c":0,"r":0,"g":0,"b":0,"pta":142.0,"ptb":142.0,"sat":0,"light":"blue","gain":"16x"}
22:56:29.759  {"type":"live","t":605666,"c":0,"r":0,"g":0,"b":0,"pta":142.0,"ptb":142.0,"sat":0,"light":"blue","gain":"16x"}
22:56:29.760  {"type":"live","t":606067,"c":0,"r":0,"g":0,"b":0,"pta":142.0,"ptb":142.0,"sat":0,"light":"blue","gain":"16x"}
22:56:30.760  {"type":"live","t":606468,"c":0,"r":0,"g":0,"b":0,"pta":147.6,"ptb":142.0,"sat":0,"light":"blue","gain":"16x"}
22:56:30.761  {"type":"live","t":606869,"c":0,"r":0,"g":0,"b":0,"pta":142.0,"ptb":142.0,"sat":0,"light":"blue","gain":"16x"}
22:56:30.761  {"type":"live","t":607270,"c":0,"r":0,"g":0,"b":0,"pta":565.7,"ptb":617.7,"sat":0,"light":"blue","gain":"16x"}
22:56:31.757  {"type":"live","t":607671,"c":0,"r":0,"g":0,"b":0,"pta":1897.1,"ptb":1900.6,"sat":0,"light":"blue","gain":"16x"}
22:56:31.758  {"type":"live","t":608072,"c":0,"r":0,"g":0,"b":0,"pta":2654.8,"ptb":2582.9,"sat":0,"light":"blue","gain":"16x"}
22:56:32.562  {"type":"live","t":608473,"c":0,"r":0,"g":0,"b":0,"pta":3133.2,"ptb":3005.6,"sat":0,"light":"blue","gain":"16x"}
22:56:32.563  {"type":"live","t":608874,"c":0,"r":0,"g":0,"b":0,"pta":3134.0,"ptb":3088.3,"sat":0,"light":"blue","gain":"16x"}
22:56:33.366  {"type":"live","t":609275,"c":0,"r":0,"g":0,"b":0,"pta":3134.0,"ptb":3059.4,"sat":0,"light":"blue","gain":"16x"}
22:56:33.367  {"type":"live","t":609676,"c":0,"r":0,"g":0,"b":0,"pta":2944.3,"ptb":2700.0,"sat":0,"light":"blue","gain":"16x"}
22:56:34.367  {"type":"live","t":610077,"c":0,"r":0,"g":0,"b":0,"pta":2414.4,"ptb":2018.6,"sat":0,"light":"blue","gain":"16x"}
22:56:34.367  {"type":"live","t":610478,"c":0,"r":0,"g":0,"b":0,"pta":2064.8,"ptb":1696.8,"sat":0,"light":"blue","gain":"16x"}
22:56:34.368  {"type":"live","t":610879,"c":0,"r":0,"g":0,"b":0,"pta":1272.9,"ptb":915.6,"sat":0,"light":"blue","gain":"16x"}
22:56:35.367  {"type":"live","t":611280,"c":0,"r":0,"g":0,"b":0,"pta":367.8,"ptb":230.0,"sat":0,"light":"blue","gain":"16x"}
22:56:35.368  {"type":"live","t":611681,"c":0,"r":0,"g":0,"b":0,"pta":143.5,"ptb":142.0,"sat":0,"light":"blue","gain":"16x"}
22:56:36.171  {"type":"live","t":612082,"c":0,"r":0,"g":0,"b":0,"pta":142.0,"ptb":142.0,"sat":0,"light":"blue","gain":"16x"}
22:56:36.172  {"type":"live","t":612483,"c":0,"r":0,"g":0,"b":0,"pta":142.0,"ptb":142.0,"sat":0,"light":"blue","gain":"16x"}
22:56:36.976  {"type":"live","t":612884,"c":0,"r":0,"g":0,"b":0,"pta":142.0,"ptb":142.0,"sat":0,"light":"blue","gain":"16x"}
22:56:36.977  {"type":"live","t":613285,"c":0,"r":0,"g":0,"b":0,"pta":142.0,"ptb":151.1,"sat":0,"light":"blue","gain":"16x"}
22:56:37.988  {"type":"live","t":613686,"c":0,"r":0,"g":0,"b":0,"pta":142.4,"ptb":176.8,"sat":0,"light":"blue","gain":"16x"}
22:56:37.988  {"type":"live","t":614087,"c":0,"r":0,"g":0,"b":0,"pta":165.4,"ptb":228.2,"sat":0,"light":"blue","gain":"16x"}
22:56:37.989  {"type":"live","t":614488,"c":0,"r":0,"g":0,"b":0,"pta":639.6,"ptb":706.4,"sat":0,"light":"blue","gain":"16x"}
22:56:38.975  {"type":"live","t":614889,"c":0,"r":0,"g":0,"b":0,"pta":1618.4,"ptb":1627.6,"sat":0,"light":"blue","gain":"16x"}
22:56:38.976  {"type":"live","t":615290,"c":0,"r":0,"g":0,"b":0,"pta":2714.9,"ptb":2625.8,"sat":0,"light":"blue","gain":"16x"}
22:56:39.780  {"type":"live","t":615691,"c":0,"r":0,"g":0,"b":0,"pta":3120.2,"ptb":2976.6,"sat":0,"light":"blue","gain":"16x"}
22:56:39.781  {"type":"live","t":616092,"c":0,"r":0,"g":0,"b":0,"pta":3134.0,"ptb":3066.8,"sat":0,"light":"blue","gain":"16x"}
22:56:40.584  {"type":"live","t":616493,"c":0,"r":0,"g":0,"b":0,"pta":3134.0,"ptb":3042.8,"sat":0,"light":"blue","gain":"16x"}
22:56:40.585  {"type":"live","t":616894,"c":0,"r":0,"g":0,"b":0,"pta":2839.8,"ptb":2555.9,"sat":0,"light":"blue","gain":"16x"}
22:56:41.593  {"type":"live","t":617295,"c":0,"r":0,"g":0,"b":0,"pta":2342.9,"ptb":1992.2,"sat":0,"light":"blue","gain":"16x"}
22:56:41.594  {"type":"live","t":617696,"c":0,"r":0,"g":0,"b":0,"pta":1955.3,"ptb":1603.7,"sat":0,"light":"blue","gain":"16x"}
22:56:41.594  {"type":"live","t":618097,"c":0,"r":0,"g":0,"b":0,"pta":1126.9,"ptb":799.8,"sat":0,"light":"blue","gain":"16x"}
22:56:42.584  {"type":"live","t":618498,"c":0,"r":0,"g":0,"b":0,"pta":262.4,"ptb":166.9,"sat":0,"light":"blue","gain":"16x"}
22:56:42.585  {"type":"live","t":618899,"c":0,"r":0,"g":0,"b":0,"pta":142.5,"ptb":142.0,"sat":0,"light":"blue","gain":"16x"}
22:56:43.389  {"type":"live","t":619300,"c":0,"r":0,"g":0,"b":0,"pta":142.0,"ptb":142.0,"sat":0,"light":"blue","gain":"16x"}
22:56:43.390  {"type":"live","t":619701,"c":0,"r":0,"g":0,"b":0,"pta":142.0,"ptb":142.0,"sat":0,"light":"blue","gain":"16x"}
22:56:44.194  {"type":"live","t":620102,"c":0,"r":0,"g":0,"b":0,"pta":142.0,"ptb":142.8,"sat":0,"light":"blue","gain":"16x"}
22:56:44.195  {"type":"live","t":620503,"c":0,"r":0,"g":0,"b":0,"pta":142.8,"ptb":153.2,"sat":0,"light":"blue","gain":"16x"}
22:56:45.204  {"type":"live","t":620904,"c":0,"r":0,"g":0,"b":0,"pta":149.5,"ptb":195.8,"sat":0,"light":"blue","gain":"16x"}
22:56:45.204  {"type":"live","t":621305,"c":0,"r":0,"g":0,"b":0,"pta":173.1,"ptb":285.0,"sat":0,"light":"blue","gain":"16x"}
22:56:45.205  {"type":"live","t":621706,"c":0,"r":0,"g":0,"b":0,"pta":769.1,"ptb":897.6,"sat":0,"light":"blue","gain":"16x"}
22:56:46.193  {"type":"live","t":622107,"c":0,"r":0,"g":0,"b":0,"pta":2185.4,"ptb":2203.6,"sat":0,"light":"blue","gain":"16x"}
22:56:46.194  {"type":"live","t":622508,"c":0,"r":0,"g":0,"b":0,"pta":3134.0,"ptb":3065.4,"sat":0,"light":"blue","gain":"16x"}
22:56:46.998  {"type":"live","t":622909,"c":0,"r":0,"g":0,"b":0,"pta":3134.0,"ptb":3087.4,"sat":0,"light":"blue","gain":"16x"}
22:56:46.999  {"type":"live","t":623310,"c":0,"r":0,"g":0,"b":0,"pta":3134.0,"ptb":3086.8,"sat":0,"light":"blue","gain":"16x"}
22:56:47.802  {"type":"live","t":623711,"c":0,"r":0,"g":0,"b":0,"pta":3134.0,"ptb":3055.5,"sat":0,"light":"blue","gain":"16x"}
22:56:47.803  {"type":"live","t":624112,"c":0,"r":0,"g":0,"b":0,"pta":3018.1,"ptb":2803.3,"sat":0,"light":"blue","gain":"16x"}
22:56:48.816  {"type":"live","t":624513,"c":0,"r":0,"g":0,"b":0,"pta":2479.9,"ptb":2155.2,"sat":0,"light":"blue","gain":"16x"}
22:56:48.816  {"type":"live","t":624914,"c":0,"r":0,"g":0,"b":0,"pta":2192.6,"ptb":1772.8,"sat":0,"light":"blue","gain":"16x"}
22:56:48.817  {"type":"live","t":625315,"c":0,"r":0,"g":0,"b":0,"pta":1284.8,"ptb":952.4,"sat":0,"light":"blue","gain":"16x"}
22:56:49.802  {"type":"live","t":625716,"c":0,"r":0,"g":0,"b":0,"pta":365.1,"ptb":227.1,"sat":0,"light":"blue","gain":"16x"}
22:56:49.803  {"type":"live","t":626117,"c":0,"r":0,"g":0,"b":0,"pta":142.1,"ptb":142.0,"sat":0,"light":"blue","gain":"16x"}
22:56:50.607  {"type":"live","t":626518,"c":0,"r":0,"g":0,"b":0,"pta":142.0,"ptb":142.0,"sat":0,"light":"blue","gain":"16x"}
22:56:50.608  {"type":"live","t":626919,"c":0,"r":0,"g":0,"b":0,"pta":142.0,"ptb":142.0,"sat":0,"light":"blue","gain":"16x"}
22:56:51.412  {"type":"live","t":627320,"c":0,"r":0,"g":0,"b":0,"pta":142.0,"ptb":142.0,"sat":0,"light":"blue","gain":"16x"}
22:56:51.413  {"type":"live","t":627721,"c":0,"r":0,"g":0,"b":0,"pta":142.0,"ptb":142.0,"sat":0,"light":"blue","gain":"16x"}
22:56:52.412  {"type":"live","t":628122,"c":0,"r":0,"g":0,"b":0,"pta":142.0,"ptb":142.0,"sat":0,"light":"blue","gain":"16x"}
22:56:52.413  {"type":"live","t":628523,"c":0,"r":0,"g":0,"b":0,"pta":142.0,"ptb":158.8,"sat":0,"light":"blue","gain":"16x"}
22:56:52.413  {"type":"live","t":628924,"c":0,"r":0,"g":0,"b":0,"pta":142.0,"ptb":142.0,"sat":0,"light":"blue","gain":"16x"}
22:56:53.411  {"type":"live","t":629325,"c":0,"r":0,"g":0,"b":0,"pta":142.0,"ptb":142.3,"sat":0,"light":"blue","gain":"16x"}
22:56:53.412  {"type":"live","t":629726,"c":0,"r":0,"g":0,"b":0,"pta":142.0,"ptb":142.0,"sat":0,"light":"blue","gain":"16x"}
22:56:54.216  {"type":"live","t":630127,"c":0,"r":0,"g":0,"b":0,"pta":142.0,"ptb":142.0,"sat":0,"light":"blue","gain":"16x"}
22:56:54.217  {"type":"live","t":630528,"c":0,"r":0,"g":0,"b":0,"pta":142.0,"ptb":142.0,"sat":0,"light":"blue","gain":"16x"}
22:56:55.021  {"type":"live","t":630929,"c":0,"r":0,"g":0,"b":0,"pta":142.8,"ptb":146.4,"sat":0,"light":"blue","gain":"16x"}
22:56:55.022  {"type":"live","t":631330,"c":0,"r":0,"g":0,"b":0,"pta":144.6,"ptb":146.9,"sat":0,"light":"blue","gain":"16x"}
22:56:56.025  {"type":"live","t":631731,"c":0,"r":0,"g":0,"b":0,"pta":144.5,"ptb":177.6,"sat":0,"light":"blue","gain":"16x"}
22:56:56.025  {"type":"live","t":632132,"c":0,"r":0,"g":0,"b":0,"pta":142.0,"ptb":173.0,"sat":0,"light":"blue","gain":"16x"}
22:56:56.025  {"type":"live","t":632533,"c":0,"r":0,"g":0,"b":0,"pta":142.0,"ptb":142.1,"sat":0,"light":"blue","gain":"16x"}
22:56:57.020  {"type":"live","t":632934,"c":0,"r":0,"g":0,"b":0,"pta":142.0,"ptb":142.0,"sat":0,"light":"blue","gain":"16x"}
22:56:57.021  {"type":"live","t":633335,"c":0,"r":0,"g":0,"b":0,"pta":142.0,"ptb":142.0,"sat":0,"light":"blue","gain":"16x"}
22:56:57.825  {"type":"live","t":633736,"c":0,"r":0,"g":0,"b":0,"pta":142.0,"ptb":142.0,"sat":0,"light":"blue","gain":"16x"}
22:56:57.826  {"type":"live","t":634137,"c":0,"r":0,"g":0,"b":0,"pta":142.0,"ptb":142.0,"sat":0,"light":"blue","gain":"16x"}
22:56:58.630  {"type":"live","t":634538,"c":0,"r":0,"g":0,"b":0,"pta":142.0,"ptb":142.0,"sat":0,"light":"blue","gain":"16x"}
22:56:58.631  {"type":"live","t":634939,"c":0,"r":0,"g":0,"b":0,"pta":142.0,"ptb":142.0,"sat":0,"light":"blue","gain":"16x"}
22:56:59.642  {"type":"live","t":635340,"c":0,"r":0,"g":0,"b":0,"pta":142.0,"ptb":142.0,"sat":0,"light":"blue","gain":"16x"}
22:56:59.643  {"type":"live","t":635741,"c":0,"r":0,"g":0,"b":0,"pta":142.0,"ptb":142.0,"sat":0,"light":"blue","gain":"16x"}
22:56:59.643  {"type":"live","t":636142,"c":0,"r":0,"g":0,"b":0,"pta":142.0,"ptb":142.0,"sat":0,"light":"blue","gain":"16x"}
22:57:00.629  {"type":"live","t":636543,"c":0,"r":0,"g":0,"b":0,"pta":142.0,"ptb":142.0,"sat":0,"light":"blue","gain":"16x"}
22:57:00.630  {"type":"live","t":636944,"c":0,"r":0,"g":0,"b":0,"pta":142.0,"ptb":142.0,"sat":0,"light":"blue","gain":"16x"}
22:57:01.434  {"type":"live","t":637345,"c":0,"r":0,"g":0,"b":0,"pta":142.0,"ptb":142.0,"sat":0,"light":"blue","gain":"16x"}
22:57:01.435  {"type":"live","t":637746,"c":0,"r":0,"g":0,"b":0,"pta":142.0,"ptb":142.0,"sat":0,"light":"blue","gain":"16x"}
22:57:02.239  {"type":"live","t":638147,"c":0,"r":0,"g":0,"b":0,"pta":142.0,"ptb":142.0,"sat":0,"light":"blue","gain":"16x"}
22:57:02.240  {"type":"live","t":638548,"c":0,"r":0,"g":0,"b":0,"pta":142.0,"ptb":142.0,"sat":0,"light":"blue","gain":"16x"}
22:57:03.253  {"type":"live","t":638949,"c":0,"r":0,"g":0,"b":0,"pta":142.0,"ptb":142.0,"sat":0,"light":"blue","gain":"16x"}
22:57:03.254  {"type":"live","t":639350,"c":0,"r":0,"g":0,"b":0,"pta":142.0,"ptb":142.0,"sat":0,"light":"blue","gain":"16x"}
22:57:03.254  {"type":"live","t":639751,"c":0,"r":0,"g":0,"b":0,"pta":142.0,"ptb":143.1,"sat":0,"light":"blue","gain":"16x"}
22:57:04.238  {"type":"live","t":640152,"c":0,"r":0,"g":0,"b":0,"pta":142.0,"ptb":142.0,"sat":0,"light":"blue","gain":"16x"}
22:57:04.239  {"type":"live","t":640553,"c":0,"r":0,"g":0,"b":0,"pta":142.0,"ptb":142.0,"sat":0,"light":"blue","gain":"16x"}
22:57:05.043  {"type":"live","t":640954,"c":0,"r":0,"g":0,"b":0,"pta":142.0,"ptb":142.0,"sat":0,"light":"blue","gain":"16x"}
22:57:05.044  {"type":"live","t":641355,"c":0,"r":0,"g":0,"b":0,"pta":142.0,"ptb":142.0,"sat":0,"light":"blue","gain":"16x"}
22:57:05.848  {"type":"live","t":641756,"c":0,"r":0,"g":0,"b":0,"pta":142.0,"ptb":142.0,"sat":0,"light":"blue","gain":"16x"}
22:57:05.849  {"type":"live","t":642157,"c":0,"r":0,"g":0,"b":0,"pta":142.0,"ptb":142.0,"sat":0,"light":"blue","gain":"16x"}
22:57:06.859  {"type":"live","t":642558,"c":0,"r":0,"g":0,"b":0,"pta":142.0,"ptb":142.0,"sat":0,"light":"blue","gain":"16x"}
22:57:06.859  {"type":"live","t":642959,"c":0,"r":0,"g":0,"b":0,"pta":142.0,"ptb":142.0,"sat":0,"light":"blue","gain":"16x"}
22:57:06.860  {"type":"live","t":643360,"c":0,"r":0,"g":0,"b":0,"pta":142.0,"ptb":142.0,"sat":0,"light":"blue","gain":"16x"}
22:57:07.847  {"type":"live","t":643761,"c":0,"r":0,"g":0,"b":0,"pta":142.0,"ptb":142.0,"sat":0,"light":"blue","gain":"16x"}
22:57:07.848  {"type":"live","t":644162,"c":0,"r":0,"g":0,"b":0,"pta":142.0,"ptb":142.0,"sat":0,"light":"blue","gain":"16x"}
22:57:08.652  {"type":"live","t":644563,"c":0,"r":0,"g":0,"b":0,"pta":142.0,"ptb":142.0,"sat":0,"light":"blue","gain":"16x"}
22:57:08.653  {"type":"live","t":644964,"c":0,"r":0,"g":0,"b":0,"pta":142.0,"ptb":142.0,"sat":0,"light":"blue","gain":"16x"}
22:57:09.457  {"type":"live","t":645365,"c":0,"r":0,"g":0,"b":0,"pta":142.0,"ptb":142.0,"sat":0,"light":"blue","gain":"16x"}
22:57:09.458  {"type":"live","t":645766,"c":0,"r":0,"g":0,"b":0,"pta":142.0,"ptb":142.0,"sat":0,"light":"blue","gain":"16x"}
22:57:10.466  {"type":"live","t":646167,"c":0,"r":0,"g":0,"b":0,"pta":142.0,"ptb":142.0,"sat":0,"light":"blue","gain":"16x"}
22:57:10.467  {"type":"live","t":646568,"c":0,"r":0,"g":0,"b":0,"pta":142.0,"ptb":142.0,"sat":0,"light":"blue","gain":"16x"}
22:57:10.467  {"type":"live","t":646969,"c":0,"r":0,"g":0,"b":0,"pta":142.0,"ptb":142.0,"sat":0,"light":"blue","gain":"16x"}
22:57:11.456  {"type":"live","t":647370,"c":0,"r":0,"g":0,"b":0,"pta":142.0,"ptb":142.0,"sat":0,"light":"blue","gain":"16x"}
22:57:11.457  {"type":"live","t":647771,"c":0,"r":0,"g":0,"b":0,"pta":142.0,"ptb":142.0,"sat":0,"light":"blue","gain":"16x"}
22:57:12.261  {"type":"live","t":648172,"c":0,"r":0,"g":0,"b":0,"pta":142.0,"ptb":142.0,"sat":0,"light":"blue","gain":"16x"}
22:57:12.262  {"type":"live","t":648573,"c":0,"r":0,"g":0,"b":0,"pta":142.0,"ptb":142.0,"sat":0,"light":"blue","gain":"16x"}
22:57:13.066  {"type":"live","t":648974,"c":0,"r":0,"g":0,"b":0,"pta":142.0,"ptb":142.0,"sat":0,"light":"blue","gain":"16x"}
22:57:13.067  {"type":"live","t":649375,"c":0,"r":0,"g":0,"b":0,"pta":142.0,"ptb":142.0,"sat":0,"light":"blue","gain":"16x"}
22:57:14.082  {"type":"live","t":649776,"c":0,"r":0,"g":0,"b":0,"pta":146.6,"ptb":142.0,"sat":0,"light":"blue","gain":"16x"}
22:57:14.083  {"type":"live","t":650177,"c":0,"r":0,"g":0,"b":0,"pta":142.1,"ptb":142.0,"sat":0,"light":"blue","gain":"16x"}
22:57:14.083  {"type":"live","t":650578,"c":0,"r":0,"g":0,"b":0,"pta":142.0,"ptb":142.0,"sat":0,"light":"blue","gain":"16x"}
22:57:15.065  {"type":"live","t":650979,"c":0,"r":0,"g":0,"b":0,"pta":142.0,"ptb":142.0,"sat":0,"light":"blue","gain":"16x"}
22:57:15.066  {"type":"live","t":651380,"c":0,"r":0,"g":0,"b":0,"pta":142.0,"ptb":142.0,"sat":0,"light":"blue","gain":"16x"}
22:57:15.870  {"type":"live","t":651781,"c":0,"r":0,"g":0,"b":0,"pta":142.0,"ptb":144.9,"sat":0,"light":"blue","gain":"16x"}
22:57:15.871  {"type":"live","t":652182,"c":0,"r":0,"g":0,"b":0,"pta":142.0,"ptb":142.9,"sat":0,"light":"blue","gain":"16x"}
22:57:16.675  {"type":"live","t":652583,"c":0,"r":0,"g":0,"b":0,"pta":142.0,"ptb":166.3,"sat":0,"light":"blue","gain":"16x"}
22:57:16.676  {"type":"live","t":652984,"c":0,"r":0,"g":0,"b":0,"pta":181.9,"ptb":255.7,"sat":0,"light":"blue","gain":"16x"}
22:57:17.680  {"type":"live","t":653385,"c":0,"r":0,"g":0,"b":0,"pta":507.2,"ptb":599.6,"sat":0,"light":"blue","gain":"16x"}
22:57:17.681  {"type":"live","t":653786,"c":0,"r":0,"g":0,"b":0,"pta":1213.1,"ptb":1258.8,"sat":0,"light":"blue","gain":"16x"}
22:57:17.681  {"type":"live","t":654187,"c":0,"r":0,"g":0,"b":0,"pta":1950.4,"ptb":1925.5,"sat":0,"light":"blue","gain":"16x"}
22:57:18.673  {"type":"live","t":654588,"c":0,"r":0,"g":0,"b":0,"pta":2575.6,"ptb":2488.1,"sat":0,"light":"blue","gain":"16x"}
22:57:18.674  {"type":"live","t":654989,"c":0,"r":0,"g":0,"b":0,"pta":3015.8,"ptb":2866.1,"sat":0,"light":"blue","gain":"16x"}
22:57:19.478  {"type":"live","t":655389,"c":0,"r":0,"g":0,"b":0,"pta":3106.9,"ptb":2948.8,"sat":0,"light":"blue","gain":"16x"}
22:57:19.479  {"type":"live","t":655790,"c":0,"r":0,"g":0,"b":0,"pta":3134.0,"ptb":3052.4,"sat":0,"light":"blue","gain":"16x"}
22:57:20.283  {"type":"live","t":656191,"c":0,"r":0,"g":0,"b":0,"pta":3023.4,"ptb":2806.5,"sat":0,"light":"blue","gain":"16x"}
22:57:20.284  {"type":"live","t":656592,"c":0,"r":0,"g":0,"b":0,"pta":2551.2,"ptb":2210.4,"sat":0,"light":"blue","gain":"16x"}
22:57:21.290  {"type":"live","t":656993,"c":0,"r":0,"g":0,"b":0,"pta":2244.3,"ptb":1899.6,"sat":0,"light":"blue","gain":"16x"}
22:57:21.291  {"type":"live","t":657394,"c":0,"r":0,"g":0,"b":0,"pta":1936.9,"ptb":1542.5,"sat":0,"light":"blue","gain":"16x"}
22:57:21.291  {"type":"live","t":657795,"c":0,"r":0,"g":0,"b":0,"pta":1213.9,"ptb":882.4,"sat":0,"light":"blue","gain":"16x"}
22:57:22.283  {"type":"live","t":658196,"c":0,"r":0,"g":0,"b":0,"pta":467.2,"ptb":291.4,"sat":0,"light":"blue","gain":"16x"}
22:57:22.284  {"type":"live","t":658597,"c":0,"r":0,"g":0,"b":0,"pta":153.6,"ptb":142.0,"sat":0,"light":"blue","gain":"16x"}
22:57:23.088  {"type":"live","t":658998,"c":0,"r":0,"g":0,"b":0,"pta":142.0,"ptb":142.0,"sat":0,"light":"blue","gain":"16x"}
22:57:23.089  {"type":"live","t":659399,"c":0,"r":0,"g":0,"b":0,"pta":142.0,"ptb":142.0,"sat":0,"light":"blue","gain":"16x"}
22:57:23.893  {"type":"live","t":659800,"c":0,"r":0,"g":0,"b":0,"pta":142.0,"ptb":142.0,"sat":0,"light":"blue","gain":"16x"}
22:57:23.894  {"type":"live","t":660201,"c":0,"r":0,"g":0,"b":0,"pta":142.0,"ptb":142.0,"sat":0,"light":"blue","gain":"16x"}
22:57:24.894  {"type":"live","t":660602,"c":0,"r":0,"g":0,"b":0,"pta":142.0,"ptb":142.1,"sat":0,"light":"blue","gain":"16x"}
22:57:24.894  {"type":"live","t":661003,"c":0,"r":0,"g":0,"b":0,"pta":142.0,"ptb":162.1,"sat":0,"light":"blue","gain":"16x"}
22:57:24.895  {"type":"live","t":661404,"c":0,"r":0,"g":0,"b":0,"pta":144.7,"ptb":172.7,"sat":0,"light":"blue","gain":"16x"}
22:57:25.892  {"type":"live","t":661805,"c":0,"r":0,"g":0,"b":0,"pta":295.5,"ptb":360.7,"sat":0,"light":"blue","gain":"16x"}
22:57:25.893  {"type":"live","t":662206,"c":0,"r":0,"g":0,"b":0,"pta":914.5,"ptb":1003.6,"sat":0,"light":"blue","gain":"16x"}
22:57:26.696  {"type":"live","t":662607,"c":0,"r":0,"g":0,"b":0,"pta":1901.2,"ptb":1903.6,"sat":0,"light":"blue","gain":"16x"}
22:57:26.697  {"type":"live","t":663008,"c":0,"r":0,"g":0,"b":0,"pta":2725.2,"ptb":2638.5,"sat":0,"light":"blue","gain":"16x"}
22:57:27.501  {"type":"live","t":663409,"c":0,"r":0,"g":0,"b":0,"pta":3104.2,"ptb":2956.7,"sat":0,"light":"blue","gain":"16x"}
22:57:27.502  {"type":"live","t":663810,"c":0,"r":0,"g":0,"b":0,"pta":3115.8,"ptb":2964.6,"sat":0,"light":"blue","gain":"16x"}
22:57:28.515  {"type":"live","t":664211,"c":0,"r":0,"g":0,"b":0,"pta":3134.0,"ptb":3081.2,"sat":0,"light":"blue","gain":"16x"}
22:57:28.516  {"type":"live","t":664612,"c":0,"r":0,"g":0,"b":0,"pta":3043.3,"ptb":2802.6,"sat":0,"light":"blue","gain":"16x"}
22:57:28.516  {"type":"live","t":665013,"c":0,"r":0,"g":0,"b":0,"pta":2607.7,"ptb":2279.6,"sat":0,"light":"blue","gain":"16x"}
22:57:29.500  {"type":"live","t":665414,"c":0,"r":0,"g":0,"b":0,"pta":2394.9,"ptb":2008.0,"sat":0,"light":"blue","gain":"16x"}
22:57:29.501  {"type":"live","t":665815,"c":0,"r":0,"g":0,"b":0,"pta":2042.7,"ptb":1650.8,"sat":0,"light":"blue","gain":"16x"}
22:57:30.305  {"type":"live","t":666216,"c":0,"r":0,"g":0,"b":0,"pta":1033.2,"ptb":694.6,"sat":0,"light":"blue","gain":"16x"}
22:57:30.306  {"type":"live","t":666617,"c":0,"r":0,"g":0,"b":0,"pta":217.9,"ptb":147.7,"sat":0,"light":"blue","gain":"16x"}
22:57:31.110  {"type":"live","t":667018,"c":0,"r":0,"g":0,"b":0,"pta":142.0,"ptb":142.0,"sat":0,"light":"blue","gain":"16x"}
22:57:31.111  {"type":"live","t":667419,"c":0,"r":0,"g":0,"b":0,"pta":142.0,"ptb":142.0,"sat":0,"light":"blue","gain":"16x"}
22:57:32.123  {"type":"live","t":667820,"c":0,"r":0,"g":0,"b":0,"pta":142.0,"ptb":142.0,"sat":0,"light":"blue","gain":"16x"}
22:57:32.124  {"type":"live","t":668221,"c":0,"r":0,"g":0,"b":0,"pta":142.0,"ptb":143.9,"sat":0,"light":"blue","gain":"16x"}
22:57:32.124  {"type":"live","t":668622,"c":0,"r":0,"g":0,"b":0,"pta":142.0,"ptb":142.1,"sat":0,"light":"blue","gain":"16x"}
22:57:33.110  {"type":"live","t":669023,"c":0,"r":0,"g":0,"b":0,"pta":142.0,"ptb":148.7,"sat":0,"light":"blue","gain":"16x"}
22:57:33.111  {"type":"live","t":669424,"c":0,"r":0,"g":0,"b":0,"pta":144.6,"ptb":188.0,"sat":0,"light":"blue","gain":"16x"}
22:57:33.914  {"type":"live","t":669825,"c":0,"r":0,"g":0,"b":0,"pta":236.8,"ptb":342.2,"sat":0,"light":"blue","gain":"16x"}
22:57:33.915  {"type":"live","t":670226,"c":0,"r":0,"g":0,"b":0,"pta":2598.2,"ptb":2526.6,"sat":0,"light":"blue","gain":"16x"}
22:57:34.719  {"type":"live","t":670627,"c":0,"r":0,"g":0,"b":0,"pta":1770.6,"ptb":1560.8,"sat":0,"light":"blue","gain":"16x"}
22:57:34.720  {"type":"live","t":671028,"c":0,"r":0,"g":0,"b":0,"pta":3134.0,"ptb":930.4,"sat":0,"light":"blue","gain":"16x"}
22:57:35.728  {"type":"live","t":671429,"c":0,"r":0,"g":0,"b":0,"pta":142.0,"ptb":142.0,"sat":0,"light":"blue","gain":"16x"}
22:57:35.728  {"type":"live","t":671830,"c":0,"r":0,"g":0,"b":0,"pta":142.0,"ptb":142.0,"sat":0,"light":"blue","gain":"16x"}
22:57:35.729  {"type":"live","t":672231,"c":0,"r":0,"g":0,"b":0,"pta":142.0,"ptb":142.0,"sat":0,"light":"blue","gain":"16x"}
22:57:36.718  {"type":"live","t":672632,"c":0,"r":0,"g":0,"b":0,"pta":142.0,"ptb":142.0,"sat":0,"light":"blue","gain":"16x"}
22:57:36.719  {"type":"live","t":673033,"c":0,"r":0,"g":0,"b":0,"pta":142.0,"ptb":142.0,"sat":0,"light":"blue","gain":"16x"}
22:57:37.523  {"type":"live","t":673434,"c":0,"r":0,"g":0,"b":0,"pta":142.0,"ptb":142.0,"sat":0,"light":"blue","gain":"16x"}
22:57:37.524  {"type":"live","t":673835,"c":0,"r":0,"g":0,"b":0,"pta":142.0,"ptb":142.0,"sat":0,"light":"blue","gain":"16x"}
22:57:38.328  {"type":"live","t":674236,"c":0,"r":0,"g":0,"b":0,"pta":142.0,"ptb":142.0,"sat":0,"light":"blue","gain":"16x"}
22:57:38.329  {"type":"live","t":674637,"c":0,"r":0,"g":0,"b":0,"pta":142.0,"ptb":142.0,"sat":0,"light":"blue","gain":"16x"}
22:57:39.334  {"type":"live","t":675038,"c":0,"r":0,"g":0,"b":0,"pta":142.0,"ptb":142.0,"sat":0,"light":"blue","gain":"16x"}
22:57:39.334  {"type":"live","t":675439,"c":0,"r":0,"g":0,"b":0,"pta":142.0,"ptb":142.0,"sat":0,"light":"blue","gain":"16x"}
22:57:39.335  {"type":"live","t":675840,"c":0,"r":0,"g":0,"b":0,"pta":142.0,"ptb":142.0,"sat":0,"light":"blue","gain":"16x"}
22:57:40.327  {"type":"live","t":676241,"c":0,"r":0,"g":0,"b":0,"pta":142.0,"ptb":142.0,"sat":0,"light":"blue","gain":"16x"}
22:57:40.328  {"type":"live","t":676642,"c":0,"r":0,"g":0,"b":0,"pta":142.0,"ptb":142.0,"sat":0,"light":"blue","gain":"16x"}
22:57:41.132  {"type":"live","t":677043,"c":0,"r":0,"g":0,"b":0,"pta":142.0,"ptb":142.0,"sat":0,"light":"blue","gain":"16x"}
22:57:41.133  {"type":"live","t":677444,"c":0,"r":0,"g":0,"b":0,"pta":142.0,"ptb":142.0,"sat":0,"light":"blue","gain":"16x"}
22:57:41.937  {"type":"live","t":677845,"c":0,"r":0,"g":0,"b":0,"pta":142.0,"ptb":142.0,"sat":0,"light":"blue","gain":"16x"}
22:57:41.938  {"type":"live","t":678246,"c":0,"r":0,"g":0,"b":0,"pta":142.0,"ptb":142.0,"sat":0,"light":"blue","gain":"16x"}
22:57:42.944  {"type":"live","t":678647,"c":0,"r":0,"g":0,"b":0,"pta":142.0,"ptb":142.0,"sat":0,"light":"blue","gain":"16x"}
22:57:42.944  {"type":"live","t":679048,"c":0,"r":0,"g":0,"b":0,"pta":142.0,"ptb":142.0,"sat":0,"light":"blue","gain":"16x"}
22:57:42.944  {"type":"live","t":679449,"c":0,"r":0,"g":0,"b":0,"pta":142.0,"ptb":142.0,"sat":0,"light":"blue","gain":"16x"}
22:57:43.936  {"type":"live","t":679850,"c":0,"r":0,"g":0,"b":0,"pta":142.0,"ptb":142.0,"sat":0,"light":"blue","gain":"16x"}
22:57:43.937  {"type":"live","t":680251,"c":0,"r":0,"g":0,"b":0,"pta":142.0,"ptb":142.0,"sat":0,"light":"blue","gain":"16x"}
22:57:44.741  {"type":"live","t":680652,"c":0,"r":0,"g":0,"b":0,"pta":142.0,"ptb":142.0,"sat":0,"light":"blue","gain":"16x"}
22:57:44.742  {"type":"live","t":681053,"c":0,"r":0,"g":0,"b":0,"pta":142.0,"ptb":142.0,"sat":0,"light":"blue","gain":"16x"}
22:57:45.546  {"type":"live","t":681454,"c":0,"r":0,"g":0,"b":0,"pta":142.0,"ptb":142.0,"sat":0,"light":"blue","gain":"16x"}
22:57:45.547  {"type":"live","t":681855,"c":0,"r":0,"g":0,"b":0,"pta":142.0,"ptb":142.0,"sat":0,"light":"blue","gain":"16x"}
22:57:46.558  {"type":"live","t":682256,"c":0,"r":0,"g":0,"b":0,"pta":142.0,"ptb":142.0,"sat":0,"light":"blue","gain":"16x"}
22:57:46.558  {"type":"live","t":682657,"c":0,"r":0,"g":0,"b":0,"pta":142.0,"ptb":142.0,"sat":0,"light":"blue","gain":"16x"}
22:57:46.559  {"type":"live","t":683058,"c":0,"r":0,"g":0,"b":0,"pta":142.0,"ptb":142.0,"sat":0,"light":"blue","gain":"16x"}
22:57:47.545  {"type":"live","t":683459,"c":0,"r":0,"g":0,"b":0,"pta":142.0,"ptb":142.0,"sat":0,"light":"blue","gain":"16x"}
22:57:47.546  {"type":"live","t":683860,"c":0,"r":0,"g":0,"b":0,"pta":142.0,"ptb":142.0,"sat":0,"light":"blue","gain":"16x"}
22:57:48.350  {"type":"live","t":684261,"c":0,"r":0,"g":0,"b":0,"pta":142.0,"ptb":142.0,"sat":0,"light":"blue","gain":"16x"}
22:57:48.351  {"type":"live","t":684662,"c":0,"r":0,"g":0,"b":0,"pta":142.0,"ptb":142.0,"sat":0,"light":"blue","gain":"16x"}
22:57:49.155  {"type":"live","t":685063,"c":0,"r":0,"g":0,"b":0,"pta":142.0,"ptb":142.0,"sat":0,"light":"blue","gain":"16x"}
22:57:49.156  {"type":"live","t":685464,"c":0,"r":0,"g":0,"b":0,"pta":142.0,"ptb":142.0,"sat":0,"light":"blue","gain":"16x"}
22:57:50.167  {"type":"live","t":685865,"c":0,"r":0,"g":0,"b":0,"pta":142.0,"ptb":142.0,"sat":0,"light":"blue","gain":"16x"}
22:57:50.168  {"type":"live","t":686266,"c":0,"r":0,"g":0,"b":0,"pta":142.0,"ptb":142.0,"sat":0,"light":"blue","gain":"16x"}
22:57:50.168  {"type":"live","t":686667,"c":0,"r":0,"g":0,"b":0,"pta":142.0,"ptb":142.0,"sat":0,"light":"blue","gain":"16x"}
22:57:51.154  {"type":"live","t":687068,"c":0,"r":0,"g":0,"b":0,"pta":142.0,"ptb":142.0,"sat":0,"light":"blue","gain":"16x"}
22:57:51.155  {"type":"live","t":687469,"c":0,"r":0,"g":0,"b":0,"pta":142.0,"ptb":142.0,"sat":0,"light":"blue","gain":"16x"}
22:57:51.959  {"type":"live","t":687870,"c":0,"r":0,"g":0,"b":0,"pta":142.0,"ptb":142.0,"sat":0,"light":"blue","gain":"16x"}
22:57:51.960  {"type":"live","t":688271,"c":0,"r":0,"g":0,"b":0,"pta":142.0,"ptb":143.1,"sat":0,"light":"blue","gain":"16x"}
22:57:52.764  {"type":"live","t":688672,"c":0,"r":0,"g":0,"b":0,"pta":142.0,"ptb":142.0,"sat":0,"light":"blue","gain":"16x"}
22:57:52.765  {"type":"live","t":689073,"c":0,"r":0,"g":0,"b":0,"pta":142.0,"ptb":142.0,"sat":0,"light":"blue","gain":"16x"}
22:57:53.769  {"type":"live","t":689474,"c":0,"r":0,"g":0,"b":0,"pta":142.0,"ptb":142.0,"sat":0,"light":"blue","gain":"16x"}
22:57:53.770  {"type":"live","t":689875,"c":0,"r":0,"g":0,"b":0,"pta":142.0,"ptb":142.0,"sat":0,"light":"blue","gain":"16x"}
22:57:53.770  {"type":"live","t":690276,"c":0,"r":0,"g":0,"b":0,"pta":142.0,"ptb":142.0,"sat":0,"light":"blue","gain":"16x"}
22:57:54.763  {"type":"live","t":690677,"c":0,"r":0,"g":0,"b":0,"pta":142.0,"ptb":142.0,"sat":0,"light":"blue","gain":"16x"}
22:57:54.764  {"type":"live","t":691078,"c":0,"r":0,"g":0,"b":0,"pta":142.0,"ptb":142.0,"sat":0,"light":"blue","gain":"16x"}
22:57:55.568  {"type":"live","t":691479,"c":0,"r":0,"g":0,"b":0,"pta":142.0,"ptb":142.0,"sat":0,"light":"blue","gain":"16x"}
22:57:55.569  {"type":"live","t":691880,"c":0,"r":0,"g":0,"b":0,"pta":142.0,"ptb":142.0,"sat":0,"light":"blue","gain":"16x"}
22:57:56.373  {"type":"live","t":692281,"c":0,"r":0,"g":0,"b":0,"pta":142.0,"ptb":142.0,"sat":0,"light":"blue","gain":"16x"}
22:57:56.374  {"type":"live","t":692682,"c":0,"r":0,"g":0,"b":0,"pta":142.0,"ptb":142.0,"sat":0,"light":"blue","gain":"16x"}
22:57:57.388  {"type":"live","t":693083,"c":0,"r":0,"g":0,"b":0,"pta":142.0,"ptb":142.0,"sat":0,"light":"blue","gain":"16x"}
22:57:57.389  {"type":"live","t":693484,"c":0,"r":0,"g":0,"b":0,"pta":142.0,"ptb":142.0,"sat":0,"light":"blue","gain":"16x"}
22:57:57.389  {"type":"live","t":693885,"c":0,"r":0,"g":0,"b":0,"pta":142.0,"ptb":142.0,"sat":0,"light":"blue","gain":"16x"}
22:57:58.372  {"type":"live","t":694286,"c":0,"r":0,"g":0,"b":0,"pta":142.0,"ptb":142.0,"sat":0,"light":"blue","gain":"16x"}
22:57:58.373  {"type":"live","t":694687,"c":0,"r":0,"g":0,"b":0,"pta":142.0,"ptb":142.0,"sat":0,"light":"blue","gain":"16x"}
22:57:59.177  {"type":"live","t":695088,"c":0,"r":0,"g":0,"b":0,"pta":142.0,"ptb":142.0,"sat":0,"light":"blue","gain":"16x"}
22:57:59.178  {"type":"live","t":695489,"c":0,"r":0,"g":0,"b":0,"pta":142.0,"ptb":142.0,"sat":0,"light":"blue","gain":"16x"}
22:57:59.982  {"type":"live","t":695890,"c":0,"r":0,"g":0,"b":0,"pta":142.0,"ptb":142.0,"sat":0,"light":"blue","gain":"16x"}
22:57:59.983  {"type":"live","t":696291,"c":0,"r":0,"g":0,"b":0,"pta":142.0,"ptb":142.0,"sat":0,"light":"blue","gain":"16x"}
22:58:00.995  {"type":"live","t":696692,"c":0,"r":0,"g":0,"b":0,"pta":142.0,"ptb":142.6,"sat":0,"light":"blue","gain":"16x"}
22:58:00.995  {"type":"live","t":697093,"c":0,"r":0,"g":0,"b":0,"pta":142.0,"ptb":143.4,"sat":0,"light":"blue","gain":"16x"}
22:58:00.996  {"type":"live","t":697494,"c":0,"r":0,"g":0,"b":0,"pta":142.0,"ptb":142.0,"sat":0,"light":"blue","gain":"16x"}
22:58:01.981  {"type":"live","t":697895,"c":0,"r":0,"g":0,"b":0,"pta":142.0,"ptb":142.0,"sat":0,"light":"blue","gain":"16x"}
22:58:01.982  {"type":"live","t":698296,"c":0,"r":0,"g":0,"b":0,"pta":142.0,"ptb":142.0,"sat":0,"light":"blue","gain":"16x"}
22:58:02.786  {"type":"live","t":698697,"c":0,"r":0,"g":0,"b":0,"pta":142.0,"ptb":142.0,"sat":0,"light":"blue","gain":"16x"}
22:58:02.787  {"type":"live","t":699098,"c":0,"r":0,"g":0,"b":0,"pta":142.0,"ptb":142.0,"sat":0,"light":"blue","gain":"16x"}
22:58:03.591  {"type":"live","t":699499,"c":0,"r":0,"g":0,"b":0,"pta":142.0,"ptb":142.0,"sat":0,"light":"blue","gain":"16x"}
22:58:03.592  {"type":"live","t":699900,"c":0,"r":0,"g":0,"b":0,"pta":142.0,"ptb":142.0,"sat":0,"light":"blue","gain":"16x"}
22:58:04.599  {"type":"live","t":700301,"c":0,"r":0,"g":0,"b":0,"pta":142.0,"ptb":142.0,"sat":0,"light":"blue","gain":"16x"}
22:58:04.600  {"type":"live","t":700702,"c":0,"r":0,"g":0,"b":0,"pta":142.0,"ptb":142.0,"sat":0,"light":"blue","gain":"16x"}
22:58:04.600  {"type":"live","t":701103,"c":0,"r":0,"g":0,"b":0,"pta":142.0,"ptb":142.0,"sat":0,"light":"blue","gain":"16x"}
22:58:05.590  {"type":"live","t":701504,"c":0,"r":0,"g":0,"b":0,"pta":142.0,"ptb":142.0,"sat":0,"light":"blue","gain":"16x"}
22:58:05.591  {"type":"live","t":701905,"c":0,"r":0,"g":0,"b":0,"pta":142.0,"ptb":142.0,"sat":0,"light":"blue","gain":"16x"}
22:58:06.395  {"type":"live","t":702306,"c":0,"r":0,"g":0,"b":0,"pta":142.0,"ptb":142.0,"sat":0,"light":"blue","gain":"16x"}
22:58:06.396  {"type":"live","t":702707,"c":0,"r":0,"g":0,"b":0,"pta":142.0,"ptb":142.0,"sat":0,"light":"blue","gain":"16x"}
22:58:07.200  {"type":"live","t":703108,"c":0,"r":0,"g":0,"b":0,"pta":142.0,"ptb":142.0,"sat":0,"light":"blue","gain":"16x"}
22:58:07.201  {"type":"live","t":703509,"c":0,"r":0,"g":0,"b":0,"pta":142.0,"ptb":142.0,"sat":0,"light":"blue","gain":"16x"}
22:58:08.204  {"type":"live","t":703910,"c":0,"r":0,"g":0,"b":0,"pta":142.0,"ptb":142.0,"sat":0,"light":"blue","gain":"16x"}
22:58:08.205  {"type":"live","t":704311,"c":0,"r":0,"g":0,"b":0,"pta":142.0,"ptb":142.0,"sat":0,"light":"blue","gain":"16x"}
22:58:08.205  {"type":"live","t":704712,"c":0,"r":0,"g":0,"b":0,"pta":142.0,"ptb":142.0,"sat":0,"light":"blue","gain":"16x"}
22:58:09.199  {"type":"live","t":705113,"c":0,"r":0,"g":0,"b":0,"pta":142.0,"ptb":142.0,"sat":0,"light":"blue","gain":"16x"}
22:58:09.200  {"type":"live","t":705514,"c":0,"r":0,"g":0,"b":0,"pta":142.0,"ptb":142.0,"sat":0,"light":"blue","gain":"16x"}
22:58:10.004  {"type":"live","t":705916,"c":0,"r":0,"g":0,"b":0,"pta":142.0,"ptb":148.2,"sat":0,"light":"blue","gain":"16x"}
22:58:10.005  {"type":"live","t":706317,"c":0,"r":0,"g":0,"b":0,"pta":142.0,"ptb":142.0,"sat":0,"light":"blue","gain":"16x"}
22:58:10.809  {"type":"live","t":706717,"c":0,"r":0,"g":0,"b":0,"pta":142.0,"ptb":142.0,"sat":0,"light":"blue","gain":"16x"}
22:58:10.810  {"type":"live","t":707118,"c":0,"r":0,"g":0,"b":0,"pta":142.0,"ptb":142.0,"sat":0,"light":"blue","gain":"16x"}
22:58:11.810  {"type":"live","t":707520,"c":0,"r":0,"g":0,"b":0,"pta":142.0,"ptb":142.8,"sat":0,"light":"blue","gain":"16x"}
22:58:11.810  {"type":"live","t":707921,"c":0,"r":0,"g":0,"b":0,"pta":142.0,"ptb":142.0,"sat":0,"light":"blue","gain":"16x"}
22:58:11.811  {"type":"live","t":708321,"c":0,"r":0,"g":0,"b":0,"pta":142.0,"ptb":142.0,"sat":0,"light":"blue","gain":"16x"}
22:58:12.808  {"type":"live","t":708722,"c":0,"r":0,"g":0,"b":0,"pta":142.0,"ptb":142.0,"sat":0,"light":"blue","gain":"16x"}
22:58:12.809  {"type":"live","t":709124,"c":0,"r":0,"g":0,"b":0,"pta":142.0,"ptb":142.0,"sat":0,"light":"blue","gain":"16x"}
22:58:13.613  {"type":"live","t":709525,"c":0,"r":0,"g":0,"b":0,"pta":142.0,"ptb":142.0,"sat":0,"light":"blue","gain":"16x"}
22:58:13.614  {"type":"live","t":709926,"c":0,"r":0,"g":0,"b":0,"pta":142.0,"ptb":142.0,"sat":0,"light":"blue","gain":"16x"}
22:58:14.418  {"type":"live","t":710327,"c":0,"r":0,"g":0,"b":0,"pta":142.0,"ptb":142.0,"sat":0,"light":"blue","gain":"16x"}
22:58:14.419  {"type":"live","t":710728,"c":0,"r":0,"g":0,"b":0,"pta":142.0,"ptb":142.0,"sat":0,"light":"blue","gain":"16x"}
22:58:15.421  {"type":"live","t":711129,"c":0,"r":0,"g":0,"b":0,"pta":142.0,"ptb":142.0,"sat":0,"light":"blue","gain":"16x"}
22:58:15.422  {"type":"live","t":711530,"c":0,"r":0,"g":0,"b":0,"pta":142.0,"ptb":142.0,"sat":0,"light":"blue","gain":"16x"}
22:58:15.422  {"type":"live","t":711931,"c":0,"r":0,"g":0,"b":0,"pta":142.0,"ptb":142.0,"sat":0,"light":"blue","gain":"16x"}
22:58:16.417  {"type":"live","t":712332,"c":0,"r":0,"g":0,"b":0,"pta":142.0,"ptb":142.0,"sat":0,"light":"blue","gain":"16x"}
22:58:16.418  {"type":"live","t":712733,"c":0,"r":0,"g":0,"b":0,"pta":142.0,"ptb":142.0,"sat":0,"light":"blue","gain":"16x"}
22:58:17.222  {"type":"live","t":713134,"c":0,"r":0,"g":0,"b":0,"pta":142.0,"ptb":142.0,"sat":0,"light":"blue","gain":"16x"}
22:58:17.223  {"type":"live","t":713535,"c":0,"r":0,"g":0,"b":0,"pta":142.0,"ptb":142.0,"sat":0,"light":"blue","gain":"16x"}
22:58:18.027  {"type":"live","t":713936,"c":0,"r":0,"g":0,"b":0,"pta":142.0,"ptb":142.0,"sat":0,"light":"blue","gain":"16x"}
22:58:18.028  {"type":"live","t":714337,"c":0,"r":0,"g":0,"b":0,"pta":142.0,"ptb":142.0,"sat":0,"light":"blue","gain":"16x"}
22:58:19.042  {"type":"live","t":714738,"c":0,"r":0,"g":0,"b":0,"pta":142.0,"ptb":142.0,"sat":0,"light":"blue","gain":"16x"}
22:58:19.043  {"type":"live","t":715139,"c":0,"r":0,"g":0,"b":0,"pta":142.0,"ptb":142.0,"sat":0,"light":"blue","gain":"16x"}
22:58:19.043  {"type":"live","t":715540,"c":0,"r":0,"g":0,"b":0,"pta":142.0,"ptb":142.0,"sat":0,"light":"blue","gain":"16x"}
22:58:20.026  {"type":"live","t":715941,"c":0,"r":0,"g":0,"b":0,"pta":142.0,"ptb":142.0,"sat":0,"light":"blue","gain":"16x"}
22:58:20.027  {"type":"live","t":716342,"c":0,"r":0,"g":0,"b":0,"pta":142.0,"ptb":142.0,"sat":0,"light":"blue","gain":"16x"}
22:58:20.831  {"type":"live","t":716743,"c":0,"r":0,"g":0,"b":0,"pta":142.0,"ptb":142.0,"sat":0,"light":"blue","gain":"16x"}
22:58:20.832  {"type":"live","t":717144,"c":0,"r":0,"g":0,"b":0,"pta":142.0,"ptb":142.0,"sat":0,"light":"blue","gain":"16x"}
22:58:21.636  {"type":"live","t":717545,"c":0,"r":0,"g":0,"b":0,"pta":142.0,"ptb":142.0,"sat":0,"light":"blue","gain":"16x"}
22:58:21.637  {"type":"live","t":717946,"c":0,"r":0,"g":0,"b":0,"pta":142.0,"ptb":142.0,"sat":0,"light":"blue","gain":"16x"}
22:58:22.639  {"type":"live","t":718347,"c":0,"r":0,"g":0,"b":0,"pta":142.0,"ptb":142.0,"sat":0,"light":"blue","gain":"16x"}
22:58:22.640  {"type":"live","t":718748,"c":0,"r":0,"g":0,"b":0,"pta":142.0,"ptb":142.0,"sat":0,"light":"blue","gain":"16x"}
22:58:22.641  {"type":"live","t":719149,"c":0,"r":0,"g":0,"b":0,"pta":142.0,"ptb":142.0,"sat":0,"light":"blue","gain":"16x"}
22:58:23.635  {"type":"live","t":719550,"c":0,"r":0,"g":0,"b":0,"pta":142.0,"ptb":142.0,"sat":0,"light":"blue","gain":"16x"}
22:58:23.636  {"type":"live","t":719951,"c":0,"r":0,"g":0,"b":0,"pta":142.0,"ptb":142.0,"sat":0,"light":"blue","gain":"16x"}
22:58:24.440  {"type":"live","t":720352,"c":0,"r":0,"g":0,"b":0,"pta":142.0,"ptb":142.0,"sat":0,"light":"blue","gain":"16x"}
22:58:24.441  {"type":"live","t":720753,"c":0,"r":0,"g":0,"b":0,"pta":142.0,"ptb":142.0,"sat":0,"light":"blue","gain":"16x"}
22:58:25.245  {"type":"live","t":721154,"c":0,"r":0,"g":0,"b":0,"pta":142.0,"ptb":142.0,"sat":0,"light":"blue","gain":"16x"}
22:58:25.246  {"type":"live","t":721555,"c":0,"r":0,"g":0,"b":0,"pta":142.0,"ptb":142.0,"sat":0,"light":"blue","gain":"16x"}
22:58:26.250  {"type":"live","t":721955,"c":0,"r":0,"g":0,"b":0,"pta":142.0,"ptb":142.0,"sat":0,"light":"blue","gain":"16x"}
22:58:26.250  {"type":"live","t":722356,"c":0,"r":0,"g":0,"b":0,"pta":142.0,"ptb":142.0,"sat":0,"light":"blue","gain":"16x"}
22:58:26.251  {"type":"live","t":722757,"c":0,"r":0,"g":0,"b":0,"pta":142.0,"ptb":142.0,"sat":0,"light":"blue","gain":"16x"}
22:58:27.244  {"type":"live","t":723158,"c":0,"r":0,"g":0,"b":0,"pta":142.0,"ptb":142.0,"sat":0,"light":"blue","gain":"16x"}
22:58:27.245  {"type":"live","t":723559,"c":0,"r":0,"g":0,"b":0,"pta":142.0,"ptb":142.0,"sat":0,"light":"blue","gain":"16x"}
22:58:28.049  {"type":"live","t":723960,"c":0,"r":0,"g":0,"b":0,"pta":142.0,"ptb":142.0,"sat":0,"light":"blue","gain":"16x"}
22:58:28.050  {"type":"live","t":724361,"c":0,"r":0,"g":0,"b":0,"pta":142.0,"ptb":142.0,"sat":0,"light":"blue","gain":"16x"}
22:58:28.853  {"type":"live","t":724762,"c":0,"r":0,"g":0,"b":0,"pta":142.0,"ptb":142.0,"sat":0,"light":"blue","gain":"16x"}
22:58:28.854  {"type":"live","t":725163,"c":0,"r":0,"g":0,"b":0,"pta":142.0,"ptb":142.0,"sat":0,"light":"blue","gain":"16x"}
22:58:29.862  {"type":"live","t":725564,"c":0,"r":0,"g":0,"b":0,"pta":142.0,"ptb":142.0,"sat":0,"light":"blue","gain":"16x"}
22:58:29.863  {"type":"live","t":725965,"c":0,"r":0,"g":0,"b":0,"pta":142.0,"ptb":142.0,"sat":0,"light":"blue","gain":"16x"}
22:58:29.863  {"type":"live","t":726366,"c":0,"r":0,"g":0,"b":0,"pta":142.0,"ptb":142.0,"sat":0,"light":"blue","gain":"16x"}
22:58:30.853  {"type":"live","t":726767,"c":0,"r":0,"g":0,"b":0,"pta":142.0,"ptb":142.0,"sat":0,"light":"blue","gain":"16x"}
22:58:30.854  {"type":"live","t":727168,"c":0,"r":0,"g":0,"b":0,"pta":142.0,"ptb":142.0,"sat":0,"light":"blue","gain":"16x"}
22:58:31.658  {"type":"live","t":727569,"c":0,"r":0,"g":0,"b":0,"pta":142.0,"ptb":142.0,"sat":0,"light":"blue","gain":"16x"}
22:58:31.659  {"type":"live","t":727970,"c":0,"r":0,"g":0,"b":0,"pta":142.0,"ptb":142.0,"sat":0,"light":"blue","gain":"16x"}
22:58:32.463  {"type":"live","t":728371,"c":0,"r":0,"g":0,"b":0,"pta":142.0,"ptb":142.0,"sat":0,"light":"blue","gain":"16x"}
22:58:32.464  {"type":"live","t":728772,"c":0,"r":0,"g":0,"b":0,"pta":142.0,"ptb":142.6,"sat":0,"light":"blue","gain":"16x"}
22:58:33.473  {"type":"live","t":729173,"c":0,"r":0,"g":0,"b":0,"pta":142.0,"ptb":142.0,"sat":0,"light":"blue","gain":"16x"}
22:58:33.474  {"type":"live","t":729575,"c":0,"r":0,"g":0,"b":0,"pta":142.0,"ptb":142.0,"sat":0,"light":"blue","gain":"16x"}
22:58:33.474  {"type":"live","t":729976,"c":0,"r":0,"g":0,"b":0,"pta":142.0,"ptb":142.0,"sat":0,"light":"blue","gain":"16x"}
22:58:34.462  {"type":"live","t":730377,"c":0,"r":0,"g":0,"b":0,"pta":142.0,"ptb":142.0,"sat":0,"light":"blue","gain":"16x"}
22:58:34.463  {"type":"live","t":730778,"c":0,"r":0,"g":0,"b":0,"pta":142.0,"ptb":142.0,"sat":0,"light":"blue","gain":"16x"}
22:58:35.267  {"type":"live","t":731179,"c":0,"r":0,"g":0,"b":0,"pta":142.0,"ptb":142.0,"sat":0,"light":"blue","gain":"16x"}
22:58:35.268  {"type":"live","t":731580,"c":0,"r":0,"g":0,"b":0,"pta":142.0,"ptb":143.4,"sat":0,"light":"blue","gain":"16x"}
22:58:36.071  {"type":"live","t":731981,"c":0,"r":0,"g":0,"b":0,"pta":142.0,"ptb":142.0,"sat":0,"light":"blue","gain":"16x"}
22:58:36.072  {"type":"live","t":732382,"c":0,"r":0,"g":0,"b":0,"pta":142.0,"ptb":142.0,"sat":0,"light":"blue","gain":"16x"}
22:58:37.082  {"type":"live","t":732783,"c":0,"r":0,"g":0,"b":0,"pta":142.0,"ptb":142.0,"sat":0,"light":"blue","gain":"16x"}
22:58:37.083  {"type":"live","t":733184,"c":0,"r":0,"g":0,"b":0,"pta":142.0,"ptb":142.0,"sat":0,"light":"blue","gain":"16x"}
22:58:37.083  {"type":"live","t":733585,"c":0,"r":0,"g":0,"b":0,"pta":142.0,"ptb":142.0,"sat":0,"light":"blue","gain":"16x"}
22:58:38.071  {"type":"live","t":733986,"c":0,"r":0,"g":0,"b":0,"pta":142.0,"ptb":142.0,"sat":0,"light":"blue","gain":"16x"}
22:58:38.072  {"type":"live","t":734387,"c":0,"r":0,"g":0,"b":0,"pta":142.0,"ptb":142.0,"sat":0,"light":"blue","gain":"16x"}
22:58:38.875  {"type":"live","t":734788,"c":0,"r":0,"g":0,"b":0,"pta":142.0,"ptb":142.0,"sat":0,"light":"blue","gain":"16x"}
22:58:38.876  {"type":"live","t":735189,"c":0,"r":0,"g":0,"b":0,"pta":142.0,"ptb":142.0,"sat":0,"light":"blue","gain":"16x"}
22:58:39.680  {"type":"live","t":735590,"c":0,"r":0,"g":0,"b":0,"pta":142.0,"ptb":142.0,"sat":0,"light":"blue","gain":"16x"}
22:58:39.681  {"type":"live","t":735991,"c":0,"r":0,"g":0,"b":0,"pta":142.0,"ptb":142.0,"sat":0,"light":"blue","gain":"16x"}
22:58:40.688  {"type":"live","t":736392,"c":0,"r":0,"g":0,"b":0,"pta":142.0,"ptb":142.0,"sat":0,"light":"blue","gain":"16x"}
22:58:40.688  {"type":"live","t":736793,"c":0,"r":0,"g":0,"b":0,"pta":142.0,"ptb":142.0,"sat":0,"light":"blue","gain":"16x"}
22:58:40.689  {"type":"live","t":737194,"c":0,"r":0,"g":0,"b":0,"pta":142.0,"ptb":142.0,"sat":0,"light":"blue","gain":"16x"}
22:58:41.680  {"type":"live","t":737595,"c":0,"r":0,"g":0,"b":0,"pta":142.0,"ptb":142.0,"sat":0,"light":"blue","gain":"16x"}
22:58:41.681  {"type":"live","t":737996,"c":0,"r":0,"g":0,"b":0,"pta":142.0,"ptb":142.0,"sat":0,"light":"blue","gain":"16x"}
22:58:42.484  {"type":"live","t":738397,"c":0,"r":0,"g":0,"b":0,"pta":142.0,"ptb":142.0,"sat":0,"light":"blue","gain":"16x"}
22:58:42.485  {"type":"live","t":738798,"c":0,"r":0,"g":0,"b":0,"pta":142.0,"ptb":142.0,"sat":0,"light":"blue","gain":"16x"}
22:58:43.289  {"type":"live","t":739199,"c":0,"r":0,"g":0,"b":0,"pta":142.0,"ptb":142.0,"sat":0,"light":"blue","gain":"16x"}
22:58:43.290  {"type":"live","t":739600,"c":0,"r":0,"g":0,"b":0,"pta":142.0,"ptb":142.0,"sat":0,"light":"blue","gain":"16x"}
22:58:44.304  {"type":"live","t":740001,"c":0,"r":0,"g":0,"b":0,"pta":142.0,"ptb":142.0,"sat":0,"light":"blue","gain":"16x"}
22:58:44.304  {"type":"live","t":740402,"c":0,"r":0,"g":0,"b":0,"pta":142.0,"ptb":142.1,"sat":0,"light":"blue","gain":"16x"}
22:58:44.305  {"type":"live","t":740803,"c":0,"r":0,"g":0,"b":0,"pta":142.0,"ptb":142.0,"sat":0,"light":"blue","gain":"16x"}
22:58:45.288  {"type":"live","t":741204,"c":0,"r":0,"g":0,"b":0,"pta":142.0,"ptb":142.0,"sat":0,"light":"blue","gain":"16x"}
22:58:45.289  {"type":"live","t":741605,"c":0,"r":0,"g":0,"b":0,"pta":142.0,"ptb":142.0,"sat":0,"light":"blue","gain":"16x"}
22:58:46.093  {"type":"live","t":742006,"c":0,"r":0,"g":0,"b":0,"pta":142.0,"ptb":142.0,"sat":0,"light":"blue","gain":"16x"}
22:58:46.094  {"type":"live","t":742407,"c":0,"r":0,"g":0,"b":0,"pta":142.0,"ptb":142.0,"sat":0,"light":"blue","gain":"16x"}
22:58:46.898  {"type":"live","t":742808,"c":0,"r":0,"g":0,"b":0,"pta":142.0,"ptb":142.0,"sat":0,"light":"blue","gain":"16x"}
22:58:46.899  {"type":"live","t":743209,"c":0,"r":0,"g":0,"b":0,"pta":142.0,"ptb":142.0,"sat":0,"light":"blue","gain":"16x"}
22:58:47.902  {"type":"live","t":743610,"c":0,"r":0,"g":0,"b":0,"pta":142.0,"ptb":142.0,"sat":0,"light":"blue","gain":"16x"}
22:58:47.903  {"type":"live","t":744011,"c":0,"r":0,"g":0,"b":0,"pta":142.0,"ptb":142.0,"sat":0,"light":"blue","gain":"16x"}
22:58:47.903  {"type":"live","t":744412,"c":0,"r":0,"g":0,"b":0,"pta":142.0,"ptb":142.0,"sat":0,"light":"blue","gain":"16x"}
22:58:48.897  {"type":"live","t":744813,"c":0,"r":0,"g":0,"b":0,"pta":142.0,"ptb":142.0,"sat":0,"light":"blue","gain":"16x"}
22:58:48.898  {"type":"live","t":745214,"c":0,"r":0,"g":0,"b":0,"pta":142.0,"ptb":142.0,"sat":0,"light":"blue","gain":"16x"}
22:58:49.702  {"type":"live","t":745615,"c":0,"r":0,"g":0,"b":0,"pta":142.0,"ptb":142.0,"sat":0,"light":"blue","gain":"16x"}
22:58:49.703  {"type":"live","t":746016,"c":0,"r":0,"g":0,"b":0,"pta":142.0,"ptb":142.0,"sat":0,"light":"blue","gain":"16x"}
22:58:50.507  {"type":"live","t":746417,"c":0,"r":0,"g":0,"b":0,"pta":142.0,"ptb":142.0,"sat":0,"light":"blue","gain":"16x"}
22:58:50.508  {"type":"live","t":746818,"c":0,"r":0,"g":0,"b":0,"pta":142.0,"ptb":142.0,"sat":0,"light":"blue","gain":"16x"}
22:58:51.519  {"type":"live","t":747219,"c":0,"r":0,"g":0,"b":0,"pta":142.0,"ptb":142.0,"sat":0,"light":"blue","gain":"16x"}
22:58:51.519  {"type":"live","t":747620,"c":0,"r":0,"g":0,"b":0,"pta":142.0,"ptb":142.0,"sat":0,"light":"blue","gain":"16x"}
22:58:51.520  {"type":"live","t":748021,"c":0,"r":0,"g":0,"b":0,"pta":142.0,"ptb":142.0,"sat":0,"light":"blue","gain":"16x"}
22:58:52.506  {"type":"live","t":748422,"c":0,"r":0,"g":0,"b":0,"pta":142.0,"ptb":142.0,"sat":0,"light":"blue","gain":"16x"}
22:58:52.507  {"type":"live","t":748823,"c":0,"r":0,"g":0,"b":0,"pta":142.0,"ptb":142.0,"sat":0,"light":"blue","gain":"16x"}
22:58:53.311  {"type":"live","t":749224,"c":0,"r":0,"g":0,"b":0,"pta":142.0,"ptb":142.0,"sat":0,"light":"blue","gain":"16x"}
22:58:53.312  {"type":"live","t":749625,"c":0,"r":0,"g":0,"b":0,"pta":142.0,"ptb":142.0,"sat":0,"light":"blue","gain":"16x"}
22:58:54.116  {"type":"live","t":750026,"c":0,"r":0,"g":0,"b":0,"pta":142.0,"ptb":142.0,"sat":0,"light":"blue","gain":"16x"}
22:58:54.117  {"type":"live","t":750427,"c":0,"r":0,"g":0,"b":0,"pta":142.0,"ptb":142.0,"sat":0,"light":"blue","gain":"16x"}
22:58:55.131  {"type":"live","t":750828,"c":0,"r":0,"g":0,"b":0,"pta":142.0,"ptb":142.0,"sat":0,"light":"blue","gain":"16x"}
22:58:55.132  {"type":"live","t":751229,"c":0,"r":0,"g":0,"b":0,"pta":142.0,"ptb":142.0,"sat":0,"light":"blue","gain":"16x"}
22:58:55.132  {"type":"live","t":751630,"c":0,"r":0,"g":0,"b":0,"pta":142.0,"ptb":142.0,"sat":0,"light":"blue","gain":"16x"}
22:58:56.115  {"type":"live","t":752031,"c":0,"r":0,"g":0,"b":0,"pta":142.0,"ptb":142.0,"sat":0,"light":"blue","gain":"16x"}
22:58:56.116  {"type":"live","t":752432,"c":0,"r":0,"g":0,"b":0,"pta":142.0,"ptb":142.0,"sat":0,"light":"blue","gain":"16x"}
22:58:56.920  {"type":"live","t":752833,"c":0,"r":0,"g":0,"b":0,"pta":142.0,"ptb":142.0,"sat":0,"light":"blue","gain":"16x"}
22:58:56.921  {"type":"live","t":753234,"c":0,"r":0,"g":0,"b":0,"pta":142.0,"ptb":142.0,"sat":0,"light":"blue","gain":"16x"}
22:58:57.725  {"type":"live","t":753635,"c":0,"r":0,"g":0,"b":0,"pta":142.0,"ptb":142.0,"sat":0,"light":"blue","gain":"16x"}
22:58:57.726  {"type":"live","t":754036,"c":0,"r":0,"g":0,"b":0,"pta":142.0,"ptb":142.0,"sat":0,"light":"blue","gain":"16x"}
22:58:58.729  {"type":"live","t":754437,"c":0,"r":0,"g":0,"b":0,"pta":142.0,"ptb":142.7,"sat":0,"light":"blue","gain":"16x"}
22:58:58.729  {"type":"live","t":754838,"c":0,"r":0,"g":0,"b":0,"pta":142.0,"ptb":142.0,"sat":0,"light":"blue","gain":"16x"}
22:58:58.729  {"type":"live","t":755239,"c":0,"r":0,"g":0,"b":0,"pta":142.0,"ptb":142.0,"sat":0,"light":"blue","gain":"16x"}
22:58:59.724  {"type":"live","t":755640,"c":0,"r":0,"g":0,"b":0,"pta":142.0,"ptb":142.0,"sat":0,"light":"blue","gain":"16x"}
22:58:59.725  {"type":"live","t":756041,"c":0,"r":0,"g":0,"b":0,"pta":142.0,"ptb":142.0,"sat":0,"light":"blue","gain":"16x"}
22:59:00.529  {"type":"live","t":756442,"c":0,"r":0,"g":0,"b":0,"pta":142.0,"ptb":142.0,"sat":0,"light":"blue","gain":"16x"}
22:59:00.530  {"type":"live","t":756843,"c":0,"r":0,"g":0,"b":0,"pta":142.0,"ptb":142.0,"sat":0,"light":"blue","gain":"16x"}
22:59:01.334  {"type":"live","t":757244,"c":0,"r":0,"g":0,"b":0,"pta":142.0,"ptb":142.0,"sat":0,"light":"blue","gain":"16x"}
22:59:01.335  {"type":"live","t":757645,"c":0,"r":0,"g":0,"b":0,"pta":142.0,"ptb":142.0,"sat":0,"light":"blue","gain":"16x"}
22:59:02.342  {"type":"live","t":758046,"c":0,"r":0,"g":0,"b":0,"pta":142.0,"ptb":142.0,"sat":0,"light":"blue","gain":"16x"}
22:59:02.343  {"type":"live","t":758447,"c":0,"r":0,"g":0,"b":0,"pta":142.0,"ptb":142.0,"sat":0,"light":"blue","gain":"16x"}
22:59:02.343  {"type":"live","t":758848,"c":0,"r":0,"g":0,"b":0,"pta":142.0,"ptb":142.0,"sat":0,"light":"blue","gain":"16x"}
22:59:03.333  {"type":"live","t":759249,"c":0,"r":0,"g":0,"b":0,"pta":142.0,"ptb":142.0,"sat":0,"light":"blue","gain":"16x"}
22:59:03.334  {"type":"live","t":759650,"c":0,"r":0,"g":0,"b":0,"pta":142.0,"ptb":142.0,"sat":0,"light":"blue","gain":"16x"}
22:59:04.138  {"type":"live","t":760051,"c":0,"r":0,"g":0,"b":0,"pta":142.0,"ptb":142.0,"sat":0,"light":"blue","gain":"16x"}
22:59:04.139  {"type":"live","t":760452,"c":0,"r":0,"g":0,"b":0,"pta":142.0,"ptb":142.0,"sat":0,"light":"blue","gain":"16x"}
22:59:04.943  {"type":"live","t":760853,"c":0,"r":0,"g":0,"b":0,"pta":142.0,"ptb":142.0,"sat":0,"light":"blue","gain":"16x"}
22:59:04.944  {"type":"live","t":761254,"c":0,"r":0,"g":0,"b":0,"pta":142.0,"ptb":142.0,"sat":0,"light":"blue","gain":"16x"}
22:59:05.948  {"type":"live","t":761655,"c":0,"r":0,"g":0,"b":0,"pta":142.0,"ptb":142.0,"sat":0,"light":"blue","gain":"16x"}
22:59:05.948  {"type":"live","t":762056,"c":0,"r":0,"g":0,"b":0,"pta":142.0,"ptb":142.0,"sat":0,"light":"blue","gain":"16x"}
22:59:05.948  {"type":"live","t":762457,"c":0,"r":0,"g":0,"b":0,"pta":142.0,"ptb":142.0,"sat":0,"light":"blue","gain":"16x"}
22:59:06.942  {"type":"live","t":762858,"c":0,"r":0,"g":0,"b":0,"pta":142.0,"ptb":142.0,"sat":0,"light":"blue","gain":"16x"}
22:59:06.943  {"type":"live","t":763259,"c":0,"r":0,"g":0,"b":0,"pta":142.0,"ptb":142.0,"sat":0,"light":"blue","gain":"16x"}
22:59:07.747  {"type":"live","t":763660,"c":0,"r":0,"g":0,"b":0,"pta":142.0,"ptb":142.0,"sat":0,"light":"blue","gain":"16x"}
22:59:07.748  {"type":"live","t":764061,"c":0,"r":0,"g":0,"b":0,"pta":142.0,"ptb":142.0,"sat":0,"light":"blue","gain":"16x"}
22:59:08.552  {"type":"live","t":764462,"c":0,"r":0,"g":0,"b":0,"pta":142.0,"ptb":142.0,"sat":0,"light":"blue","gain":"16x"}
22:59:08.553  {"type":"live","t":764863,"c":0,"r":0,"g":0,"b":0,"pta":142.0,"ptb":142.0,"sat":0,"light":"blue","gain":"16x"}
22:59:09.553  {"type":"live","t":765264,"c":0,"r":0,"g":0,"b":0,"pta":142.0,"ptb":142.0,"sat":0,"light":"blue","gain":"16x"}
22:59:09.554  {"type":"live","t":765665,"c":0,"r":0,"g":0,"b":0,"pta":142.0,"ptb":142.0,"sat":0,"light":"blue","gain":"16x"}
22:59:09.555  {"type":"live","t":766066,"c":0,"r":0,"g":0,"b":0,"pta":142.0,"ptb":142.0,"sat":0,"light":"blue","gain":"16x"}
22:59:10.551  {"type":"live","t":766467,"c":0,"r":0,"g":0,"b":0,"pta":142.0,"ptb":142.0,"sat":0,"light":"blue","gain":"16x"}
22:59:10.552  {"type":"live","t":766868,"c":0,"r":0,"g":0,"b":0,"pta":142.0,"ptb":142.0,"sat":0,"light":"blue","gain":"16x"}
22:59:11.356  {"type":"live","t":767269,"c":0,"r":0,"g":0,"b":0,"pta":142.0,"ptb":142.0,"sat":0,"light":"blue","gain":"16x"}
22:59:11.357  {"type":"live","t":767670,"c":0,"r":0,"g":0,"b":0,"pta":142.0,"ptb":142.0,"sat":0,"light":"blue","gain":"16x"}
22:59:12.161  {"type":"live","t":768071,"c":0,"r":0,"g":0,"b":0,"pta":142.0,"ptb":143.6,"sat":0,"light":"blue","gain":"16x"}
22:59:12.162  {"type":"live","t":768472,"c":0,"r":0,"g":0,"b":0,"pta":142.0,"ptb":142.6,"sat":0,"light":"blue","gain":"16x"}
22:59:13.174  {"type":"live","t":768873,"c":0,"r":0,"g":0,"b":0,"pta":142.0,"ptb":142.0,"sat":0,"light":"blue","gain":"16x"}
22:59:13.175  {"type":"live","t":769274,"c":0,"r":0,"g":0,"b":0,"pta":142.0,"ptb":142.0,"sat":0,"light":"blue","gain":"16x"}
22:59:13.175  {"type":"live","t":769675,"c":0,"r":0,"g":0,"b":0,"pta":142.0,"ptb":142.0,"sat":0,"light":"blue","gain":"16x"}
22:59:14.160  {"type":"live","t":770076,"c":0,"r":0,"g":0,"b":0,"pta":142.0,"ptb":142.0,"sat":0,"light":"blue","gain":"16x"}
22:59:14.170  {"type":"live","t":770477,"c":0,"r":0,"g":0,"b":0,"pta":142.0,"ptb":142.0,"sat":0,"light":"blue","gain":"16x"}
22:59:14.965  {"type":"live","t":770878,"c":0,"r":0,"g":0,"b":0,"pta":142.0,"ptb":142.0,"sat":0,"light":"blue","gain":"16x"}
22:59:14.966  {"type":"live","t":771279,"c":0,"r":0,"g":0,"b":0,"pta":142.0,"ptb":142.0,"sat":0,"light":"blue","gain":"16x"}
22:59:15.770  {"type":"live","t":771680,"c":0,"r":0,"g":0,"b":0,"pta":142.0,"ptb":142.0,"sat":0,"light":"blue","gain":"16x"}
22:59:15.771  {"type":"live","t":772081,"c":0,"r":0,"g":0,"b":0,"pta":142.0,"ptb":142.0,"sat":0,"light":"blue","gain":"16x"}
22:59:16.782  {"type":"live","t":772482,"c":0,"r":0,"g":0,"b":0,"pta":142.0,"ptb":142.0,"sat":0,"light":"blue","gain":"16x"}
22:59:16.783  {"type":"live","t":772883,"c":0,"r":0,"g":0,"b":0,"pta":142.0,"ptb":142.0,"sat":0,"light":"blue","gain":"16x"}
22:59:16.783  {"type":"live","t":773284,"c":0,"r":0,"g":0,"b":0,"pta":142.0,"ptb":142.0,"sat":0,"light":"blue","gain":"16x"}
22:59:17.769  {"type":"live","t":773685,"c":0,"r":0,"g":0,"b":0,"pta":142.0,"ptb":142.0,"sat":0,"light":"blue","gain":"16x"}
22:59:17.770  {"type":"live","t":774086,"c":0,"r":0,"g":0,"b":0,"pta":142.0,"ptb":142.0,"sat":0,"light":"blue","gain":"16x"}
22:59:18.574  {"type":"live","t":774487,"c":0,"r":0,"g":0,"b":0,"pta":142.0,"ptb":142.0,"sat":0,"light":"blue","gain":"16x"}
22:59:18.575  {"type":"live","t":774888,"c":0,"r":0,"g":0,"b":0,"pta":142.0,"ptb":142.0,"sat":0,"light":"blue","gain":"16x"}
22:59:19.379  {"type":"live","t":775289,"c":0,"r":0,"g":0,"b":0,"pta":142.0,"ptb":142.0,"sat":0,"light":"blue","gain":"16x"}
22:59:19.380  {"type":"live","t":775690,"c":0,"r":0,"g":0,"b":0,"pta":142.0,"ptb":142.0,"sat":0,"light":"blue","gain":"16x"}
22:59:20.387  {"type":"live","t":776091,"c":0,"r":0,"g":0,"b":0,"pta":142.0,"ptb":142.0,"sat":0,"light":"blue","gain":"16x"}
22:59:20.388  {"type":"live","t":776492,"c":0,"r":0,"g":0,"b":0,"pta":142.0,"ptb":142.0,"sat":0,"light":"blue","gain":"16x"}
22:59:20.388  {"type":"live","t":776893,"c":0,"r":0,"g":0,"b":0,"pta":142.0,"ptb":142.0,"sat":0,"light":"blue","gain":"16x"}
22:59:21.378  {"type":"live","t":777294,"c":0,"r":0,"g":0,"b":0,"pta":142.0,"ptb":142.0,"sat":0,"light":"blue","gain":"16x"}
22:59:21.379  {"type":"live","t":777695,"c":0,"r":0,"g":0,"b":0,"pta":142.0,"ptb":142.0,"sat":0,"light":"blue","gain":"16x"}
22:59:22.183  {"type":"live","t":778096,"c":0,"r":0,"g":0,"b":0,"pta":142.0,"ptb":142.0,"sat":0,"light":"blue","gain":"16x"}
22:59:22.184  {"type":"live","t":778497,"c":0,"r":0,"g":0,"b":0,"pta":142.0,"ptb":142.0,"sat":0,"light":"blue","gain":"16x"}
22:59:22.988  {"type":"live","t":778898,"c":0,"r":0,"g":0,"b":0,"pta":142.0,"ptb":142.0,"sat":0,"light":"blue","gain":"16x"}
22:59:22.989  {"type":"live","t":779299,"c":0,"r":0,"g":0,"b":0,"pta":142.0,"ptb":142.0,"sat":0,"light":"blue","gain":"16x"}
22:59:23.994  {"type":"live","t":779700,"c":0,"r":0,"g":0,"b":0,"pta":142.0,"ptb":142.0,"sat":0,"light":"blue","gain":"16x"}
22:59:23.995  {"type":"live","t":780101,"c":0,"r":0,"g":0,"b":0,"pta":142.0,"ptb":142.0,"sat":0,"light":"blue","gain":"16x"}
22:59:23.995  {"type":"live","t":780502,"c":0,"r":0,"g":0,"b":0,"pta":142.0,"ptb":142.0,"sat":0,"light":"blue","gain":"16x"}
22:59:24.987  {"type":"live","t":780903,"c":0,"r":0,"g":0,"b":0,"pta":142.0,"ptb":142.0,"sat":0,"light":"blue","gain":"16x"}
22:59:24.988  {"type":"live","t":781304,"c":0,"r":0,"g":0,"b":0,"pta":142.0,"ptb":142.0,"sat":0,"light":"blue","gain":"16x"}
22:59:25.792  {"type":"live","t":781705,"c":0,"r":0,"g":0,"b":0,"pta":142.0,"ptb":142.0,"sat":0,"light":"blue","gain":"16x"}
22:59:25.793  {"type":"live","t":782106,"c":0,"r":0,"g":0,"b":0,"pta":142.0,"ptb":142.0,"sat":0,"light":"blue","gain":"16x"}
22:59:26.597  {"type":"live","t":782507,"c":0,"r":0,"g":0,"b":0,"pta":142.0,"ptb":142.0,"sat":0,"light":"blue","gain":"16x"}
22:59:26.598  {"type":"live","t":782908,"c":0,"r":0,"g":0,"b":0,"pta":142.0,"ptb":142.0,"sat":0,"light":"blue","gain":"16x"}
22:59:27.609  {"type":"live","t":783309,"c":0,"r":0,"g":0,"b":0,"pta":142.0,"ptb":142.0,"sat":0,"light":"blue","gain":"16x"}
22:59:27.609  {"type":"live","t":783710,"c":0,"r":0,"g":0,"b":0,"pta":142.0,"ptb":142.0,"sat":0,"light":"blue","gain":"16x"}
22:59:27.610  {"type":"live","t":784111,"c":0,"r":0,"g":0,"b":0,"pta":142.0,"ptb":142.0,"sat":0,"light":"blue","gain":"16x"}
22:59:28.596  {"type":"live","t":784512,"c":0,"r":0,"g":0,"b":0,"pta":142.0,"ptb":142.0,"sat":0,"light":"blue","gain":"16x"}
22:59:28.597  {"type":"live","t":784913,"c":0,"r":0,"g":0,"b":0,"pta":142.0,"ptb":142.0,"sat":0,"light":"blue","gain":"16x"}
22:59:29.401  {"type":"live","t":785314,"c":0,"r":0,"g":0,"b":0,"pta":142.0,"ptb":142.0,"sat":0,"light":"blue","gain":"16x"}
22:59:29.402  {"type":"live","t":785715,"c":0,"r":0,"g":0,"b":0,"pta":142.0,"ptb":142.0,"sat":0,"light":"blue","gain":"16x"}
22:59:30.206  {"type":"live","t":786116,"c":0,"r":0,"g":0,"b":0,"pta":142.0,"ptb":142.0,"sat":0,"light":"blue","gain":"16x"}
22:59:30.207  {"type":"live","t":786517,"c":0,"r":0,"g":0,"b":0,"pta":142.0,"ptb":142.0,"sat":0,"light":"blue","gain":"16x"}
22:59:31.214  {"type":"live","t":786918,"c":0,"r":0,"g":0,"b":0,"pta":142.0,"ptb":142.0,"sat":0,"light":"blue","gain":"16x"}
22:59:31.215  {"type":"live","t":787319,"c":0,"r":0,"g":0,"b":0,"pta":142.0,"ptb":142.0,"sat":0,"light":"blue","gain":"16x"}
22:59:31.215  {"type":"live","t":787720,"c":0,"r":0,"g":0,"b":0,"pta":142.0,"ptb":142.0,"sat":0,"light":"blue","gain":"16x"}
22:59:32.205  {"type":"live","t":788121,"c":0,"r":0,"g":0,"b":0,"pta":142.0,"ptb":142.0,"sat":0,"light":"blue","gain":"16x"}
22:59:32.206  {"type":"live","t":788522,"c":0,"r":0,"g":0,"b":0,"pta":142.0,"ptb":142.0,"sat":0,"light":"blue","gain":"16x"}
22:59:33.010  {"type":"live","t":788923,"c":0,"r":0,"g":0,"b":0,"pta":142.0,"ptb":142.0,"sat":0,"light":"blue","gain":"16x"}
22:59:33.011  {"type":"live","t":789324,"c":0,"r":0,"g":0,"b":0,"pta":142.0,"ptb":142.0,"sat":0,"light":"blue","gain":"16x"}
22:59:33.815  {"type":"live","t":789725,"c":0,"r":0,"g":0,"b":0,"pta":142.0,"ptb":143.1,"sat":0,"light":"blue","gain":"16x"}
22:59:33.816  {"type":"live","t":790126,"c":0,"r":0,"g":0,"b":0,"pta":142.0,"ptb":142.0,"sat":0,"light":"blue","gain":"16x"}
22:59:34.818  {"type":"live","t":790527,"c":0,"r":0,"g":0,"b":0,"pta":142.0,"ptb":142.0,"sat":0,"light":"blue","gain":"16x"}
22:59:34.819  {"type":"live","t":790928,"c":0,"r":0,"g":0,"b":0,"pta":142.0,"ptb":142.0,"sat":0,"light":"blue","gain":"16x"}
22:59:34.819  {"type":"live","t":791329,"c":0,"r":0,"g":0,"b":0,"pta":142.0,"ptb":142.0,"sat":0,"light":"blue","gain":"16x"}
22:59:35.814  {"type":"live","t":791730,"c":0,"r":0,"g":0,"b":0,"pta":142.0,"ptb":142.0,"sat":0,"light":"blue","gain":"16x"}
22:59:35.815  {"type":"live","t":792131,"c":0,"r":0,"g":0,"b":0,"pta":142.0,"ptb":142.0,"sat":0,"light":"blue","gain":"16x"}
22:59:36.619  {"type":"live","t":792532,"c":0,"r":0,"g":0,"b":0,"pta":142.0,"ptb":142.0,"sat":0,"light":"blue","gain":"16x"}
22:59:36.620  {"type":"live","t":792933,"c":0,"r":0,"g":0,"b":0,"pta":142.0,"ptb":142.0,"sat":0,"light":"blue","gain":"16x"}
22:59:37.424  {"type":"live","t":793334,"c":0,"r":0,"g":0,"b":0,"pta":142.0,"ptb":142.0,"sat":0,"light":"blue","gain":"16x"}
22:59:37.425  {"type":"live","t":793735,"c":0,"r":0,"g":0,"b":0,"pta":142.0,"ptb":142.0,"sat":0,"light":"blue","gain":"16x"}
22:59:38.437  {"type":"live","t":794136,"c":0,"r":0,"g":0,"b":0,"pta":142.0,"ptb":142.0,"sat":0,"light":"blue","gain":"16x"}
22:59:38.437  {"type":"live","t":794537,"c":0,"r":0,"g":0,"b":0,"pta":142.0,"ptb":142.0,"sat":0,"light":"blue","gain":"16x"}
22:59:38.438  {"type":"live","t":794938,"c":0,"r":0,"g":0,"b":0,"pta":142.0,"ptb":142.0,"sat":0,"light":"blue","gain":"16x"}
22:59:39.423  {"type":"live","t":795339,"c":0,"r":0,"g":0,"b":0,"pta":142.0,"ptb":142.0,"sat":0,"light":"blue","gain":"16x"}
22:59:39.424  {"type":"live","t":795740,"c":0,"r":0,"g":0,"b":0,"pta":142.0,"ptb":142.0,"sat":0,"light":"blue","gain":"16x"}
22:59:40.228  {"type":"live","t":796141,"c":0,"r":0,"g":0,"b":0,"pta":142.0,"ptb":142.0,"sat":0,"light":"blue","gain":"16x"}
22:59:40.229  {"type":"live","t":796542,"c":0,"r":0,"g":0,"b":0,"pta":142.0,"ptb":142.0,"sat":0,"light":"blue","gain":"16x"}
22:59:41.032  {"type":"live","t":796943,"c":0,"r":0,"g":0,"b":0,"pta":142.0,"ptb":142.0,"sat":0,"light":"blue","gain":"16x"}
22:59:41.033  {"type":"live","t":797344,"c":0,"r":0,"g":0,"b":0,"pta":142.0,"ptb":142.0,"sat":0,"light":"blue","gain":"16x"}
22:59:42.035  {"type":"live","t":797745,"c":0,"r":0,"g":0,"b":0,"pta":142.0,"ptb":142.0,"sat":0,"light":"blue","gain":"16x"}
22:59:42.035  {"type":"live","t":798146,"c":0,"r":0,"g":0,"b":0,"pta":142.0,"ptb":142.0,"sat":0,"light":"blue","gain":"16x"}
22:59:42.036  {"type":"live","t":798547,"c":0,"r":0,"g":0,"b":0,"pta":142.0,"ptb":142.0,"sat":0,"light":"blue","gain":"16x"}
22:59:43.032  {"type":"live","t":798948,"c":0,"r":0,"g":0,"b":0,"pta":142.0,"ptb":142.0,"sat":0,"light":"blue","gain":"16x"}
22:59:43.033  {"type":"live","t":799349,"c":0,"r":0,"g":0,"b":0,"pta":142.0,"ptb":142.0,"sat":0,"light":"blue","gain":"16x"}
22:59:43.836  {"type":"live","t":799750,"c":0,"r":0,"g":0,"b":0,"pta":142.0,"ptb":142.0,"sat":0,"light":"blue","gain":"16x"}
22:59:43.837  {"type":"live","t":800151,"c":0,"r":0,"g":0,"b":0,"pta":142.0,"ptb":142.0,"sat":0,"light":"blue","gain":"16x"}
22:59:44.641  {"type":"live","t":800552,"c":0,"r":0,"g":0,"b":0,"pta":142.0,"ptb":142.0,"sat":0,"light":"blue","gain":"16x"}
22:59:44.642  {"type":"live","t":800953,"c":0,"r":0,"g":0,"b":0,"pta":142.0,"ptb":142.0,"sat":0,"light":"blue","gain":"16x"}
22:59:45.650  {"type":"live","t":801354,"c":0,"r":0,"g":0,"b":0,"pta":142.0,"ptb":142.0,"sat":0,"light":"blue","gain":"16x"}
22:59:45.651  {"type":"live","t":801755,"c":0,"r":0,"g":0,"b":0,"pta":142.0,"ptb":142.0,"sat":0,"light":"blue","gain":"16x"}
22:59:45.651  {"type":"live","t":802156,"c":0,"r":0,"g":0,"b":0,"pta":142.0,"ptb":142.0,"sat":0,"light":"blue","gain":"16x"}
22:59:46.640  {"type":"live","t":802557,"c":0,"r":0,"g":0,"b":0,"pta":142.0,"ptb":142.0,"sat":0,"light":"blue","gain":"16x"}
22:59:46.641  {"type":"live","t":802958,"c":0,"r":0,"g":0,"b":0,"pta":142.0,"ptb":142.0,"sat":0,"light":"blue","gain":"16x"}
22:59:47.445  {"type":"live","t":803359,"c":0,"r":0,"g":0,"b":0,"pta":142.0,"ptb":142.0,"sat":0,"light":"blue","gain":"16x"}
22:59:47.446  {"type":"live","t":803760,"c":0,"r":0,"g":0,"b":0,"pta":142.0,"ptb":142.0,"sat":0,"light":"blue","gain":"16x"}
22:59:48.250  {"type":"live","t":804161,"c":0,"r":0,"g":0,"b":0,"pta":142.0,"ptb":142.0,"sat":0,"light":"blue","gain":"16x"}
22:59:48.251  {"type":"live","t":804562,"c":0,"r":0,"g":0,"b":0,"pta":142.0,"ptb":142.0,"sat":0,"light":"blue","gain":"16x"}
22:59:49.261  {"type":"live","t":804963,"c":0,"r":0,"g":0,"b":0,"pta":142.0,"ptb":142.0,"sat":0,"light":"blue","gain":"16x"}
22:59:49.262  {"type":"live","t":805364,"c":0,"r":0,"g":0,"b":0,"pta":142.0,"ptb":142.0,"sat":0,"light":"blue","gain":"16x"}
22:59:49.262  {"type":"live","t":805765,"c":0,"r":0,"g":0,"b":0,"pta":142.0,"ptb":142.0,"sat":0,"light":"blue","gain":"16x"}
22:59:50.249  {"type":"live","t":806166,"c":0,"r":0,"g":0,"b":0,"pta":142.0,"ptb":142.0,"sat":0,"light":"blue","gain":"16x"}
22:59:50.250  {"type":"live","t":806567,"c":0,"r":0,"g":0,"b":0,"pta":142.0,"ptb":142.0,"sat":0,"light":"blue","gain":"16x"}
22:59:51.054  {"type":"live","t":806968,"c":0,"r":0,"g":0,"b":0,"pta":142.0,"ptb":142.0,"sat":0,"light":"blue","gain":"16x"}
22:59:51.055  {"type":"live","t":807369,"c":0,"r":0,"g":0,"b":0,"pta":142.0,"ptb":142.0,"sat":0,"light":"blue","gain":"16x"}
22:59:51.859  {"type":"live","t":807770,"c":0,"r":0,"g":0,"b":0,"pta":142.0,"ptb":142.0,"sat":0,"light":"blue","gain":"16x"}
22:59:51.860  {"type":"live","t":808171,"c":0,"r":0,"g":0,"b":0,"pta":142.0,"ptb":142.0,"sat":0,"light":"blue","gain":"16x"}
22:59:52.861  {"type":"live","t":808572,"c":0,"r":0,"g":0,"b":0,"pta":142.0,"ptb":142.0,"sat":0,"light":"blue","gain":"16x"}
22:59:52.862  {"type":"live","t":808973,"c":0,"r":0,"g":0,"b":0,"pta":142.0,"ptb":142.0,"sat":0,"light":"blue","gain":"16x"}
22:59:52.862  {"type":"live","t":809374,"c":0,"r":0,"g":0,"b":0,"pta":142.0,"ptb":142.0,"sat":0,"light":"blue","gain":"16x"}
22:59:53.858  {"type":"live","t":809775,"c":0,"r":0,"g":0,"b":0,"pta":142.0,"ptb":142.0,"sat":0,"light":"blue","gain":"16x"}
22:59:53.859  {"type":"live","t":810176,"c":0,"r":0,"g":0,"b":0,"pta":142.0,"ptb":142.0,"sat":0,"light":"blue","gain":"16x"}
22:59:54.663  {"type":"live","t":810577,"c":0,"r":0,"g":0,"b":0,"pta":142.0,"ptb":142.0,"sat":0,"light":"blue","gain":"16x"}
22:59:54.664  {"type":"live","t":810978,"c":0,"r":0,"g":0,"b":0,"pta":142.0,"ptb":142.0,"sat":0,"light":"blue","gain":"16x"}
22:59:55.468  {"type":"live","t":811379,"c":0,"r":0,"g":0,"b":0,"pta":142.0,"ptb":142.0,"sat":0,"light":"blue","gain":"16x"}
22:59:55.469  {"type":"live","t":811780,"c":0,"r":0,"g":0,"b":0,"pta":142.0,"ptb":142.0,"sat":0,"light":"blue","gain":"16x"}
22:59:56.472  {"type":"live","t":812181,"c":0,"r":0,"g":0,"b":0,"pta":142.0,"ptb":142.0,"sat":0,"light":"blue","gain":"16x"}
22:59:56.473  {"type":"live","t":812582,"c":0,"r":0,"g":0,"b":0,"pta":142.0,"ptb":142.0,"sat":0,"light":"blue","gain":"16x"}
22:59:56.473  {"type":"live","t":812983,"c":0,"r":0,"g":0,"b":0,"pta":142.0,"ptb":142.0,"sat":0,"light":"blue","gain":"16x"}
22:59:57.467  {"type":"live","t":813384,"c":0,"r":0,"g":0,"b":0,"pta":142.0,"ptb":142.0,"sat":0,"light":"blue","gain":"16x"}
22:59:57.468  {"type":"live","t":813785,"c":0,"r":0,"g":0,"b":0,"pta":142.0,"ptb":142.0,"sat":0,"light":"blue","gain":"16x"}
22:59:58.272  {"type":"live","t":814186,"c":0,"r":0,"g":0,"b":0,"pta":142.0,"ptb":142.0,"sat":0,"light":"blue","gain":"16x"}
22:59:58.273  {"type":"live","t":814587,"c":0,"r":0,"g":0,"b":0,"pta":142.0,"ptb":142.0,"sat":0,"light":"blue","gain":"16x"}
22:59:59.077  {"type":"live","t":814988,"c":0,"r":0,"g":0,"b":0,"pta":142.0,"ptb":142.0,"sat":0,"light":"blue","gain":"16x"}
22:59:59.078  {"type":"live","t":815389,"c":0,"r":0,"g":0,"b":0,"pta":142.0,"ptb":142.0,"sat":0,"light":"blue","gain":"16x"}
23:00:00.083  {"type":"live","t":815790,"c":0,"r":0,"g":0,"b":0,"pta":142.0,"ptb":142.0,"sat":0,"light":"blue","gain":"16x"}
23:00:00.084  {"type":"live","t":816191,"c":0,"r":0,"g":0,"b":0,"pta":142.0,"ptb":142.0,"sat":0,"light":"blue","gain":"16x"}
23:00:00.085  {"type":"live","t":816592,"c":0,"r":0,"g":0,"b":0,"pta":142.0,"ptb":142.0,"sat":0,"light":"blue","gain":"16x"}
23:00:01.076  {"type":"live","t":816993,"c":0,"r":0,"g":0,"b":0,"pta":142.0,"ptb":142.0,"sat":0,"light":"blue","gain":"16x"}
23:00:01.077  {"type":"live","t":817394,"c":0,"r":0,"g":0,"b":0,"pta":142.0,"ptb":142.0,"sat":0,"light":"blue","gain":"16x"}
23:00:01.881  {"type":"live","t":817795,"c":0,"r":0,"g":0,"b":0,"pta":142.0,"ptb":142.0,"sat":0,"light":"blue","gain":"16x"}
23:00:01.891  {"type":"live","t":818196,"c":0,"r":0,"g":0,"b":0,"pta":142.0,"ptb":142.0,"sat":0,"light":"blue","gain":"16x"}
23:00:02.686  {"type":"live","t":818597,"c":0,"r":0,"g":0,"b":0,"pta":142.0,"ptb":142.0,"sat":0,"light":"blue","gain":"16x"}
23:00:02.687  {"type":"live","t":818998,"c":0,"r":0,"g":0,"b":0,"pta":142.0,"ptb":142.0,"sat":0,"light":"blue","gain":"16x"}
23:00:03.689  {"type":"live","t":819399,"c":0,"r":0,"g":0,"b":0,"pta":142.0,"ptb":142.0,"sat":0,"light":"blue","gain":"16x"}
23:00:03.690  {"type":"live","t":819800,"c":0,"r":0,"g":0,"b":0,"pta":142.0,"ptb":142.0,"sat":0,"light":"blue","gain":"16x"}
23:00:03.690  {"type":"live","t":820201,"c":0,"r":0,"g":0,"b":0,"pta":142.0,"ptb":142.0,"sat":0,"light":"blue","gain":"16x"}
23:00:04.685  {"type":"live","t":820602,"c":0,"r":0,"g":0,"b":0,"pta":142.0,"ptb":142.0,"sat":0,"light":"blue","gain":"16x"}
23:00:04.686  {"type":"live","t":821003,"c":0,"r":0,"g":0,"b":0,"pta":142.0,"ptb":142.0,"sat":0,"light":"blue","gain":"16x"}
23:00:05.490  {"type":"live","t":821404,"c":0,"r":0,"g":0,"b":0,"pta":142.0,"ptb":142.0,"sat":0,"light":"blue","gain":"16x"}
23:00:05.491  {"type":"live","t":821805,"c":0,"r":0,"g":0,"b":0,"pta":142.0,"ptb":142.0,"sat":0,"light":"blue","gain":"16x"}
23:00:06.295  {"type":"live","t":822206,"c":0,"r":0,"g":0,"b":0,"pta":142.0,"ptb":142.0,"sat":0,"light":"blue","gain":"16x"}
23:00:06.296  {"type":"live","t":822607,"c":0,"r":0,"g":0,"b":0,"pta":142.0,"ptb":142.0,"sat":0,"light":"blue","gain":"16x"}
23:00:07.297  {"type":"live","t":823008,"c":0,"r":0,"g":0,"b":0,"pta":142.0,"ptb":142.0,"sat":0,"light":"blue","gain":"16x"}
23:00:07.297  {"type":"live","t":823409,"c":0,"r":0,"g":0,"b":0,"pta":142.0,"ptb":142.0,"sat":0,"light":"blue","gain":"16x"}
23:00:07.298  {"type":"live","t":823810,"c":0,"r":0,"g":0,"b":0,"pta":142.0,"ptb":142.0,"sat":0,"light":"blue","gain":"16x"}
23:00:08.294  {"type":"live","t":824211,"c":0,"r":0,"g":0,"b":0,"pta":142.0,"ptb":142.0,"sat":0,"light":"blue","gain":"16x"}
23:00:08.295  {"type":"live","t":824612,"c":0,"r":0,"g":0,"b":0,"pta":142.0,"ptb":142.0,"sat":0,"light":"blue","gain":"16x"}
23:00:09.099  {"type":"live","t":825013,"c":0,"r":0,"g":0,"b":0,"pta":142.0,"ptb":142.0,"sat":0,"light":"blue","gain":"16x"}
23:00:09.100  {"type":"live","t":825414,"c":0,"r":0,"g":0,"b":0,"pta":142.0,"ptb":142.0,"sat":0,"light":"blue","gain":"16x"}
23:00:09.904  {"type":"live","t":825815,"c":0,"r":0,"g":0,"b":0,"pta":142.0,"ptb":142.0,"sat":0,"light":"blue","gain":"16x"}
23:00:09.905  {"type":"live","t":826216,"c":0,"r":0,"g":0,"b":0,"pta":142.0,"ptb":142.0,"sat":0,"light":"blue","gain":"16x"}
23:00:10.916  {"type":"live","t":826617,"c":0,"r":0,"g":0,"b":0,"pta":142.0,"ptb":142.0,"sat":0,"light":"blue","gain":"16x"}
23:00:10.917  {"type":"live","t":827018,"c":0,"r":0,"g":0,"b":0,"pta":142.0,"ptb":142.0,"sat":0,"light":"blue","gain":"16x"}
23:00:10.917  {"type":"live","t":827419,"c":0,"r":0,"g":0,"b":0,"pta":142.0,"ptb":142.0,"sat":0,"light":"blue","gain":"16x"}
23:00:11.903  {"type":"live","t":827820,"c":0,"r":0,"g":0,"b":0,"pta":142.0,"ptb":142.0,"sat":0,"light":"blue","gain":"16x"}
23:00:11.904  {"type":"live","t":828221,"c":0,"r":0,"g":0,"b":0,"pta":142.0,"ptb":142.0,"sat":0,"light":"blue","gain":"16x"}
23:00:12.708  {"type":"live","t":828622,"c":0,"r":0,"g":0,"b":0,"pta":142.0,"ptb":142.0,"sat":0,"light":"blue","gain":"16x"}
23:00:12.709  {"type":"live","t":829023,"c":0,"r":0,"g":0,"b":0,"pta":142.0,"ptb":142.0,"sat":0,"light":"blue","gain":"16x"}
23:00:13.513  {"type":"live","t":829424,"c":0,"r":0,"g":0,"b":0,"pta":142.0,"ptb":142.0,"sat":0,"light":"blue","gain":"16x"}
23:00:13.514  {"type":"live","t":829825,"c":0,"r":0,"g":0,"b":0,"pta":142.0,"ptb":143.9,"sat":0,"light":"blue","gain":"16x"}
23:00:14.521  {"type":"live","t":830226,"c":0,"r":0,"g":0,"b":0,"pta":142.0,"ptb":142.0,"sat":0,"light":"blue","gain":"16x"}
23:00:14.522  {"type":"live","t":830627,"c":0,"r":0,"g":0,"b":0,"pta":142.0,"ptb":142.0,"sat":0,"light":"blue","gain":"16x"}
23:00:14.522  {"type":"live","t":831028,"c":0,"r":0,"g":0,"b":0,"pta":142.0,"ptb":142.0,"sat":0,"light":"blue","gain":"16x"}
23:00:15.512  {"type":"live","t":831429,"c":0,"r":0,"g":0,"b":0,"pta":142.0,"ptb":142.0,"sat":0,"light":"blue","gain":"16x"}
23:00:15.518  {"type":"live","t":831830,"c":0,"r":0,"g":0,"b":0,"pta":142.0,"ptb":142.0,"sat":0,"light":"blue","gain":"16x"}
23:00:16.317  {"type":"live","t":832231,"c":0,"r":0,"g":0,"b":0,"pta":142.0,"ptb":142.0,"sat":0,"light":"blue","gain":"16x"}
23:00:16.318  {"type":"live","t":832632,"c":0,"r":0,"g":0,"b":0,"pta":142.0,"ptb":142.0,"sat":0,"light":"blue","gain":"16x"}
23:00:17.122  {"type":"live","t":833033,"c":0,"r":0,"g":0,"b":0,"pta":142.0,"ptb":142.0,"sat":0,"light":"blue","gain":"16x"}
23:00:17.123  {"type":"live","t":833434,"c":0,"r":0,"g":0,"b":0,"pta":142.0,"ptb":142.0,"sat":0,"light":"blue","gain":"16x"}
23:00:18.128  {"type":"live","t":833835,"c":0,"r":0,"g":0,"b":0,"pta":142.0,"ptb":142.0,"sat":0,"light":"blue","gain":"16x"}
23:00:18.128  {"type":"live","t":834236,"c":0,"r":0,"g":0,"b":0,"pta":142.0,"ptb":142.0,"sat":0,"light":"blue","gain":"16x"}
23:00:18.128  {"type":"live","t":834637,"c":0,"r":0,"g":0,"b":0,"pta":142.0,"ptb":142.0,"sat":0,"light":"blue","gain":"16x"}
23:00:19.121  {"type":"live","t":835038,"c":0,"r":0,"g":0,"b":0,"pta":142.0,"ptb":142.0,"sat":0,"light":"blue","gain":"16x"}
23:00:19.122  {"type":"live","t":835439,"c":0,"r":0,"g":0,"b":0,"pta":142.0,"ptb":142.0,"sat":0,"light":"blue","gain":"16x"}
23:00:19.926  {"type":"live","t":835840,"c":0,"r":0,"g":0,"b":0,"pta":142.0,"ptb":142.0,"sat":0,"light":"blue","gain":"16x"}
23:00:19.927  {"type":"live","t":836241,"c":0,"r":0,"g":0,"b":0,"pta":142.0,"ptb":142.0,"sat":0,"light":"blue","gain":"16x"}
23:00:20.731  {"type":"live","t":836642,"c":0,"r":0,"g":0,"b":0,"pta":142.0,"ptb":142.0,"sat":0,"light":"blue","gain":"16x"}
23:00:20.732  {"type":"live","t":837043,"c":0,"r":0,"g":0,"b":0,"pta":142.0,"ptb":142.0,"sat":0,"light":"blue","gain":"16x"}
23:00:21.744  {"type":"live","t":837444,"c":0,"r":0,"g":0,"b":0,"pta":142.0,"ptb":142.0,"sat":0,"light":"blue","gain":"16x"}
23:00:21.745  {"type":"live","t":837845,"c":0,"r":0,"g":0,"b":0,"pta":142.0,"ptb":142.0,"sat":0,"light":"blue","gain":"16x"}
23:00:21.745  {"type":"live","t":838246,"c":0,"r":0,"g":0,"b":0,"pta":142.0,"ptb":142.0,"sat":0,"light":"blue","gain":"16x"}
23:00:22.730  {"type":"live","t":838647,"c":0,"r":0,"g":0,"b":0,"pta":142.0,"ptb":142.0,"sat":0,"light":"blue","gain":"16x"}
23:00:22.731  {"type":"live","t":839048,"c":0,"r":0,"g":0,"b":0,"pta":142.0,"ptb":142.0,"sat":0,"light":"blue","gain":"16x"}
23:00:23.535  {"type":"live","t":839449,"c":0,"r":0,"g":0,"b":0,"pta":142.0,"ptb":142.0,"sat":0,"light":"blue","gain":"16x"}
23:00:23.536  {"type":"live","t":839850,"c":0,"r":0,"g":0,"b":0,"pta":142.0,"ptb":142.0,"sat":0,"light":"blue","gain":"16x"}
23:00:24.340  {"type":"live","t":840251,"c":0,"r":0,"g":0,"b":0,"pta":142.0,"ptb":142.0,"sat":0,"light":"blue","gain":"16x"}
23:00:24.341  {"type":"live","t":840652,"c":0,"r":0,"g":0,"b":0,"pta":142.0,"ptb":142.0,"sat":0,"light":"blue","gain":"16x"}
23:00:25.353  {"type":"live","t":841053,"c":0,"r":0,"g":0,"b":0,"pta":142.0,"ptb":142.0,"sat":0,"light":"blue","gain":"16x"}
23:00:25.354  {"type":"live","t":841454,"c":0,"r":0,"g":0,"b":0,"pta":142.0,"ptb":142.0,"sat":0,"light":"blue","gain":"16x"}
23:00:25.354  {"type":"live","t":841855,"c":0,"r":0,"g":0,"b":0,"pta":142.0,"ptb":142.0,"sat":0,"light":"blue","gain":"16x"}
23:00:26.339  {"type":"live","t":842256,"c":0,"r":0,"g":0,"b":0,"pta":142.0,"ptb":142.0,"sat":0,"light":"blue","gain":"16x"}
23:00:26.340  {"type":"live","t":842657,"c":0,"r":0,"g":0,"b":0,"pta":142.0,"ptb":142.0,"sat":0,"light":"blue","gain":"16x"}
23:00:27.145  {"type":"live","t":843058,"c":0,"r":0,"g":0,"b":0,"pta":142.0,"ptb":142.0,"sat":0,"light":"blue","gain":"16x"}
23:00:27.145  {"type":"live","t":843459,"c":0,"r":0,"g":0,"b":0,"pta":142.0,"ptb":142.0,"sat":0,"light":"blue","gain":"16x"}
23:00:27.949  {"type":"live","t":843860,"c":0,"r":0,"g":0,"b":0,"pta":142.0,"ptb":142.0,"sat":0,"light":"blue","gain":"16x"}
23:00:27.950  {"type":"live","t":844261,"c":0,"r":0,"g":0,"b":0,"pta":142.0,"ptb":142.0,"sat":0,"light":"blue","gain":"16x"}
23:00:28.961  {"type":"live","t":844662,"c":0,"r":0,"g":0,"b":0,"pta":142.0,"ptb":142.0,"sat":0,"light":"blue","gain":"16x"}
23:00:28.962  {"type":"live","t":845063,"c":0,"r":0,"g":0,"b":0,"pta":142.0,"ptb":142.0,"sat":0,"light":"blue","gain":"16x"}
23:00:28.962  {"type":"live","t":845464,"c":0,"r":0,"g":0,"b":0,"pta":142.0,"ptb":142.0,"sat":0,"light":"blue","gain":"16x"}
23:00:29.948  {"type":"live","t":845865,"c":0,"r":0,"g":0,"b":0,"pta":142.0,"ptb":142.0,"sat":0,"light":"blue","gain":"16x"}
23:00:29.949  {"type":"live","t":846266,"c":0,"r":0,"g":0,"b":0,"pta":142.0,"ptb":142.0,"sat":0,"light":"blue","gain":"16x"}
23:00:30.753  {"type":"live","t":846667,"c":0,"r":0,"g":0,"b":0,"pta":142.0,"ptb":142.0,"sat":0,"light":"blue","gain":"16x"}
23:00:30.754  {"type":"live","t":847068,"c":0,"r":0,"g":0,"b":0,"pta":142.0,"ptb":142.0,"sat":0,"light":"blue","gain":"16x"}
23:00:31.558  {"type":"live","t":847469,"c":0,"r":0,"g":0,"b":0,"pta":142.0,"ptb":142.0,"sat":0,"light":"blue","gain":"16x"}
23:00:31.559  {"type":"live","t":847870,"c":0,"r":0,"g":0,"b":0,"pta":142.0,"ptb":142.0,"sat":0,"light":"blue","gain":"16x"}
23:00:32.562  {"type":"live","t":848271,"c":0,"r":0,"g":0,"b":0,"pta":142.0,"ptb":142.0,"sat":0,"light":"blue","gain":"16x"}
23:00:32.563  {"type":"live","t":848672,"c":0,"r":0,"g":0,"b":0,"pta":142.0,"ptb":142.0,"sat":0,"light":"blue","gain":"16x"}
23:00:32.563  {"type":"live","t":849073,"c":0,"r":0,"g":0,"b":0,"pta":142.0,"ptb":142.0,"sat":0,"light":"blue","gain":"16x"}
23:00:33.557  {"type":"live","t":849474,"c":0,"r":0,"g":0,"b":0,"pta":142.0,"ptb":142.0,"sat":0,"light":"blue","gain":"16x"}
23:00:33.558  {"type":"live","t":849875,"c":0,"r":0,"g":0,"b":0,"pta":142.0,"ptb":142.0,"sat":0,"light":"blue","gain":"16x"}
23:00:34.363  {"type":"live","t":850276,"c":0,"r":0,"g":0,"b":0,"pta":142.0,"ptb":142.0,"sat":0,"light":"blue","gain":"16x"}
23:00:34.363  {"type":"live","t":850677,"c":0,"r":0,"g":0,"b":0,"pta":142.0,"ptb":142.0,"sat":0,"light":"blue","gain":"16x"}
23:00:35.168  {"type":"live","t":851078,"c":0,"r":0,"g":0,"b":0,"pta":142.0,"ptb":142.0,"sat":0,"light":"blue","gain":"16x"}
23:00:35.168  {"type":"live","t":851479,"c":0,"r":0,"g":0,"b":0,"pta":142.0,"ptb":142.0,"sat":0,"light":"blue","gain":"16x"}
23:00:36.169  {"type":"live","t":851880,"c":0,"r":0,"g":0,"b":0,"pta":142.0,"ptb":142.0,"sat":0,"light":"blue","gain":"16x"}
23:00:36.170  {"type":"live","t":852281,"c":0,"r":0,"g":0,"b":0,"pta":142.0,"ptb":142.0,"sat":0,"light":"blue","gain":"16x"}
23:00:36.170  {"type":"live","t":852682,"c":0,"r":0,"g":0,"b":0,"pta":142.0,"ptb":142.0,"sat":0,"light":"blue","gain":"16x"}
23:00:37.166  {"type":"live","t":853083,"c":0,"r":0,"g":0,"b":0,"pta":142.0,"ptb":142.0,"sat":0,"light":"blue","gain":"16x"}
23:00:37.167  {"type":"live","t":853484,"c":0,"r":0,"g":0,"b":0,"pta":142.0,"ptb":142.0,"sat":0,"light":"blue","gain":"16x"}
23:00:37.971  {"type":"live","t":853885,"c":0,"r":0,"g":0,"b":0,"pta":142.0,"ptb":142.0,"sat":0,"light":"blue","gain":"16x"}
23:00:37.972  {"type":"live","t":854286,"c":0,"r":0,"g":0,"b":0,"pta":142.0,"ptb":142.0,"sat":0,"light":"blue","gain":"16x"}
23:00:38.776  {"type":"live","t":854687,"c":0,"r":0,"g":0,"b":0,"pta":142.0,"ptb":142.0,"sat":0,"light":"blue","gain":"16x"}
23:00:38.777  {"type":"live","t":855088,"c":0,"r":0,"g":0,"b":0,"pta":142.0,"ptb":142.0,"sat":0,"light":"blue","gain":"16x"}
23:00:39.793  {"type":"live","t":855489,"c":0,"r":0,"g":0,"b":0,"pta":142.0,"ptb":142.0,"sat":0,"light":"blue","gain":"16x"}
23:00:39.794  {"type":"live","t":855890,"c":0,"r":0,"g":0,"b":0,"pta":142.0,"ptb":142.0,"sat":0,"light":"blue","gain":"16x"}
23:00:39.794  {"type":"live","t":856291,"c":0,"r":0,"g":0,"b":0,"pta":142.0,"ptb":142.0,"sat":0,"light":"blue","gain":"16x"}
23:00:40.775  {"type":"live","t":856692,"c":0,"r":0,"g":0,"b":0,"pta":142.0,"ptb":142.0,"sat":0,"light":"blue","gain":"16x"}
23:00:40.776  {"type":"live","t":857093,"c":0,"r":0,"g":0,"b":0,"pta":142.0,"ptb":142.0,"sat":0,"light":"blue","gain":"16x"}
23:00:41.580  {"type":"live","t":857494,"c":0,"r":0,"g":0,"b":0,"pta":142.0,"ptb":142.0,"sat":0,"light":"blue","gain":"16x"}
23:00:41.581  {"type":"live","t":857895,"c":0,"r":0,"g":0,"b":0,"pta":142.0,"ptb":142.0,"sat":0,"light":"blue","gain":"16x"}
23:00:42.385  {"type":"live","t":858296,"c":0,"r":0,"g":0,"b":0,"pta":142.0,"ptb":142.0,"sat":0,"light":"blue","gain":"16x"}
23:00:42.385  {"type":"live","t":858697,"c":0,"r":0,"g":0,"b":0,"pta":142.0,"ptb":142.0,"sat":0,"light":"blue","gain":"16x"}
23:00:43.396  {"type":"live","t":859098,"c":0,"r":0,"g":0,"b":0,"pta":142.0,"ptb":142.0,"sat":0,"light":"blue","gain":"16x"}
23:00:43.397  {"type":"live","t":859499,"c":0,"r":0,"g":0,"b":0,"pta":142.0,"ptb":142.0,"sat":0,"light":"blue","gain":"16x"}
23:00:43.397  {"type":"live","t":859900,"c":0,"r":0,"g":0,"b":0,"pta":142.0,"ptb":142.0,"sat":0,"light":"blue","gain":"16x"}
23:00:44.384  {"type":"live","t":860301,"c":0,"r":0,"g":0,"b":0,"pta":142.0,"ptb":142.0,"sat":0,"light":"blue","gain":"16x"}
23:00:44.385  {"type":"live","t":860702,"c":0,"r":0,"g":0,"b":0,"pta":142.0,"ptb":142.0,"sat":0,"light":"blue","gain":"16x"}
23:00:45.188  {"type":"live","t":861103,"c":0,"r":0,"g":0,"b":0,"pta":142.0,"ptb":142.0,"sat":0,"light":"blue","gain":"16x"}
23:00:45.189  {"type":"live","t":861504,"c":0,"r":0,"g":0,"b":0,"pta":142.0,"ptb":142.0,"sat":0,"light":"blue","gain":"16x"}
23:00:45.993  {"type":"live","t":861905,"c":0,"r":0,"g":0,"b":0,"pta":142.0,"ptb":142.0,"sat":0,"light":"blue","gain":"16x"}
23:00:45.994  {"type":"live","t":862306,"c":0,"r":0,"g":0,"b":0,"pta":142.0,"ptb":142.0,"sat":0,"light":"blue","gain":"16x"}
23:00:47.009  {"type":"live","t":862707,"c":0,"r":0,"g":0,"b":0,"pta":142.0,"ptb":142.0,"sat":0,"light":"blue","gain":"16x"}
23:00:47.010  {"type":"live","t":863108,"c":0,"r":0,"g":0,"b":0,"pta":142.0,"ptb":142.0,"sat":0,"light":"blue","gain":"16x"}
23:00:47.010  {"type":"live","t":863509,"c":0,"r":0,"g":0,"b":0,"pta":142.0,"ptb":142.0,"sat":0,"light":"blue","gain":"16x"}
23:00:47.992  {"type":"live","t":863910,"c":0,"r":0,"g":0,"b":0,"pta":142.0,"ptb":142.0,"sat":0,"light":"blue","gain":"16x"}
23:00:47.993  {"type":"live","t":864311,"c":0,"r":0,"g":0,"b":0,"pta":142.0,"ptb":142.0,"sat":0,"light":"blue","gain":"16x"}
23:00:48.797  {"type":"live","t":864712,"c":0,"r":0,"g":0,"b":0,"pta":142.0,"ptb":142.0,"sat":0,"light":"blue","gain":"16x"}
23:00:48.798  {"type":"live","t":865113,"c":0,"r":0,"g":0,"b":0,"pta":142.0,"ptb":142.0,"sat":0,"light":"blue","gain":"16x"}
23:00:49.602  {"type":"live","t":865514,"c":0,"r":0,"g":0,"b":0,"pta":142.0,"ptb":142.0,"sat":0,"light":"blue","gain":"16x"}
23:00:49.603  {"type":"live","t":865915,"c":0,"r":0,"g":0,"b":0,"pta":142.0,"ptb":142.0,"sat":0,"light":"blue","gain":"16x"}
23:00:50.609  {"type":"live","t":866316,"c":0,"r":0,"g":0,"b":0,"pta":142.0,"ptb":142.0,"sat":0,"light":"blue","gain":"16x"}
23:00:50.610  {"type":"live","t":866717,"c":0,"r":0,"g":0,"b":0,"pta":142.0,"ptb":142.0,"sat":0,"light":"blue","gain":"16x"}
23:00:50.610  {"type":"live","t":867118,"c":0,"r":0,"g":0,"b":0,"pta":142.0,"ptb":142.0,"sat":0,"light":"blue","gain":"16x"}
23:00:51.601  {"type":"live","t":867519,"c":0,"r":0,"g":0,"b":0,"pta":142.0,"ptb":142.0,"sat":0,"light":"blue","gain":"16x"}
23:00:51.602  {"type":"live","t":867920,"c":0,"r":0,"g":0,"b":0,"pta":142.0,"ptb":142.0,"sat":0,"light":"blue","gain":"16x"}
23:00:52.406  {"type":"live","t":868321,"c":0,"r":0,"g":0,"b":0,"pta":142.0,"ptb":142.0,"sat":0,"light":"blue","gain":"16x"}
23:00:52.407  {"type":"live","t":868722,"c":0,"r":0,"g":0,"b":0,"pta":142.0,"ptb":142.0,"sat":0,"light":"blue","gain":"16x"}
23:00:53.211  {"type":"live","t":869123,"c":0,"r":0,"g":0,"b":0,"pta":142.0,"ptb":142.0,"sat":0,"light":"blue","gain":"16x"}
23:00:53.212  {"type":"live","t":869524,"c":0,"r":0,"g":0,"b":0,"pta":142.0,"ptb":142.0,"sat":0,"light":"blue","gain":"16x"}
23:00:54.221  {"type":"live","t":869925,"c":0,"r":0,"g":0,"b":0,"pta":142.0,"ptb":142.0,"sat":0,"light":"blue","gain":"16x"}
23:00:54.222  {"type":"live","t":870326,"c":0,"r":0,"g":0,"b":0,"pta":142.0,"ptb":142.0,"sat":0,"light":"blue","gain":"16x"}
23:00:54.222  {"type":"live","t":870727,"c":0,"r":0,"g":0,"b":0,"pta":142.0,"ptb":142.0,"sat":0,"light":"blue","gain":"16x"}
23:00:55.210  {"type":"live","t":871128,"c":0,"r":0,"g":0,"b":0,"pta":142.0,"ptb":142.0,"sat":0,"light":"blue","gain":"16x"}
23:00:55.211  {"type":"live","t":871529,"c":0,"r":0,"g":0,"b":0,"pta":142.0,"ptb":142.0,"sat":0,"light":"blue","gain":"16x"}
23:00:56.015  {"type":"live","t":871930,"c":0,"r":0,"g":0,"b":0,"pta":142.0,"ptb":142.0,"sat":0,"light":"blue","gain":"16x"}
23:00:56.016  {"type":"live","t":872331,"c":0,"r":0,"g":0,"b":0,"pta":142.0,"ptb":142.0,"sat":0,"light":"blue","gain":"16x"}
23:00:56.820  {"type":"live","t":872732,"c":0,"r":0,"g":0,"b":0,"pta":142.0,"ptb":142.0,"sat":0,"light":"blue","gain":"16x"}
23:00:56.821  {"type":"live","t":873133,"c":0,"r":0,"g":0,"b":0,"pta":142.0,"ptb":142.0,"sat":0,"light":"blue","gain":"16x"}
23:00:57.822  {"type":"live","t":873534,"c":0,"r":0,"g":0,"b":0,"pta":142.0,"ptb":142.0,"sat":0,"light":"blue","gain":"16x"}
23:00:57.823  {"type":"live","t":873935,"c":0,"r":0,"g":0,"b":0,"pta":142.0,"ptb":142.0,"sat":0,"light":"blue","gain":"16x"}
23:00:57.824  {"type":"live","t":874336,"c":0,"r":0,"g":0,"b":0,"pta":142.0,"ptb":142.0,"sat":0,"light":"blue","gain":"16x"}
23:00:58.819  {"type":"live","t":874737,"c":0,"r":0,"g":0,"b":0,"pta":142.0,"ptb":142.0,"sat":0,"light":"blue","gain":"16x"}
23:00:58.820  {"type":"live","t":875138,"c":0,"r":0,"g":0,"b":0,"pta":142.0,"ptb":142.0,"sat":0,"light":"blue","gain":"16x"}
23:00:59.624  {"type":"live","t":875539,"c":0,"r":0,"g":0,"b":0,"pta":142.0,"ptb":142.0,"sat":0,"light":"blue","gain":"16x"}
23:00:59.625  {"type":"live","t":875940,"c":0,"r":0,"g":0,"b":0,"pta":142.0,"ptb":142.0,"sat":0,"light":"blue","gain":"16x"}
23:01:00.429  {"type":"live","t":876341,"c":0,"r":0,"g":0,"b":0,"pta":142.0,"ptb":142.0,"sat":0,"light":"blue","gain":"16x"}
23:01:00.430  {"type":"live","t":876742,"c":0,"r":0,"g":0,"b":0,"pta":142.0,"ptb":142.0,"sat":0,"light":"blue","gain":"16x"}
23:01:01.437  {"type":"live","t":877143,"c":0,"r":0,"g":0,"b":0,"pta":142.0,"ptb":142.0,"sat":0,"light":"blue","gain":"16x"}
23:01:01.437  {"type":"live","t":877544,"c":0,"r":0,"g":0,"b":0,"pta":142.0,"ptb":142.0,"sat":0,"light":"blue","gain":"16x"}
23:01:01.437  {"type":"live","t":877945,"c":0,"r":0,"g":0,"b":0,"pta":142.0,"ptb":142.0,"sat":0,"light":"blue","gain":"16x"}
23:01:02.428  {"type":"live","t":878346,"c":0,"r":0,"g":0,"b":0,"pta":142.0,"ptb":142.0,"sat":0,"light":"blue","gain":"16x"}
23:01:02.429  {"type":"live","t":878747,"c":0,"r":0,"g":0,"b":0,"pta":142.0,"ptb":142.0,"sat":0,"light":"blue","gain":"16x"}
23:01:03.233  {"type":"live","t":879148,"c":0,"r":0,"g":0,"b":0,"pta":142.0,"ptb":142.0,"sat":0,"light":"blue","gain":"16x"}
23:01:03.234  {"type":"live","t":879549,"c":0,"r":0,"g":0,"b":0,"pta":142.0,"ptb":142.0,"sat":0,"light":"blue","gain":"16x"}
23:01:04.038  {"type":"live","t":879950,"c":0,"r":0,"g":0,"b":0,"pta":142.0,"ptb":142.0,"sat":0,"light":"blue","gain":"16x"}
23:01:04.039  {"type":"live","t":880351,"c":0,"r":0,"g":0,"b":0,"pta":142.0,"ptb":142.0,"sat":0,"light":"blue","gain":"16x"}
23:01:05.046  {"type":"live","t":880752,"c":0,"r":0,"g":0,"b":0,"pta":142.0,"ptb":142.0,"sat":0,"light":"blue","gain":"16x"}
23:01:05.047  {"type":"live","t":881153,"c":0,"r":0,"g":0,"b":0,"pta":142.0,"ptb":142.0,"sat":0,"light":"blue","gain":"16x"}
23:01:05.047  {"type":"live","t":881554,"c":0,"r":0,"g":0,"b":0,"pta":142.0,"ptb":142.0,"sat":0,"light":"blue","gain":"16x"}
23:01:06.037  {"type":"live","t":881955,"c":0,"r":0,"g":0,"b":0,"pta":142.0,"ptb":142.0,"sat":0,"light":"blue","gain":"16x"}
23:01:06.038  {"type":"live","t":882356,"c":0,"r":0,"g":0,"b":0,"pta":142.0,"ptb":142.0,"sat":0,"light":"blue","gain":"16x"}
23:01:06.842  {"type":"live","t":882757,"c":0,"r":0,"g":0,"b":0,"pta":142.0,"ptb":142.0,"sat":0,"light":"blue","gain":"16x"}
23:01:06.843  {"type":"live","t":883158,"c":0,"r":0,"g":0,"b":0,"pta":142.0,"ptb":142.0,"sat":0,"light":"blue","gain":"16x"}
23:01:07.647  {"type":"live","t":883559,"c":0,"r":0,"g":0,"b":0,"pta":142.0,"ptb":142.0,"sat":0,"light":"blue","gain":"16x"}
23:01:07.648  {"type":"live","t":883960,"c":0,"r":0,"g":0,"b":0,"pta":142.0,"ptb":142.0,"sat":0,"light":"blue","gain":"16x"}
23:01:08.658  {"type":"live","t":884361,"c":0,"r":0,"g":0,"b":0,"pta":142.0,"ptb":142.0,"sat":0,"light":"blue","gain":"16x"}
23:01:08.659  {"type":"live","t":884762,"c":0,"r":0,"g":0,"b":0,"pta":142.0,"ptb":142.0,"sat":0,"light":"blue","gain":"16x"}
23:01:08.659  {"type":"live","t":885163,"c":0,"r":0,"g":0,"b":0,"pta":142.0,"ptb":142.0,"sat":0,"light":"blue","gain":"16x"}
23:01:09.646  {"type":"live","t":885564,"c":0,"r":0,"g":0,"b":0,"pta":142.0,"ptb":142.0,"sat":0,"light":"blue","gain":"16x"}
23:01:09.647  {"type":"live","t":885965,"c":0,"r":0,"g":0,"b":0,"pta":142.0,"ptb":142.0,"sat":0,"light":"blue","gain":"16x"}
23:01:10.451  {"type":"live","t":886366,"c":0,"r":0,"g":0,"b":0,"pta":142.0,"ptb":142.0,"sat":0,"light":"blue","gain":"16x"}
23:01:10.452  {"type":"live","t":886767,"c":0,"r":0,"g":0,"b":0,"pta":142.0,"ptb":142.0,"sat":0,"light":"blue","gain":"16x"}
23:01:11.257  {"type":"live","t":887168,"c":0,"r":0,"g":0,"b":0,"pta":142.0,"ptb":142.0,"sat":0,"light":"blue","gain":"16x"}
23:01:11.257  {"type":"live","t":887569,"c":0,"r":0,"g":0,"b":0,"pta":142.0,"ptb":142.0,"sat":0,"light":"blue","gain":"16x"}
23:01:12.271  {"type":"live","t":887970,"c":0,"r":0,"g":0,"b":0,"pta":142.0,"ptb":142.0,"sat":0,"light":"blue","gain":"16x"}
23:01:12.272  {"type":"live","t":888371,"c":0,"r":0,"g":0,"b":0,"pta":142.0,"ptb":142.0,"sat":0,"light":"blue","gain":"16x"}
23:01:12.272  {"type":"live","t":888772,"c":0,"r":0,"g":0,"b":0,"pta":142.0,"ptb":142.0,"sat":0,"light":"blue","gain":"16x"}
23:01:13.255  {"type":"live","t":889173,"c":0,"r":0,"g":0,"b":0,"pta":142.0,"ptb":142.0,"sat":0,"light":"blue","gain":"16x"}
23:01:13.256  {"type":"live","t":889574,"c":0,"r":0,"g":0,"b":0,"pta":142.0,"ptb":142.0,"sat":0,"light":"blue","gain":"16x"}
23:01:14.060  {"type":"live","t":889975,"c":0,"r":0,"g":0,"b":0,"pta":142.0,"ptb":142.0,"sat":0,"light":"blue","gain":"16x"}
23:01:14.061  {"type":"live","t":890376,"c":0,"r":0,"g":0,"b":0,"pta":142.0,"ptb":142.0,"sat":0,"light":"blue","gain":"16x"}
23:01:14.865  {"type":"live","t":890777,"c":0,"r":0,"g":0,"b":0,"pta":142.0,"ptb":142.0,"sat":0,"light":"blue","gain":"16x"}
23:01:14.866  {"type":"live","t":891178,"c":0,"r":0,"g":0,"b":0,"pta":142.0,"ptb":142.0,"sat":0,"light":"blue","gain":"16x"}
23:01:15.874  {"type":"live","t":891579,"c":0,"r":0,"g":0,"b":0,"pta":142.0,"ptb":142.0,"sat":0,"light":"blue","gain":"16x"}
23:01:15.874  {"type":"live","t":891980,"c":0,"r":0,"g":0,"b":0,"pta":142.0,"ptb":142.0,"sat":0,"light":"blue","gain":"16x"}
23:01:15.874  {"type":"live","t":892381,"c":0,"r":0,"g":0,"b":0,"pta":142.0,"ptb":142.0,"sat":0,"light":"blue","gain":"16x"}
23:01:16.864  {"type":"live","t":892782,"c":0,"r":0,"g":0,"b":0,"pta":142.0,"ptb":142.0,"sat":0,"light":"blue","gain":"16x"}
23:01:16.865  {"type":"live","t":893183,"c":0,"r":0,"g":0,"b":0,"pta":142.0,"ptb":142.0,"sat":0,"light":"blue","gain":"16x"}
23:01:17.669  {"type":"live","t":893584,"c":0,"r":0,"g":0,"b":0,"pta":142.0,"ptb":142.0,"sat":0,"light":"blue","gain":"16x"}
23:01:17.670  {"type":"live","t":893985,"c":0,"r":0,"g":0,"b":0,"pta":142.0,"ptb":142.0,"sat":0,"light":"blue","gain":"16x"}
23:01:18.474  {"type":"live","t":894386,"c":0,"r":0,"g":0,"b":0,"pta":142.0,"ptb":142.0,"sat":0,"light":"blue","gain":"16x"}
23:01:18.475  {"type":"live","t":894787,"c":0,"r":0,"g":0,"b":0,"pta":142.0,"ptb":142.0,"sat":0,"light":"blue","gain":"16x"}
23:01:19.479  {"type":"live","t":895188,"c":0,"r":0,"g":0,"b":0,"pta":142.0,"ptb":142.0,"sat":0,"light":"blue","gain":"16x"}
23:01:19.480  {"type":"live","t":895589,"c":0,"r":0,"g":0,"b":0,"pta":142.0,"ptb":142.0,"sat":0,"light":"blue","gain":"16x"}
23:01:19.481  {"type":"live","t":895990,"c":0,"r":0,"g":0,"b":0,"pta":142.0,"ptb":142.0,"sat":0,"light":"blue","gain":"16x"}
23:01:20.473  {"type":"live","t":896391,"c":0,"r":0,"g":0,"b":0,"pta":142.0,"ptb":142.0,"sat":0,"light":"blue","gain":"16x"}
23:01:20.474  {"type":"live","t":896792,"c":0,"r":0,"g":0,"b":0,"pta":142.0,"ptb":142.0,"sat":0,"light":"blue","gain":"16x"}
23:01:21.278  {"type":"live","t":897193,"c":0,"r":0,"g":0,"b":0,"pta":142.0,"ptb":142.0,"sat":0,"light":"blue","gain":"16x"}
23:01:21.279  {"type":"live","t":897594,"c":0,"r":0,"g":0,"b":0,"pta":142.0,"ptb":142.0,"sat":0,"light":"blue","gain":"16x"}
23:01:22.083  {"type":"live","t":897995,"c":0,"r":0,"g":0,"b":0,"pta":142.0,"ptb":142.0,"sat":0,"light":"blue","gain":"16x"}
23:01:22.084  {"type":"live","t":898396,"c":0,"r":0,"g":0,"b":0,"pta":142.0,"ptb":142.0,"sat":0,"light":"blue","gain":"16x"}
23:01:23.097  {"type":"live","t":898797,"c":0,"r":0,"g":0,"b":0,"pta":142.0,"ptb":142.0,"sat":0,"light":"blue","gain":"16x"}
23:01:23.097  {"type":"live","t":899198,"c":0,"r":0,"g":0,"b":0,"pta":142.0,"ptb":142.0,"sat":0,"light":"blue","gain":"16x"}
23:01:23.097  {"type":"live","t":899599,"c":0,"r":0,"g":0,"b":0,"pta":142.0,"ptb":142.0,"sat":0,"light":"blue","gain":"16x"}
23:01:24.082  {"type":"live","t":900000,"c":0,"r":0,"g":0,"b":0,"pta":142.0,"ptb":142.0,"sat":0,"light":"blue","gain":"16x"}
23:01:24.083  {"type":"live","t":900401,"c":0,"r":0,"g":0,"b":0,"pta":142.0,"ptb":142.0,"sat":0,"light":"blue","gain":"16x"}
23:01:24.887  {"type":"live","t":900802,"c":0,"r":0,"g":0,"b":0,"pta":142.0,"ptb":142.0,"sat":0,"light":"blue","gain":"16x"}
23:01:24.888  {"type":"live","t":901203,"c":0,"r":0,"g":0,"b":0,"pta":142.0,"ptb":142.0,"sat":0,"light":"blue","gain":"16x"}
23:01:25.692  {"type":"live","t":901604,"c":0,"r":0,"g":0,"b":0,"pta":142.0,"ptb":142.0,"sat":0,"light":"blue","gain":"16x"}
23:01:25.693  {"type":"live","t":902005,"c":0,"r":0,"g":0,"b":0,"pta":142.0,"ptb":142.0,"sat":0,"light":"blue","gain":"16x"}
23:01:26.701  {"type":"live","t":902406,"c":0,"r":0,"g":0,"b":0,"pta":142.0,"ptb":142.0,"sat":0,"light":"blue","gain":"16x"}
23:01:26.702  {"type":"live","t":902807,"c":0,"r":0,"g":0,"b":0,"pta":142.0,"ptb":142.0,"sat":0,"light":"blue","gain":"16x"}
23:01:26.702  {"type":"live","t":903208,"c":0,"r":0,"g":0,"b":0,"pta":142.0,"ptb":142.0,"sat":0,"light":"blue","gain":"16x"}
23:01:27.691  {"type":"live","t":903609,"c":0,"r":0,"g":0,"b":0,"pta":142.0,"ptb":142.0,"sat":0,"light":"blue","gain":"16x"}
23:01:27.692  {"type":"live","t":904010,"c":0,"r":0,"g":0,"b":0,"pta":142.0,"ptb":142.0,"sat":0,"light":"blue","gain":"16x"}
23:01:28.497  {"type":"live","t":904411,"c":0,"r":0,"g":0,"b":0,"pta":142.0,"ptb":142.0,"sat":0,"light":"blue","gain":"16x"}
23:01:28.497  {"type":"live","t":904812,"c":0,"r":0,"g":0,"b":0,"pta":142.0,"ptb":142.0,"sat":0,"light":"blue","gain":"16x"}
23:01:29.301  {"type":"live","t":905213,"c":0,"r":0,"g":0,"b":0,"pta":142.0,"ptb":142.0,"sat":0,"light":"blue","gain":"16x"}
23:01:29.302  {"type":"live","t":905614,"c":0,"r":0,"g":0,"b":0,"pta":142.0,"ptb":142.0,"sat":0,"light":"blue","gain":"16x"}
23:01:30.315  {"type":"live","t":906015,"c":0,"r":0,"g":0,"b":0,"pta":142.0,"ptb":142.0,"sat":0,"light":"blue","gain":"16x"}
23:01:30.315  {"type":"live","t":906416,"c":0,"r":0,"g":0,"b":0,"pta":142.0,"ptb":142.0,"sat":0,"light":"blue","gain":"16x"}
23:01:30.316  {"type":"live","t":906817,"c":0,"r":0,"g":0,"b":0,"pta":142.0,"ptb":142.0,"sat":0,"light":"blue","gain":"16x"}
23:01:31.300  {"type":"live","t":907218,"c":0,"r":0,"g":0,"b":0,"pta":142.0,"ptb":142.0,"sat":0,"light":"blue","gain":"16x"}
23:01:31.301  {"type":"live","t":907619,"c":0,"r":0,"g":0,"b":0,"pta":142.0,"ptb":142.0,"sat":0,"light":"blue","gain":"16x"}
23:01:32.105  {"type":"live","t":908020,"c":0,"r":0,"g":0,"b":0,"pta":142.0,"ptb":142.0,"sat":0,"light":"blue","gain":"16x"}
23:01:32.106  {"type":"live","t":908421,"c":0,"r":0,"g":0,"b":0,"pta":142.0,"ptb":142.0,"sat":0,"light":"blue","gain":"16x"}
23:01:32.910  {"type":"live","t":908822,"c":0,"r":0,"g":0,"b":0,"pta":142.0,"ptb":142.0,"sat":0,"light":"blue","gain":"16x"}
23:01:32.911  {"type":"live","t":909223,"c":0,"r":0,"g":0,"b":0,"pta":142.0,"ptb":142.0,"sat":0,"light":"blue","gain":"16x"}
23:01:33.925  {"type":"live","t":909624,"c":0,"r":0,"g":0,"b":0,"pta":142.0,"ptb":142.0,"sat":0,"light":"blue","gain":"16x"}
23:01:33.925  {"type":"live","t":910025,"c":0,"r":0,"g":0,"b":0,"pta":142.0,"ptb":142.0,"sat":0,"light":"blue","gain":"16x"}
23:01:33.926  {"type":"live","t":910426,"c":0,"r":0,"g":0,"b":0,"pta":142.0,"ptb":142.0,"sat":0,"light":"blue","gain":"16x"}
23:01:34.909  {"type":"live","t":910827,"c":0,"r":0,"g":0,"b":0,"pta":142.0,"ptb":142.0,"sat":0,"light":"blue","gain":"16x"}
23:01:34.910  {"type":"live","t":911228,"c":0,"r":0,"g":0,"b":0,"pta":142.0,"ptb":142.6,"sat":0,"light":"blue","gain":"16x"}
23:01:35.714  {"type":"live","t":911629,"c":0,"r":0,"g":0,"b":0,"pta":142.0,"ptb":142.0,"sat":0,"light":"blue","gain":"16x"}
23:01:35.715  {"type":"live","t":912030,"c":0,"r":0,"g":0,"b":0,"pta":142.0,"ptb":142.0,"sat":0,"light":"blue","gain":"16x"}
23:01:36.519  {"type":"live","t":912431,"c":0,"r":0,"g":0,"b":0,"pta":142.0,"ptb":142.0,"sat":0,"light":"blue","gain":"16x"}
23:01:36.520  {"type":"live","t":912832,"c":0,"r":0,"g":0,"b":0,"pta":142.0,"ptb":142.0,"sat":0,"light":"blue","gain":"16x"}
23:01:37.526  {"type":"live","t":913233,"c":0,"r":0,"g":0,"b":0,"pta":142.0,"ptb":142.0,"sat":0,"light":"blue","gain":"16x"}
23:01:37.526  {"type":"live","t":913634,"c":0,"r":0,"g":0,"b":0,"pta":142.0,"ptb":142.0,"sat":0,"light":"blue","gain":"16x"}
23:01:37.527  {"type":"live","t":914035,"c":0,"r":0,"g":0,"b":0,"pta":142.0,"ptb":142.0,"sat":0,"light":"blue","gain":"16x"}
23:01:38.518  {"type":"live","t":914436,"c":0,"r":0,"g":0,"b":0,"pta":142.0,"ptb":142.0,"sat":0,"light":"blue","gain":"16x"}
23:01:38.519  {"type":"live","t":914837,"c":0,"r":0,"g":0,"b":0,"pta":142.0,"ptb":142.0,"sat":0,"light":"blue","gain":"16x"}
23:01:39.323  {"type":"live","t":915238,"c":0,"r":0,"g":0,"b":0,"pta":142.0,"ptb":142.0,"sat":0,"light":"blue","gain":"16x"}
23:01:39.324  {"type":"live","t":915639,"c":0,"r":0,"g":0,"b":0,"pta":142.0,"ptb":142.0,"sat":0,"light":"blue","gain":"16x"}
23:01:40.128  {"type":"live","t":916040,"c":0,"r":0,"g":0,"b":0,"pta":142.0,"ptb":142.0,"sat":0,"light":"blue","gain":"16x"}
23:01:40.129  {"type":"live","t":916441,"c":0,"r":0,"g":0,"b":0,"pta":142.0,"ptb":142.0,"sat":0,"light":"blue","gain":"16x"}
23:01:41.135  {"type":"live","t":916842,"c":0,"r":0,"g":0,"b":0,"pta":142.0,"ptb":142.0,"sat":0,"light":"blue","gain":"16x"}
23:01:41.135  {"type":"live","t":917243,"c":0,"r":0,"g":0,"b":0,"pta":142.0,"ptb":142.0,"sat":0,"light":"blue","gain":"16x"}
23:01:41.136  {"type":"live","t":917644,"c":0,"r":0,"g":0,"b":0,"pta":142.0,"ptb":142.0,"sat":0,"light":"blue","gain":"16x"}
23:01:42.127  {"type":"live","t":918045,"c":0,"r":0,"g":0,"b":0,"pta":142.0,"ptb":142.0,"sat":0,"light":"blue","gain":"16x"}
23:01:42.128  {"type":"live","t":918446,"c":0,"r":0,"g":0,"b":0,"pta":142.0,"ptb":142.0,"sat":0,"light":"blue","gain":"16x"}
23:01:42.932  {"type":"live","t":918847,"c":0,"r":0,"g":0,"b":0,"pta":142.0,"ptb":142.0,"sat":0,"light":"blue","gain":"16x"}
23:01:42.933  {"type":"live","t":919248,"c":0,"r":0,"g":0,"b":0,"pta":142.0,"ptb":142.0,"sat":0,"light":"blue","gain":"16x"}
23:01:43.736  {"type":"live","t":919649,"c":0,"r":0,"g":0,"b":0,"pta":142.0,"ptb":142.0,"sat":0,"light":"blue","gain":"16x"}
23:01:43.737  {"type":"live","t":920050,"c":0,"r":0,"g":0,"b":0,"pta":142.0,"ptb":142.0,"sat":0,"light":"blue","gain":"16x"}
23:01:44.747  {"type":"live","t":920451,"c":0,"r":0,"g":0,"b":0,"pta":142.0,"ptb":142.0,"sat":0,"light":"blue","gain":"16x"}
23:01:44.747  {"type":"live","t":920852,"c":0,"r":0,"g":0,"b":0,"pta":142.0,"ptb":142.0,"sat":0,"light":"blue","gain":"16x"}
23:01:44.748  {"type":"live","t":921253,"c":0,"r":0,"g":0,"b":0,"pta":142.0,"ptb":142.0,"sat":0,"light":"blue","gain":"16x"}
23:01:45.736  {"type":"live","t":921654,"c":0,"r":0,"g":0,"b":0,"pta":142.0,"ptb":142.0,"sat":0,"light":"blue","gain":"16x"}
23:01:45.737  {"type":"live","t":922055,"c":0,"r":0,"g":0,"b":0,"pta":142.0,"ptb":142.0,"sat":0,"light":"blue","gain":"16x"}
23:01:46.541  {"type":"live","t":922456,"c":0,"r":0,"g":0,"b":0,"pta":142.0,"ptb":143.8,"sat":0,"light":"blue","gain":"16x"}
23:01:46.541  {"type":"live","t":922857,"c":0,"r":0,"g":0,"b":0,"pta":142.0,"ptb":142.0,"sat":0,"light":"blue","gain":"16x"}
23:01:47.345  {"type":"live","t":923258,"c":0,"r":0,"g":0,"b":0,"pta":142.0,"ptb":142.0,"sat":0,"light":"blue","gain":"16x"}
23:01:47.346  {"type":"live","t":923659,"c":0,"r":0,"g":0,"b":0,"pta":142.0,"ptb":142.0,"sat":0,"light":"blue","gain":"16x"}
23:01:48.351  {"type":"live","t":924060,"c":0,"r":0,"g":0,"b":0,"pta":142.0,"ptb":142.0,"sat":0,"light":"blue","gain":"16x"}
23:01:48.351  {"type":"live","t":924461,"c":0,"r":0,"g":0,"b":0,"pta":142.0,"ptb":142.0,"sat":0,"light":"blue","gain":"16x"}
23:01:48.352  {"type":"live","t":924862,"c":0,"r":0,"g":0,"b":0,"pta":142.0,"ptb":142.0,"sat":0,"light":"blue","gain":"16x"}
23:01:49.345  {"type":"live","t":925263,"c":0,"r":0,"g":0,"b":0,"pta":142.0,"ptb":142.0,"sat":0,"light":"blue","gain":"16x"}
23:01:49.346  {"type":"live","t":925664,"c":0,"r":0,"g":0,"b":0,"pta":142.0,"ptb":142.0,"sat":0,"light":"blue","gain":"16x"}
23:01:50.149  {"type":"live","t":926065,"c":0,"r":0,"g":0,"b":0,"pta":142.0,"ptb":142.0,"sat":0,"light":"blue","gain":"16x"}
23:01:50.150  {"type":"live","t":926466,"c":0,"r":0,"g":0,"b":0,"pta":142.0,"ptb":142.0,"sat":0,"light":"blue","gain":"16x"}
23:01:50.954  {"type":"live","t":926867,"c":0,"r":0,"g":0,"b":0,"pta":142.0,"ptb":142.0,"sat":0,"light":"blue","gain":"16x"}
23:01:50.955  {"type":"live","t":927268,"c":0,"r":0,"g":0,"b":0,"pta":142.0,"ptb":142.0,"sat":0,"light":"blue","gain":"16x"}
23:01:51.956  {"type":"live","t":927669,"c":0,"r":0,"g":0,"b":0,"pta":142.0,"ptb":142.0,"sat":0,"light":"blue","gain":"16x"}
23:01:51.956  {"type":"live","t":928070,"c":0,"r":0,"g":0,"b":0,"pta":142.0,"ptb":142.0,"sat":0,"light":"blue","gain":"16x"}
23:01:51.957  {"type":"live","t":928471,"c":0,"r":0,"g":0,"b":0,"pta":142.0,"ptb":142.0,"sat":0,"light":"blue","gain":"16x"}
23:01:52.954  {"type":"live","t":928872,"c":0,"r":0,"g":0,"b":0,"pta":142.0,"ptb":142.0,"sat":0,"light":"blue","gain":"16x"}
23:01:52.954  {"type":"live","t":929273,"c":0,"r":0,"g":0,"b":0,"pta":142.0,"ptb":142.0,"sat":0,"light":"blue","gain":"16x"}
23:01:53.758  {"type":"live","t":929674,"c":0,"r":0,"g":0,"b":0,"pta":142.0,"ptb":142.0,"sat":0,"light":"blue","gain":"16x"}
23:01:53.759  {"type":"live","t":930075,"c":0,"r":0,"g":0,"b":0,"pta":142.0,"ptb":142.0,"sat":0,"light":"blue","gain":"16x"}
23:01:54.563  {"type":"live","t":930476,"c":0,"r":0,"g":0,"b":0,"pta":142.0,"ptb":142.0,"sat":0,"light":"blue","gain":"16x"}
23:01:54.564  {"type":"live","t":930877,"c":0,"r":0,"g":0,"b":0,"pta":142.0,"ptb":142.0,"sat":0,"light":"blue","gain":"16x"}
23:01:55.575  {"type":"live","t":931278,"c":0,"r":0,"g":0,"b":0,"pta":142.0,"ptb":142.0,"sat":0,"light":"blue","gain":"16x"}
23:01:55.576  {"type":"live","t":931679,"c":0,"r":0,"g":0,"b":0,"pta":142.0,"ptb":142.0,"sat":0,"light":"blue","gain":"16x"}
23:01:55.576  {"type":"live","t":932080,"c":0,"r":0,"g":0,"b":0,"pta":142.0,"ptb":142.0,"sat":0,"light":"blue","gain":"16x"}
23:01:56.562  {"type":"live","t":932481,"c":0,"r":0,"g":0,"b":0,"pta":142.0,"ptb":142.0,"sat":0,"light":"blue","gain":"16x"}
23:01:56.563  {"type":"live","t":932882,"c":0,"r":0,"g":0,"b":0,"pta":142.0,"ptb":142.0,"sat":0,"light":"blue","gain":"16x"}
23:01:57.367  {"type":"live","t":933283,"c":0,"r":0,"g":0,"b":0,"pta":142.0,"ptb":142.0,"sat":0,"light":"blue","gain":"16x"}
23:01:57.368  {"type":"live","t":933684,"c":0,"r":0,"g":0,"b":0,"pta":142.0,"ptb":142.0,"sat":0,"light":"blue","gain":"16x"}
23:01:58.172  {"type":"live","t":934085,"c":0,"r":0,"g":0,"b":0,"pta":142.0,"ptb":142.0,"sat":0,"light":"blue","gain":"16x"}
23:01:58.173  {"type":"live","t":934486,"c":0,"r":0,"g":0,"b":0,"pta":142.0,"ptb":142.0,"sat":0,"light":"blue","gain":"16x"}
23:01:59.180  {"type":"live","t":934887,"c":0,"r":0,"g":0,"b":0,"pta":142.0,"ptb":142.0,"sat":0,"light":"blue","gain":"16x"}
23:01:59.181  {"type":"live","t":935288,"c":0,"r":0,"g":0,"b":0,"pta":142.0,"ptb":142.0,"sat":0,"light":"blue","gain":"16x"}
23:01:59.181  {"type":"live","t":935689,"c":0,"r":0,"g":0,"b":0,"pta":142.0,"ptb":142.0,"sat":0,"light":"blue","gain":"16x"}
23:02:00.171  {"type":"live","t":936090,"c":0,"r":0,"g":0,"b":0,"pta":142.0,"ptb":142.0,"sat":0,"light":"blue","gain":"16x"}
23:02:00.172  {"type":"live","t":936491,"c":0,"r":0,"g":0,"b":0,"pta":142.0,"ptb":142.0,"sat":0,"light":"blue","gain":"16x"}
23:02:00.976  {"type":"live","t":936892,"c":0,"r":0,"g":0,"b":0,"pta":142.0,"ptb":142.0,"sat":0,"light":"blue","gain":"16x"}
23:02:00.977  {"type":"live","t":937293,"c":0,"r":0,"g":0,"b":0,"pta":142.0,"ptb":142.0,"sat":0,"light":"blue","gain":"16x"}
23:02:01.781  {"type":"live","t":937694,"c":0,"r":0,"g":0,"b":0,"pta":142.0,"ptb":142.0,"sat":0,"light":"blue","gain":"16x"}
23:02:01.782  {"type":"live","t":938095,"c":0,"r":0,"g":0,"b":0,"pta":142.0,"ptb":142.0,"sat":0,"light":"blue","gain":"16x"}
23:02:02.793  {"type":"live","t":938496,"c":0,"r":0,"g":0,"b":0,"pta":142.0,"ptb":142.0,"sat":0,"light":"blue","gain":"16x"}
23:02:02.793  {"type":"live","t":938897,"c":0,"r":0,"g":0,"b":0,"pta":142.0,"ptb":142.0,"sat":0,"light":"blue","gain":"16x"}
23:02:02.794  {"type":"live","t":939298,"c":0,"r":0,"g":0,"b":0,"pta":142.0,"ptb":142.0,"sat":0,"light":"blue","gain":"16x"}
23:02:03.780  {"type":"live","t":939699,"c":0,"r":0,"g":0,"b":0,"pta":142.0,"ptb":142.0,"sat":0,"light":"blue","gain":"16x"}
23:02:03.781  {"type":"live","t":940100,"c":0,"r":0,"g":0,"b":0,"pta":142.0,"ptb":142.0,"sat":0,"light":"blue","gain":"16x"}
23:02:04.585  {"type":"live","t":940501,"c":0,"r":0,"g":0,"b":0,"pta":142.0,"ptb":142.0,"sat":0,"light":"blue","gain":"16x"}
23:02:04.586  {"type":"live","t":940902,"c":0,"r":0,"g":0,"b":0,"pta":142.0,"ptb":142.0,"sat":0,"light":"blue","gain":"16x"}
23:02:05.390  {"type":"live","t":941303,"c":0,"r":0,"g":0,"b":0,"pta":142.0,"ptb":142.0,"sat":0,"light":"blue","gain":"16x"}
23:02:05.391  {"type":"live","t":941704,"c":0,"r":0,"g":0,"b":0,"pta":142.0,"ptb":142.0,"sat":0,"light":"blue","gain":"16x"}
23:02:06.406  {"type":"live","t":942105,"c":0,"r":0,"g":0,"b":0,"pta":142.0,"ptb":142.0,"sat":0,"light":"blue","gain":"16x"}
23:02:06.406  {"type":"live","t":942506,"c":0,"r":0,"g":0,"b":0,"pta":142.0,"ptb":142.0,"sat":0,"light":"blue","gain":"16x"}
23:02:06.406  {"type":"live","t":942907,"c":0,"r":0,"g":0,"b":0,"pta":142.0,"ptb":142.0,"sat":0,"light":"blue","gain":"16x"}
23:02:07.389  {"type":"live","t":943308,"c":0,"r":0,"g":0,"b":0,"pta":142.0,"ptb":142.0,"sat":0,"light":"blue","gain":"16x"}
23:02:07.390  {"type":"live","t":943709,"c":0,"r":0,"g":0,"b":0,"pta":142.0,"ptb":142.0,"sat":0,"light":"blue","gain":"16x"}
23:02:08.194  {"type":"live","t":944110,"c":0,"r":0,"g":0,"b":0,"pta":142.0,"ptb":142.0,"sat":0,"light":"blue","gain":"16x"}
23:02:08.195  {"type":"live","t":944511,"c":0,"r":0,"g":0,"b":0,"pta":142.0,"ptb":142.0,"sat":0,"light":"blue","gain":"16x"}
23:02:08.999  {"type":"live","t":944911,"c":0,"r":0,"g":0,"b":0,"pta":142.0,"ptb":142.0,"sat":0,"light":"blue","gain":"16x"}
23:02:09.000  {"type":"live","t":945313,"c":0,"r":0,"g":0,"b":0,"pta":142.0,"ptb":142.0,"sat":0,"light":"blue","gain":"16x"}
23:02:10.006  {"type":"live","t":945713,"c":0,"r":0,"g":0,"b":0,"pta":142.0,"ptb":142.0,"sat":0,"light":"blue","gain":"16x"}
23:02:10.016  {"type":"live","t":946114,"c":0,"r":0,"g":0,"b":0,"pta":142.0,"ptb":142.0,"sat":0,"light":"blue","gain":"16x"}
23:02:10.017  {"type":"live","t":946516,"c":0,"r":0,"g":0,"b":0,"pta":142.0,"ptb":142.0,"sat":0,"light":"blue","gain":"16x"}
23:02:10.998  {"type":"live","t":946916,"c":0,"r":0,"g":0,"b":0,"pta":142.0,"ptb":142.0,"sat":0,"light":"blue","gain":"16x"}
23:02:10.999  {"type":"live","t":947318,"c":0,"r":0,"g":0,"b":0,"pta":142.0,"ptb":142.0,"sat":0,"light":"blue","gain":"16x"}
23:02:11.803  {"type":"live","t":947719,"c":0,"r":0,"g":0,"b":0,"pta":142.0,"ptb":142.0,"sat":0,"light":"blue","gain":"16x"}
23:02:11.804  {"type":"live","t":948120,"c":0,"r":0,"g":0,"b":0,"pta":142.0,"ptb":142.0,"sat":0,"light":"blue","gain":"16x"}
23:02:12.608  {"type":"live","t":948520,"c":0,"r":0,"g":0,"b":0,"pta":142.0,"ptb":142.0,"sat":0,"light":"blue","gain":"16x"}
23:02:12.609  {"type":"live","t":948921,"c":0,"r":0,"g":0,"b":0,"pta":142.0,"ptb":142.0,"sat":0,"light":"blue","gain":"16x"}
23:02:13.615  {"type":"live","t":949323,"c":0,"r":0,"g":0,"b":0,"pta":142.0,"ptb":142.0,"sat":0,"light":"blue","gain":"16x"}
23:02:13.616  {"type":"live","t":949723,"c":0,"r":0,"g":0,"b":0,"pta":142.0,"ptb":142.0,"sat":0,"light":"blue","gain":"16x"}
23:02:13.617  {"type":"live","t":950124,"c":0,"r":0,"g":0,"b":0,"pta":142.0,"ptb":142.0,"sat":0,"light":"blue","gain":"16x"}
23:02:14.607  {"type":"live","t":950525,"c":0,"r":0,"g":0,"b":0,"pta":142.0,"ptb":142.0,"sat":0,"light":"blue","gain":"16x"}
23:02:14.608  {"type":"live","t":950926,"c":0,"r":0,"g":0,"b":0,"pta":142.0,"ptb":142.0,"sat":0,"light":"blue","gain":"16x"}
23:02:15.412  {"type":"live","t":951327,"c":0,"r":0,"g":0,"b":0,"pta":142.0,"ptb":142.0,"sat":0,"light":"blue","gain":"16x"}
23:02:15.413  {"type":"live","t":951728,"c":0,"r":0,"g":0,"b":0,"pta":142.0,"ptb":142.0,"sat":0,"light":"blue","gain":"16x"}
23:02:16.217  {"type":"live","t":952129,"c":0,"r":0,"g":0,"b":0,"pta":142.0,"ptb":142.0,"sat":0,"light":"blue","gain":"16x"}
23:02:16.218  {"type":"live","t":952530,"c":0,"r":0,"g":0,"b":0,"pta":142.0,"ptb":142.0,"sat":0,"light":"blue","gain":"16x"}
23:02:17.229  {"type":"live","t":952931,"c":0,"r":0,"g":0,"b":0,"pta":142.0,"ptb":142.0,"sat":0,"light":"blue","gain":"16x"}
23:02:17.230  {"type":"live","t":953332,"c":0,"r":0,"g":0,"b":0,"pta":142.0,"ptb":142.0,"sat":0,"light":"blue","gain":"16x"}
23:02:17.230  {"type":"live","t":953733,"c":0,"r":0,"g":0,"b":0,"pta":142.0,"ptb":142.0,"sat":0,"light":"blue","gain":"16x"}
23:02:18.216  {"type":"live","t":954134,"c":0,"r":0,"g":0,"b":0,"pta":142.0,"ptb":142.0,"sat":0,"light":"blue","gain":"16x"}
23:02:18.217  {"type":"live","t":954535,"c":0,"r":0,"g":0,"b":0,"pta":142.0,"ptb":142.0,"sat":0,"light":"blue","gain":"16x"}
23:02:19.021  {"type":"live","t":954936,"c":0,"r":0,"g":0,"b":0,"pta":142.0,"ptb":142.0,"sat":0,"light":"blue","gain":"16x"}
23:02:19.022  {"type":"live","t":955337,"c":0,"r":0,"g":0,"b":0,"pta":142.0,"ptb":142.0,"sat":0,"light":"blue","gain":"16x"}
23:02:19.826  {"type":"live","t":955738,"c":0,"r":0,"g":0,"b":0,"pta":142.0,"ptb":142.0,"sat":0,"light":"blue","gain":"16x"}
23:02:19.827  {"type":"live","t":956139,"c":0,"r":0,"g":0,"b":0,"pta":142.0,"ptb":142.0,"sat":0,"light":"blue","gain":"16x"}
23:02:20.836  {"type":"live","t":956540,"c":0,"r":0,"g":0,"b":0,"pta":142.0,"ptb":142.0,"sat":0,"light":"blue","gain":"16x"}
23:02:20.836  {"type":"live","t":956941,"c":0,"r":0,"g":0,"b":0,"pta":142.0,"ptb":142.0,"sat":0,"light":"blue","gain":"16x"}
23:02:20.836  {"type":"live","t":957342,"c":0,"r":0,"g":0,"b":0,"pta":142.0,"ptb":142.0,"sat":0,"light":"blue","gain":"16x"}
23:02:21.825  {"type":"live","t":957743,"c":0,"r":0,"g":0,"b":0,"pta":142.0,"ptb":142.0,"sat":0,"light":"blue","gain":"16x"}
23:02:21.826  {"type":"live","t":958144,"c":0,"r":0,"g":0,"b":0,"pta":142.0,"ptb":142.0,"sat":0,"light":"blue","gain":"16x"}
23:02:22.631  {"type":"live","t":958545,"c":0,"r":0,"g":0,"b":0,"pta":142.0,"ptb":142.0,"sat":0,"light":"blue","gain":"16x"}
23:02:22.631  {"type":"live","t":958946,"c":0,"r":0,"g":0,"b":0,"pta":142.0,"ptb":142.0,"sat":0,"light":"blue","gain":"16x"}
23:02:23.436  {"type":"live","t":959347,"c":0,"r":0,"g":0,"b":0,"pta":142.0,"ptb":142.0,"sat":0,"light":"blue","gain":"16x"}
23:02:23.436  {"type":"live","t":959748,"c":0,"r":0,"g":0,"b":0,"pta":142.0,"ptb":142.0,"sat":0,"light":"blue","gain":"16x"}
23:02:24.446  {"type":"live","t":960149,"c":0,"r":0,"g":0,"b":0,"pta":142.0,"ptb":142.0,"sat":0,"light":"blue","gain":"16x"}
23:02:24.446  {"type":"live","t":960550,"c":0,"r":0,"g":0,"b":0,"pta":142.0,"ptb":142.0,"sat":0,"light":"blue","gain":"16x"}
23:02:24.447  {"type":"live","t":960951,"c":0,"r":0,"g":0,"b":0,"pta":142.0,"ptb":142.0,"sat":0,"light":"blue","gain":"16x"}
23:02:25.434  {"type":"live","t":961352,"c":0,"r":0,"g":0,"b":0,"pta":142.0,"ptb":142.0,"sat":0,"light":"blue","gain":"16x"}
23:02:25.435  {"type":"live","t":961753,"c":0,"r":0,"g":0,"b":0,"pta":142.0,"ptb":142.0,"sat":0,"light":"blue","gain":"16x"}
23:02:26.239  {"type":"live","t":962154,"c":0,"r":0,"g":0,"b":0,"pta":142.0,"ptb":142.0,"sat":0,"light":"blue","gain":"16x"}
23:02:26.240  {"type":"live","t":962555,"c":0,"r":0,"g":0,"b":0,"pta":142.0,"ptb":142.0,"sat":0,"light":"blue","gain":"16x"}
23:02:27.044  {"type":"live","t":962956,"c":0,"r":0,"g":0,"b":0,"pta":142.0,"ptb":142.0,"sat":0,"light":"blue","gain":"16x"}
23:02:27.045  {"type":"live","t":963357,"c":0,"r":0,"g":0,"b":0,"pta":142.0,"ptb":142.0,"sat":0,"light":"blue","gain":"16x"}
23:02:28.060  {"type":"live","t":963758,"c":0,"r":0,"g":0,"b":0,"pta":142.0,"ptb":142.0,"sat":0,"light":"blue","gain":"16x"}
23:02:28.060  {"type":"live","t":964159,"c":0,"r":0,"g":0,"b":0,"pta":142.0,"ptb":142.0,"sat":0,"light":"blue","gain":"16x"}
23:02:28.061  {"type":"live","t":964560,"c":0,"r":0,"g":0,"b":0,"pta":142.0,"ptb":142.0,"sat":0,"light":"blue","gain":"16x"}
23:02:29.043  {"type":"live","t":964961,"c":0,"r":0,"g":0,"b":0,"pta":142.0,"ptb":142.0,"sat":0,"light":"blue","gain":"16x"}
23:02:29.044  {"type":"live","t":965362,"c":0,"r":0,"g":0,"b":0,"pta":142.0,"ptb":142.0,"sat":0,"light":"blue","gain":"16x"}
23:02:29.848  {"type":"live","t":965763,"c":0,"r":0,"g":0,"b":0,"pta":142.0,"ptb":142.0,"sat":0,"light":"blue","gain":"16x"}
23:02:29.849  {"type":"live","t":966164,"c":0,"r":0,"g":0,"b":0,"pta":142.0,"ptb":142.0,"sat":0,"light":"blue","gain":"16x"}
23:02:30.653  {"type":"live","t":966565,"c":0,"r":0,"g":0,"b":0,"pta":142.0,"ptb":142.0,"sat":0,"light":"blue","gain":"16x"}
23:02:30.654  {"type":"live","t":966966,"c":0,"r":0,"g":0,"b":0,"pta":142.0,"ptb":142.0,"sat":0,"light":"blue","gain":"16x"}
23:02:31.665  {"type":"live","t":967367,"c":0,"r":0,"g":0,"b":0,"pta":142.0,"ptb":142.0,"sat":0,"light":"blue","gain":"16x"}
23:02:31.665  {"type":"live","t":967768,"c":0,"r":0,"g":0,"b":0,"pta":142.0,"ptb":142.0,"sat":0,"light":"blue","gain":"16x"}
23:02:31.666  {"type":"live","t":968169,"c":0,"r":0,"g":0,"b":0,"pta":142.0,"ptb":142.0,"sat":0,"light":"blue","gain":"16x"}
23:02:32.652  {"type":"live","t":968570,"c":0,"r":0,"g":0,"b":0,"pta":142.0,"ptb":142.0,"sat":0,"light":"blue","gain":"16x"}
23:02:32.653  {"type":"live","t":968971,"c":0,"r":0,"g":0,"b":0,"pta":142.0,"ptb":142.0,"sat":0,"light":"blue","gain":"16x"}
23:02:33.457  {"type":"live","t":969372,"c":0,"r":0,"g":0,"b":0,"pta":142.0,"ptb":142.0,"sat":0,"light":"blue","gain":"16x"}
23:02:33.458  {"type":"live","t":969773,"c":0,"r":0,"g":0,"b":0,"pta":142.0,"ptb":142.0,"sat":0,"light":"blue","gain":"16x"}
23:02:34.263  {"type":"live","t":970174,"c":0,"r":0,"g":0,"b":0,"pta":142.0,"ptb":142.0,"sat":0,"light":"blue","gain":"16x"}
23:02:34.263  {"type":"live","t":970575,"c":0,"r":0,"g":0,"b":0,"pta":142.0,"ptb":142.0,"sat":0,"light":"blue","gain":"16x"}
23:02:35.265  {"type":"live","t":970976,"c":0,"r":0,"g":0,"b":0,"pta":142.0,"ptb":142.0,"sat":0,"light":"blue","gain":"16x"}
23:02:35.265  {"type":"live","t":971377,"c":0,"r":0,"g":0,"b":0,"pta":142.0,"ptb":142.0,"sat":0,"light":"blue","gain":"16x"}
23:02:35.266  {"type":"live","t":971778,"c":0,"r":0,"g":0,"b":0,"pta":142.0,"ptb":142.0,"sat":0,"light":"blue","gain":"16x"}
23:02:36.261  {"type":"live","t":972179,"c":0,"r":0,"g":0,"b":0,"pta":142.0,"ptb":142.0,"sat":0,"light":"blue","gain":"16x"}
23:02:36.262  {"type":"live","t":972580,"c":0,"r":0,"g":0,"b":0,"pta":142.0,"ptb":142.0,"sat":0,"light":"blue","gain":"16x"}
23:02:37.066  {"type":"live","t":972981,"c":0,"r":0,"g":0,"b":0,"pta":142.0,"ptb":142.0,"sat":0,"light":"blue","gain":"16x"}
23:02:37.067  {"type":"live","t":973382,"c":0,"r":0,"g":0,"b":0,"pta":142.0,"ptb":142.0,"sat":0,"light":"blue","gain":"16x"}
23:02:37.871  {"type":"live","t":973783,"c":0,"r":0,"g":0,"b":0,"pta":142.0,"ptb":142.0,"sat":0,"light":"blue","gain":"16x"}
23:02:37.872  {"type":"live","t":974184,"c":0,"r":0,"g":0,"b":0,"pta":142.0,"ptb":142.0,"sat":0,"light":"blue","gain":"16x"}
23:02:38.877  {"type":"live","t":974585,"c":0,"r":0,"g":0,"b":0,"pta":142.0,"ptb":142.0,"sat":0,"light":"blue","gain":"16x"}
23:02:38.878  {"type":"live","t":974986,"c":0,"r":0,"g":0,"b":0,"pta":142.0,"ptb":142.0,"sat":0,"light":"blue","gain":"16x"}
23:02:38.878  {"type":"live","t":975387,"c":0,"r":0,"g":0,"b":0,"pta":142.0,"ptb":142.0,"sat":0,"light":"blue","gain":"16x"}
23:02:39.870  {"type":"live","t":975788,"c":0,"r":0,"g":0,"b":0,"pta":142.0,"ptb":142.0,"sat":0,"light":"blue","gain":"16x"}
23:02:39.871  {"type":"live","t":976189,"c":0,"r":0,"g":0,"b":0,"pta":142.0,"ptb":142.0,"sat":0,"light":"blue","gain":"16x"}
23:02:40.676  {"type":"live","t":976590,"c":0,"r":0,"g":0,"b":0,"pta":142.0,"ptb":142.0,"sat":0,"light":"blue","gain":"16x"}
23:02:40.676  {"type":"live","t":976991,"c":0,"r":0,"g":0,"b":0,"pta":142.0,"ptb":142.0,"sat":0,"light":"blue","gain":"16x"}
23:02:41.480  {"type":"live","t":977392,"c":0,"r":0,"g":0,"b":0,"pta":142.0,"ptb":142.0,"sat":0,"light":"blue","gain":"16x"}
23:02:41.480  {"type":"live","t":977793,"c":0,"r":0,"g":0,"b":0,"pta":142.0,"ptb":142.0,"sat":0,"light":"blue","gain":"16x"}
23:02:42.488  {"type":"live","t":978194,"c":0,"r":0,"g":0,"b":0,"pta":142.0,"ptb":142.0,"sat":0,"light":"blue","gain":"16x"}
23:02:42.488  {"type":"live","t":978595,"c":0,"r":0,"g":0,"b":0,"pta":142.0,"ptb":142.0,"sat":0,"light":"blue","gain":"16x"}
23:02:42.489  {"type":"live","t":978996,"c":0,"r":0,"g":0,"b":0,"pta":142.0,"ptb":142.0,"sat":0,"light":"blue","gain":"16x"}
23:02:43.480  {"type":"live","t":979397,"c":0,"r":0,"g":0,"b":0,"pta":142.0,"ptb":142.0,"sat":0,"light":"blue","gain":"16x"}
23:02:43.481  {"type":"live","t":979798,"c":0,"r":0,"g":0,"b":0,"pta":142.0,"ptb":142.0,"sat":0,"light":"blue","gain":"16x"}
23:02:44.283  {"type":"live","t":980199,"c":0,"r":0,"g":0,"b":0,"pta":142.0,"ptb":142.0,"sat":0,"light":"blue","gain":"16x"}
23:02:44.284  {"type":"live","t":980600,"c":0,"r":0,"g":0,"b":0,"pta":142.0,"ptb":142.0,"sat":0,"light":"blue","gain":"16x"}
23:02:45.088  {"type":"live","t":981001,"c":0,"r":0,"g":0,"b":0,"pta":142.0,"ptb":142.0,"sat":0,"light":"blue","gain":"16x"}
23:02:45.089  {"type":"live","t":981402,"c":0,"r":0,"g":0,"b":0,"pta":142.0,"ptb":142.0,"sat":0,"light":"blue","gain":"16x"}
23:02:46.095  {"type":"live","t":981803,"c":0,"r":0,"g":0,"b":0,"pta":142.0,"ptb":142.0,"sat":0,"light":"blue","gain":"16x"}
23:02:46.096  {"type":"live","t":982204,"c":0,"r":0,"g":0,"b":0,"pta":142.0,"ptb":142.0,"sat":0,"light":"blue","gain":"16x"}
23:02:46.096  {"type":"live","t":982605,"c":0,"r":0,"g":0,"b":0,"pta":142.0,"ptb":142.0,"sat":0,"light":"blue","gain":"16x"}
23:02:47.087  {"type":"live","t":983006,"c":0,"r":0,"g":0,"b":0,"pta":142.0,"ptb":142.0,"sat":0,"light":"blue","gain":"16x"}
23:02:47.088  {"type":"live","t":983407,"c":0,"r":0,"g":0,"b":0,"pta":142.0,"ptb":142.0,"sat":0,"light":"blue","gain":"16x"}
23:02:47.892  {"type":"live","t":983808,"c":0,"r":0,"g":0,"b":0,"pta":142.0,"ptb":142.0,"sat":0,"light":"blue","gain":"16x"}
23:02:47.893  {"type":"live","t":984209,"c":0,"r":0,"g":0,"b":0,"pta":142.0,"ptb":142.0,"sat":0,"light":"blue","gain":"16x"}
23:02:48.697  {"type":"live","t":984610,"c":0,"r":0,"g":0,"b":0,"pta":142.0,"ptb":142.0,"sat":0,"light":"blue","gain":"16x"}
23:02:48.698  {"type":"live","t":985011,"c":0,"r":0,"g":0,"b":0,"pta":142.0,"ptb":142.0,"sat":0,"light":"blue","gain":"16x"}
23:02:49.709  {"type":"live","t":985412,"c":0,"r":0,"g":0,"b":0,"pta":142.0,"ptb":142.0,"sat":0,"light":"blue","gain":"16x"}
23:02:49.710  {"type":"live","t":985813,"c":0,"r":0,"g":0,"b":0,"pta":142.0,"ptb":142.0,"sat":0,"light":"blue","gain":"16x"}
23:02:49.710  {"type":"live","t":986214,"c":0,"r":0,"g":0,"b":0,"pta":142.0,"ptb":142.0,"sat":0,"light":"blue","gain":"16x"}
23:02:50.697  {"type":"live","t":986615,"c":0,"r":0,"g":0,"b":0,"pta":142.0,"ptb":142.0,"sat":0,"light":"blue","gain":"16x"}
23:02:50.697  {"type":"live","t":987016,"c":0,"r":0,"g":0,"b":0,"pta":142.0,"ptb":142.0,"sat":0,"light":"blue","gain":"16x"}
23:02:51.501  {"type":"live","t":987417,"c":0,"r":0,"g":0,"b":0,"pta":142.0,"ptb":142.0,"sat":0,"light":"blue","gain":"16x"}
23:02:51.502  {"type":"live","t":987818,"c":0,"r":0,"g":0,"b":0,"pta":142.0,"ptb":142.0,"sat":0,"light":"blue","gain":"16x"}
23:02:52.306  {"type":"live","t":988219,"c":0,"r":0,"g":0,"b":0,"pta":142.0,"ptb":142.0,"sat":0,"light":"blue","gain":"16x"}
23:02:52.307  {"type":"live","t":988620,"c":0,"r":0,"g":0,"b":0,"pta":142.0,"ptb":142.0,"sat":0,"light":"blue","gain":"16x"}
23:02:53.317  {"type":"live","t":989021,"c":0,"r":0,"g":0,"b":0,"pta":142.0,"ptb":142.0,"sat":0,"light":"blue","gain":"16x"}
23:02:53.318  {"type":"live","t":989422,"c":0,"r":0,"g":0,"b":0,"pta":142.0,"ptb":142.0,"sat":0,"light":"blue","gain":"16x"}
23:02:53.319  {"type":"live","t":989823,"c":0,"r":0,"g":0,"b":0,"pta":142.0,"ptb":142.0,"sat":0,"light":"blue","gain":"16x"}
23:02:54.305  {"type":"live","t":990224,"c":0,"r":0,"g":0,"b":0,"pta":142.0,"ptb":142.0,"sat":0,"light":"blue","gain":"16x"}
23:02:54.306  {"type":"live","t":990625,"c":0,"r":0,"g":0,"b":0,"pta":142.0,"ptb":142.0,"sat":0,"light":"blue","gain":"16x"}
23:02:55.110  {"type":"live","t":991026,"c":0,"r":0,"g":0,"b":0,"pta":142.0,"ptb":142.0,"sat":0,"light":"blue","gain":"16x"}
23:02:55.111  {"type":"live","t":991427,"c":0,"r":0,"g":0,"b":0,"pta":142.0,"ptb":142.0,"sat":0,"light":"blue","gain":"16x"}
23:02:55.915  {"type":"live","t":991828,"c":0,"r":0,"g":0,"b":0,"pta":142.0,"ptb":142.0,"sat":0,"light":"blue","gain":"16x"}
23:02:55.916  {"type":"live","t":992229,"c":0,"r":0,"g":0,"b":0,"pta":142.0,"ptb":142.0,"sat":0,"light":"blue","gain":"16x"}
23:02:56.922  {"type":"live","t":992630,"c":0,"r":0,"g":0,"b":0,"pta":142.0,"ptb":142.0,"sat":0,"light":"blue","gain":"16x"}
23:02:56.922  {"type":"live","t":993031,"c":0,"r":0,"g":0,"b":0,"pta":142.0,"ptb":142.0,"sat":0,"light":"blue","gain":"16x"}
23:02:56.923  {"type":"live","t":993432,"c":0,"r":0,"g":0,"b":0,"pta":142.0,"ptb":142.0,"sat":0,"light":"blue","gain":"16x"}
23:02:57.914  {"type":"live","t":993833,"c":0,"r":0,"g":0,"b":0,"pta":142.0,"ptb":142.0,"sat":0,"light":"blue","gain":"16x"}
23:02:57.915  {"type":"live","t":994234,"c":0,"r":0,"g":0,"b":0,"pta":142.0,"ptb":142.1,"sat":0,"light":"blue","gain":"16x"}
23:02:58.720  {"type":"live","t":994635,"c":0,"r":0,"g":0,"b":0,"pta":142.0,"ptb":142.0,"sat":0,"light":"blue","gain":"16x"}
23:02:58.720  {"type":"live","t":995036,"c":0,"r":0,"g":0,"b":0,"pta":142.0,"ptb":142.0,"sat":0,"light":"blue","gain":"16x"}
23:02:59.524  {"type":"live","t":995437,"c":0,"r":0,"g":0,"b":0,"pta":142.0,"ptb":142.0,"sat":0,"light":"blue","gain":"16x"}
23:02:59.525  {"type":"live","t":995838,"c":0,"r":0,"g":0,"b":0,"pta":142.0,"ptb":142.0,"sat":0,"light":"blue","gain":"16x"}
23:03:00.542  {"type":"live","t":996239,"c":0,"r":0,"g":0,"b":0,"pta":142.0,"ptb":142.0,"sat":0,"light":"blue","gain":"16x"}
23:03:00.542  {"type":"live","t":996640,"c":0,"r":0,"g":0,"b":0,"pta":142.0,"ptb":142.0,"sat":0,"light":"blue","gain":"16x"}
23:03:00.543  {"type":"live","t":997041,"c":0,"r":0,"g":0,"b":0,"pta":142.0,"ptb":142.0,"sat":0,"light":"blue","gain":"16x"}
23:03:01.524  {"type":"live","t":997442,"c":0,"r":0,"g":0,"b":0,"pta":142.0,"ptb":142.0,"sat":0,"light":"blue","gain":"16x"}
23:03:01.524  {"type":"live","t":997843,"c":0,"r":0,"g":0,"b":0,"pta":142.0,"ptb":142.0,"sat":0,"light":"blue","gain":"16x"}
23:03:02.329  {"type":"live","t":998244,"c":0,"r":0,"g":0,"b":0,"pta":142.0,"ptb":142.0,"sat":0,"light":"blue","gain":"16x"}
23:03:02.329  {"type":"live","t":998645,"c":0,"r":0,"g":0,"b":0,"pta":142.0,"ptb":142.0,"sat":0,"light":"blue","gain":"16x"}
23:03:03.134  {"type":"live","t":999046,"c":0,"r":0,"g":0,"b":0,"pta":142.0,"ptb":142.0,"sat":0,"light":"blue","gain":"16x"}
23:03:03.134  {"type":"live","t":999447,"c":0,"r":0,"g":0,"b":0,"pta":142.0,"ptb":142.0,"sat":0,"light":"blue","gain":"16x"}
23:03:04.135  {"type":"live","t":999848,"c":0,"r":0,"g":0,"b":0,"pta":142.0,"ptb":142.0,"sat":0,"light":"blue","gain":"16x"}
23:03:04.136  {"type":"live","t":1000249,"c":0,"r":0,"g":0,"b":0,"pta":142.0,"ptb":144.4,"sat":0,"light":"blue","gain":"16x"}
23:03:04.136  {"type":"live","t":1000650,"c":0,"r":0,"g":0,"b":0,"pta":142.0,"ptb":142.0,"sat":0,"light":"blue","gain":"16x"}
23:03:05.133  {"type":"live","t":1001051,"c":0,"r":0,"g":0,"b":0,"pta":142.0,"ptb":144.4,"sat":0,"light":"blue","gain":"16x"}
23:03:05.133  {"type":"live","t":1001452,"c":0,"r":0,"g":0,"b":0,"pta":142.0,"ptb":142.0,"sat":0,"light":"blue","gain":"16x"}
23:03:05.938  {"type":"live","t":1001853,"c":0,"r":0,"g":0,"b":0,"pta":142.0,"ptb":142.0,"sat":0,"light":"blue","gain":"16x"}
23:03:05.938  {"type":"live","t":1002254,"c":0,"r":0,"g":0,"b":0,"pta":142.0,"ptb":142.0,"sat":0,"light":"blue","gain":"16x"}
23:03:06.742  {"type":"live","t":1002655,"c":0,"r":0,"g":0,"b":0,"pta":142.0,"ptb":142.0,"sat":0,"light":"blue","gain":"16x"}
23:03:06.743  {"type":"live","t":1003056,"c":0,"r":0,"g":0,"b":0,"pta":142.0,"ptb":142.0,"sat":0,"light":"blue","gain":"16x"}
23:03:07.745  {"type":"live","t":1003457,"c":0,"r":0,"g":0,"b":0,"pta":142.0,"ptb":142.0,"sat":0,"light":"blue","gain":"16x"}
23:03:07.746  {"type":"live","t":1003858,"c":0,"r":0,"g":0,"b":0,"pta":142.0,"ptb":142.0,"sat":0,"light":"blue","gain":"16x"}
23:03:07.746  {"type":"live","t":1004259,"c":0,"r":0,"g":0,"b":0,"pta":142.0,"ptb":142.0,"sat":0,"light":"blue","gain":"16x"}
23:03:08.742  {"type":"live","t":1004660,"c":0,"r":0,"g":0,"b":0,"pta":142.0,"ptb":142.0,"sat":0,"light":"blue","gain":"16x"}
23:03:08.742  {"type":"live","t":1005061,"c":0,"r":0,"g":0,"b":0,"pta":142.0,"ptb":142.0,"sat":0,"light":"blue","gain":"16x"}
23:03:09.547  {"type":"live","t":1005462,"c":0,"r":0,"g":0,"b":0,"pta":142.0,"ptb":142.0,"sat":0,"light":"blue","gain":"16x"}
23:03:09.547  {"type":"live","t":1005864,"c":0,"r":0,"g":0,"b":0,"pta":142.0,"ptb":142.0,"sat":0,"light":"blue","gain":"16x"}
23:03:10.352  {"type":"live","t":1006264,"c":0,"r":0,"g":0,"b":0,"pta":142.0,"ptb":142.0,"sat":0,"light":"blue","gain":"16x"}
23:03:10.353  {"type":"live","t":1006665,"c":0,"r":0,"g":0,"b":0,"pta":142.0,"ptb":142.9,"sat":0,"light":"blue","gain":"16x"}
23:03:11.366  {"type":"live","t":1007066,"c":0,"r":0,"g":0,"b":0,"pta":142.0,"ptb":142.0,"sat":0,"light":"blue","gain":"16x"}
23:03:11.367  {"type":"live","t":1007467,"c":0,"r":0,"g":0,"b":0,"pta":142.0,"ptb":142.0,"sat":0,"light":"blue","gain":"16x"}
23:03:11.367  {"type":"live","t":1007868,"c":0,"r":0,"g":0,"b":0,"pta":142.0,"ptb":142.0,"sat":0,"light":"blue","gain":"16x"}
23:03:12.351  {"type":"live","t":1008269,"c":0,"r":0,"g":0,"b":0,"pta":142.0,"ptb":142.0,"sat":0,"light":"blue","gain":"16x"}
23:03:12.351  {"type":"live","t":1008670,"c":0,"r":0,"g":0,"b":0,"pta":142.0,"ptb":142.0,"sat":0,"light":"blue","gain":"16x"}
23:03:13.155  {"type":"live","t":1009071,"c":0,"r":0,"g":0,"b":0,"pta":142.0,"ptb":142.0,"sat":0,"light":"blue","gain":"16x"}
23:03:13.156  {"type":"live","t":1009472,"c":0,"r":0,"g":0,"b":0,"pta":142.0,"ptb":142.0,"sat":0,"light":"blue","gain":"16x"}
23:03:13.961  {"type":"live","t":1009873,"c":0,"r":0,"g":0,"b":0,"pta":142.0,"ptb":142.0,"sat":0,"light":"blue","gain":"16x"}
23:03:13.961  {"type":"live","t":1010274,"c":0,"r":0,"g":0,"b":0,"pta":142.0,"ptb":142.0,"sat":0,"light":"blue","gain":"16x"}
23:03:14.977  {"type":"live","t":1010675,"c":0,"r":0,"g":0,"b":0,"pta":142.0,"ptb":142.0,"sat":0,"light":"blue","gain":"16x"}
23:03:14.978  {"type":"live","t":1011076,"c":0,"r":0,"g":0,"b":0,"pta":142.0,"ptb":142.0,"sat":0,"light":"blue","gain":"16x"}
23:03:14.978  {"type":"live","t":1011477,"c":0,"r":0,"g":0,"b":0,"pta":142.0,"ptb":142.0,"sat":0,"light":"blue","gain":"16x"}
23:03:15.959  {"type":"live","t":1011878,"c":0,"r":0,"g":0,"b":0,"pta":142.0,"ptb":142.0,"sat":0,"light":"blue","gain":"16x"}
23:03:15.960  {"type":"live","t":1012279,"c":0,"r":0,"g":0,"b":0,"pta":142.0,"ptb":142.0,"sat":0,"light":"blue","gain":"16x"}
23:03:16.765  {"type":"live","t":1012680,"c":0,"r":0,"g":0,"b":0,"pta":142.0,"ptb":142.0,"sat":0,"light":"blue","gain":"16x"}
23:03:16.765  {"type":"live","t":1013081,"c":0,"r":0,"g":0,"b":0,"pta":142.0,"ptb":142.0,"sat":0,"light":"blue","gain":"16x"}
23:03:17.569  {"type":"live","t":1013482,"c":0,"r":0,"g":0,"b":0,"pta":142.0,"ptb":142.0,"sat":0,"light":"blue","gain":"16x"}
23:03:17.569  {"type":"live","t":1013883,"c":0,"r":0,"g":0,"b":0,"pta":142.0,"ptb":142.0,"sat":0,"light":"blue","gain":"16x"}
23:03:18.577  {"type":"live","t":1014284,"c":0,"r":0,"g":0,"b":0,"pta":142.0,"ptb":142.0,"sat":0,"light":"blue","gain":"16x"}
23:03:18.577  {"type":"live","t":1014685,"c":0,"r":0,"g":0,"b":0,"pta":142.0,"ptb":142.0,"sat":0,"light":"blue","gain":"16x"}
23:03:18.577  {"type":"live","t":1015086,"c":0,"r":0,"g":0,"b":0,"pta":142.0,"ptb":142.0,"sat":0,"light":"blue","gain":"16x"}
23:03:19.569  {"type":"live","t":1015487,"c":0,"r":0,"g":0,"b":0,"pta":142.0,"ptb":142.0,"sat":0,"light":"blue","gain":"16x"}
23:03:19.569  {"type":"live","t":1015888,"c":0,"r":0,"g":0,"b":0,"pta":142.0,"ptb":142.0,"sat":0,"light":"blue","gain":"16x"}
23:03:20.374  {"type":"live","t":1016289,"c":0,"r":0,"g":0,"b":0,"pta":142.0,"ptb":142.0,"sat":0,"light":"blue","gain":"16x"}
23:03:20.374  {"type":"live","t":1016690,"c":0,"r":0,"g":0,"b":0,"pta":142.0,"ptb":142.0,"sat":0,"light":"blue","gain":"16x"}
23:03:21.178  {"type":"live","t":1017091,"c":0,"r":0,"g":0,"b":0,"pta":142.0,"ptb":142.0,"sat":0,"light":"blue","gain":"16x"}
23:03:21.178  {"type":"live","t":1017492,"c":0,"r":0,"g":0,"b":0,"pta":142.0,"ptb":142.0,"sat":0,"light":"blue","gain":"16x"}
23:03:22.190  {"type":"live","t":1017893,"c":0,"r":0,"g":0,"b":0,"pta":142.0,"ptb":142.0,"sat":0,"light":"blue","gain":"16x"}
23:03:22.191  {"type":"live","t":1018294,"c":0,"r":0,"g":0,"b":0,"pta":142.0,"ptb":142.0,"sat":0,"light":"blue","gain":"16x"}
23:03:22.191  {"type":"live","t":1018695,"c":0,"r":0,"g":0,"b":0,"pta":142.0,"ptb":142.0,"sat":0,"light":"blue","gain":"16x"}
23:03:23.178  {"type":"live","t":1019096,"c":0,"r":0,"g":0,"b":0,"pta":142.0,"ptb":142.0,"sat":0,"light":"blue","gain":"16x"}
23:03:23.178  {"type":"live","t":1019497,"c":0,"r":0,"g":0,"b":0,"pta":142.0,"ptb":142.0,"sat":0,"light":"blue","gain":"16x"}
23:03:23.983  {"type":"live","t":1019898,"c":0,"r":0,"g":0,"b":0,"pta":142.0,"ptb":142.0,"sat":0,"light":"blue","gain":"16x"}
23:03:23.983  {"type":"live","t":1020299,"c":0,"r":0,"g":0,"b":0,"pta":142.0,"ptb":142.0,"sat":0,"light":"blue","gain":"16x"}
23:03:24.787  {"type":"live","t":1020700,"c":0,"r":0,"g":0,"b":0,"pta":142.0,"ptb":142.0,"sat":0,"light":"blue","gain":"16x"}
23:03:24.787  {"type":"live","t":1021101,"c":0,"r":0,"g":0,"b":0,"pta":142.0,"ptb":142.0,"sat":0,"light":"blue","gain":"16x"}
23:03:25.802  {"type":"live","t":1021502,"c":0,"r":0,"g":0,"b":0,"pta":142.0,"ptb":142.0,"sat":0,"light":"blue","gain":"16x"}
23:03:25.803  {"type":"live","t":1021903,"c":0,"r":0,"g":0,"b":0,"pta":142.0,"ptb":142.0,"sat":0,"light":"blue","gain":"16x"}
23:03:25.804  {"type":"live","t":1022304,"c":0,"r":0,"g":0,"b":0,"pta":142.0,"ptb":142.0,"sat":0,"light":"blue","gain":"16x"}
23:03:26.787  {"type":"live","t":1022705,"c":0,"r":0,"g":0,"b":0,"pta":142.0,"ptb":142.0,"sat":0,"light":"blue","gain":"16x"}
23:03:26.787  {"type":"live","t":1023106,"c":0,"r":0,"g":0,"b":0,"pta":142.0,"ptb":142.0,"sat":0,"light":"blue","gain":"16x"}
23:03:27.592  {"type":"live","t":1023507,"c":0,"r":0,"g":0,"b":0,"pta":142.0,"ptb":142.0,"sat":0,"light":"blue","gain":"16x"}
23:03:27.592  {"type":"live","t":1023908,"c":0,"r":0,"g":0,"b":0,"pta":142.0,"ptb":142.0,"sat":0,"light":"blue","gain":"16x"}
23:03:28.396  {"type":"live","t":1024309,"c":0,"r":0,"g":0,"b":0,"pta":142.0,"ptb":142.0,"sat":0,"light":"blue","gain":"16x"}
23:03:28.396  {"type":"live","t":1024710,"c":0,"r":0,"g":0,"b":0,"pta":142.0,"ptb":142.0,"sat":0,"light":"blue","gain":"16x"}
23:03:29.409  {"type":"live","t":1025111,"c":0,"r":0,"g":0,"b":0,"pta":142.0,"ptb":142.0,"sat":0,"light":"blue","gain":"16x"}
23:03:29.410  {"type":"live","t":1025512,"c":0,"r":0,"g":0,"b":0,"pta":142.0,"ptb":142.0,"sat":0,"light":"blue","gain":"16x"}
23:03:29.410  {"type":"live","t":1025913,"c":0,"r":0,"g":0,"b":0,"pta":142.0,"ptb":142.0,"sat":0,"light":"blue","gain":"16x"}
23:03:30.395  {"type":"live","t":1026314,"c":0,"r":0,"g":0,"b":0,"pta":142.0,"ptb":142.0,"sat":0,"light":"blue","gain":"16x"}
23:03:30.396  {"type":"live","t":1026715,"c":0,"r":0,"g":0,"b":0,"pta":142.0,"ptb":142.0,"sat":0,"light":"blue","gain":"16x"}
23:03:31.200  {"type":"live","t":1027116,"c":0,"r":0,"g":0,"b":0,"pta":142.0,"ptb":142.0,"sat":0,"light":"blue","gain":"16x"}
23:03:31.200  {"type":"live","t":1027517,"c":0,"r":0,"g":0,"b":0,"pta":142.0,"ptb":142.0,"sat":0,"light":"blue","gain":"16x"}
23:03:32.005  {"type":"live","t":1027918,"c":0,"r":0,"g":0,"b":0,"pta":142.0,"ptb":142.0,"sat":0,"light":"blue","gain":"16x"}
23:03:32.005  {"type":"live","t":1028319,"c":0,"r":0,"g":0,"b":0,"pta":142.0,"ptb":143.7,"sat":0,"light":"blue","gain":"16x"}
23:03:33.009  {"type":"live","t":1028720,"c":0,"r":0,"g":0,"b":0,"pta":142.0,"ptb":142.0,"sat":0,"light":"blue","gain":"16x"}
23:03:33.010  {"type":"live","t":1029121,"c":0,"r":0,"g":0,"b":0,"pta":142.0,"ptb":142.0,"sat":0,"light":"blue","gain":"16x"}
23:03:33.010  {"type":"live","t":1029522,"c":0,"r":0,"g":0,"b":0,"pta":142.0,"ptb":142.0,"sat":0,"light":"blue","gain":"16x"}
23:03:34.005  {"type":"live","t":1029923,"c":0,"r":0,"g":0,"b":0,"pta":142.0,"ptb":142.0,"sat":0,"light":"blue","gain":"16x"}
23:03:34.005  {"type":"live","t":1030324,"c":0,"r":0,"g":0,"b":0,"pta":142.0,"ptb":142.0,"sat":0,"light":"blue","gain":"16x"}
23:03:34.808  {"type":"live","t":1030725,"c":0,"r":0,"g":0,"b":0,"pta":142.0,"ptb":142.0,"sat":0,"light":"blue","gain":"16x"}
23:03:34.809  {"type":"live","t":1031126,"c":0,"r":0,"g":0,"b":0,"pta":142.0,"ptb":142.0,"sat":0,"light":"blue","gain":"16x"}
23:03:35.614  {"type":"live","t":1031527,"c":0,"r":0,"g":0,"b":0,"pta":142.0,"ptb":142.0,"sat":0,"light":"blue","gain":"16x"}
23:03:35.614  {"type":"live","t":1031928,"c":0,"r":0,"g":0,"b":0,"pta":142.0,"ptb":142.0,"sat":0,"light":"blue","gain":"16x"}
23:03:36.623  {"type":"live","t":1032329,"c":0,"r":0,"g":0,"b":0,"pta":142.0,"ptb":142.0,"sat":0,"light":"blue","gain":"16x"}
23:03:36.624  {"type":"live","t":1032730,"c":0,"r":0,"g":0,"b":0,"pta":142.0,"ptb":142.0,"sat":0,"light":"blue","gain":"16x"}
23:03:36.625  {"type":"live","t":1033131,"c":0,"r":0,"g":0,"b":0,"pta":142.0,"ptb":142.0,"sat":0,"light":"blue","gain":"16x"}
23:03:37.614  {"type":"live","t":1033532,"c":0,"r":0,"g":0,"b":0,"pta":142.0,"ptb":142.0,"sat":0,"light":"blue","gain":"16x"}
23:03:37.614  {"type":"live","t":1033933,"c":0,"r":0,"g":0,"b":0,"pta":142.0,"ptb":142.0,"sat":0,"light":"blue","gain":"16x"}
23:03:38.418  {"type":"live","t":1034334,"c":0,"r":0,"g":0,"b":0,"pta":142.0,"ptb":142.0,"sat":0,"light":"blue","gain":"16x"}
23:03:38.418  {"type":"live","t":1034735,"c":0,"r":0,"g":0,"b":0,"pta":142.0,"ptb":142.0,"sat":0,"light":"blue","gain":"16x"}
23:03:39.222  {"type":"live","t":1035136,"c":0,"r":0,"g":0,"b":0,"pta":142.0,"ptb":142.0,"sat":0,"light":"blue","gain":"16x"}
23:03:39.223  {"type":"live","t":1035537,"c":0,"r":0,"g":0,"b":0,"pta":142.0,"ptb":142.0,"sat":0,"light":"blue","gain":"16x"}
23:03:40.238  {"type":"live","t":1035938,"c":0,"r":0,"g":0,"b":0,"pta":142.0,"ptb":142.0,"sat":0,"light":"blue","gain":"16x"}
23:03:40.239  {"type":"live","t":1036339,"c":0,"r":0,"g":0,"b":0,"pta":142.0,"ptb":142.0,"sat":0,"light":"blue","gain":"16x"}
23:03:40.240  {"type":"live","t":1036740,"c":0,"r":0,"g":0,"b":0,"pta":142.0,"ptb":142.0,"sat":0,"light":"blue","gain":"16x"}
23:03:41.222  {"type":"live","t":1037141,"c":0,"r":0,"g":0,"b":0,"pta":142.0,"ptb":142.0,"sat":0,"light":"blue","gain":"16x"}
23:03:41.222  {"type":"live","t":1037542,"c":0,"r":0,"g":0,"b":0,"pta":142.0,"ptb":142.0,"sat":0,"light":"blue","gain":"16x"}
23:03:42.027  {"type":"live","t":1037943,"c":0,"r":0,"g":0,"b":0,"pta":142.0,"ptb":142.0,"sat":0,"light":"blue","gain":"16x"}
23:03:42.027  {"type":"live","t":1038344,"c":0,"r":0,"g":0,"b":0,"pta":142.0,"ptb":142.0,"sat":0,"light":"blue","gain":"16x"}
23:03:42.832  {"type":"live","t":1038745,"c":0,"r":0,"g":0,"b":0,"pta":142.0,"ptb":142.0,"sat":0,"light":"blue","gain":"16x"}
23:03:42.832  {"type":"live","t":1039146,"c":0,"r":0,"g":0,"b":0,"pta":142.0,"ptb":142.0,"sat":0,"light":"blue","gain":"16x"}
23:03:43.835  {"type":"live","t":1039547,"c":0,"r":0,"g":0,"b":0,"pta":142.0,"ptb":142.0,"sat":0,"light":"blue","gain":"16x"}
23:03:43.835  {"type":"live","t":1039948,"c":0,"r":0,"g":0,"b":0,"pta":142.0,"ptb":142.0,"sat":0,"light":"blue","gain":"16x"}
23:03:43.835  {"type":"live","t":1040349,"c":0,"r":0,"g":0,"b":0,"pta":142.0,"ptb":142.0,"sat":0,"light":"blue","gain":"16x"}
23:03:44.831  {"type":"live","t":1040750,"c":0,"r":0,"g":0,"b":0,"pta":142.0,"ptb":142.0,"sat":0,"light":"blue","gain":"16x"}
23:03:44.831  {"type":"live","t":1041151,"c":0,"r":0,"g":0,"b":0,"pta":142.0,"ptb":142.0,"sat":0,"light":"blue","gain":"16x"}
23:03:45.636  {"type":"live","t":1041552,"c":0,"r":0,"g":0,"b":0,"pta":142.0,"ptb":142.0,"sat":0,"light":"blue","gain":"16x"}
23:03:45.636  {"type":"live","t":1041953,"c":0,"r":0,"g":0,"b":0,"pta":142.0,"ptb":142.0,"sat":0,"light":"blue","gain":"16x"}
23:03:46.441  {"type":"live","t":1042354,"c":0,"r":0,"g":0,"b":0,"pta":142.0,"ptb":142.0,"sat":0,"light":"blue","gain":"16x"}
23:03:46.441  {"type":"live","t":1042755,"c":0,"r":0,"g":0,"b":0,"pta":142.0,"ptb":142.0,"sat":0,"light":"blue","gain":"16x"}
23:03:47.447  {"type":"live","t":1043156,"c":0,"r":0,"g":0,"b":0,"pta":142.0,"ptb":142.1,"sat":0,"light":"blue","gain":"16x"}
23:03:47.448  {"type":"live","t":1043557,"c":0,"r":0,"g":0,"b":0,"pta":142.0,"ptb":142.0,"sat":0,"light":"blue","gain":"16x"}
23:03:47.448  {"type":"live","t":1043958,"c":0,"r":0,"g":0,"b":0,"pta":142.0,"ptb":142.0,"sat":0,"light":"blue","gain":"16x"}
23:03:48.440  {"type":"live","t":1044359,"c":0,"r":0,"g":0,"b":0,"pta":142.0,"ptb":142.0,"sat":0,"light":"blue","gain":"16x"}
23:03:48.440  {"type":"live","t":1044760,"c":0,"r":0,"g":0,"b":0,"pta":142.0,"ptb":142.0,"sat":0,"light":"blue","gain":"16x"}
23:03:49.244  {"type":"live","t":1045161,"c":0,"r":0,"g":0,"b":0,"pta":142.0,"ptb":142.0,"sat":0,"light":"blue","gain":"16x"}
23:03:49.245  {"type":"live","t":1045562,"c":0,"r":0,"g":0,"b":0,"pta":142.0,"ptb":142.0,"sat":0,"light":"blue","gain":"16x"}
23:03:50.050  {"type":"live","t":1045963,"c":0,"r":0,"g":0,"b":0,"pta":142.0,"ptb":142.0,"sat":0,"light":"blue","gain":"16x"}
23:03:50.050  {"type":"live","t":1046364,"c":0,"r":0,"g":0,"b":0,"pta":142.0,"ptb":142.0,"sat":0,"light":"blue","gain":"16x"}
23:03:51.050  {"type":"live","t":1046765,"c":0,"r":0,"g":0,"b":0,"pta":142.0,"ptb":142.0,"sat":0,"light":"blue","gain":"16x"}
23:03:51.051  {"type":"live","t":1047166,"c":0,"r":0,"g":0,"b":0,"pta":142.0,"ptb":142.0,"sat":0,"light":"blue","gain":"16x"}
23:03:51.051  {"type":"live","t":1047567,"c":0,"r":0,"g":0,"b":0,"pta":142.0,"ptb":142.0,"sat":0,"light":"blue","gain":"16x"}
23:03:52.049  {"type":"live","t":1047968,"c":0,"r":0,"g":0,"b":0,"pta":142.0,"ptb":142.0,"sat":0,"light":"blue","gain":"16x"}
23:03:52.049  {"type":"live","t":1048369,"c":0,"r":0,"g":0,"b":0,"pta":142.0,"ptb":142.0,"sat":0,"light":"blue","gain":"16x"}
23:03:52.854  {"type":"live","t":1048770,"c":0,"r":0,"g":0,"b":0,"pta":142.0,"ptb":142.0,"sat":0,"light":"blue","gain":"16x"}
23:03:52.854  {"type":"live","t":1049171,"c":0,"r":0,"g":0,"b":0,"pta":142.0,"ptb":142.0,"sat":0,"light":"blue","gain":"16x"}
23:03:53.659  {"type":"live","t":1049572,"c":0,"r":0,"g":0,"b":0,"pta":142.0,"ptb":142.0,"sat":0,"light":"blue","gain":"16x"}
23:03:53.659  {"type":"live","t":1049973,"c":0,"r":0,"g":0,"b":0,"pta":142.0,"ptb":142.0,"sat":0,"light":"blue","gain":"16x"}
23:03:54.673  {"type":"live","t":1050374,"c":0,"r":0,"g":0,"b":0,"pta":142.0,"ptb":142.0,"sat":0,"light":"blue","gain":"16x"}
23:03:54.673  {"type":"live","t":1050775,"c":0,"r":0,"g":0,"b":0,"pta":142.0,"ptb":142.0,"sat":0,"light":"blue","gain":"16x"}
23:03:54.674  {"type":"live","t":1051176,"c":0,"r":0,"g":0,"b":0,"pta":142.0,"ptb":142.0,"sat":0,"light":"blue","gain":"16x"}
23:03:55.658  {"type":"live","t":1051577,"c":0,"r":0,"g":0,"b":0,"pta":142.0,"ptb":142.0,"sat":0,"light":"blue","gain":"16x"}
23:03:55.658  {"type":"live","t":1051978,"c":0,"r":0,"g":0,"b":0,"pta":142.0,"ptb":142.0,"sat":0,"light":"blue","gain":"16x"}
23:03:56.463  {"type":"live","t":1052379,"c":0,"r":0,"g":0,"b":0,"pta":142.0,"ptb":142.0,"sat":0,"light":"blue","gain":"16x"}
23:03:56.463  {"type":"live","t":1052780,"c":0,"r":0,"g":0,"b":0,"pta":142.0,"ptb":142.0,"sat":0,"light":"blue","gain":"16x"}
23:03:57.268  {"type":"live","t":1053181,"c":0,"r":0,"g":0,"b":0,"pta":142.0,"ptb":142.0,"sat":0,"light":"blue","gain":"16x"}
23:03:57.268  {"type":"live","t":1053582,"c":0,"r":0,"g":0,"b":0,"pta":142.0,"ptb":142.0,"sat":0,"light":"blue","gain":"16x"}
23:03:58.271  {"type":"live","t":1053983,"c":0,"r":0,"g":0,"b":0,"pta":142.0,"ptb":142.0,"sat":0,"light":"blue","gain":"16x"}
23:03:58.272  {"type":"live","t":1054384,"c":0,"r":0,"g":0,"b":0,"pta":142.0,"ptb":142.0,"sat":0,"light":"blue","gain":"16x"}
23:03:58.272  {"type":"live","t":1054785,"c":0,"r":0,"g":0,"b":0,"pta":142.0,"ptb":142.0,"sat":0,"light":"blue","gain":"16x"}
23:03:59.267  {"type":"live","t":1055186,"c":0,"r":0,"g":0,"b":0,"pta":142.0,"ptb":142.0,"sat":0,"light":"blue","gain":"16x"}
23:03:59.267  {"type":"live","t":1055587,"c":0,"r":0,"g":0,"b":0,"pta":142.0,"ptb":142.0,"sat":0,"light":"blue","gain":"16x"}
23:04:00.072  {"type":"live","t":1055988,"c":0,"r":0,"g":0,"b":0,"pta":142.0,"ptb":142.0,"sat":0,"light":"blue","gain":"16x"}
23:04:00.072  {"type":"live","t":1056389,"c":0,"r":0,"g":0,"b":0,"pta":142.0,"ptb":142.0,"sat":0,"light":"blue","gain":"16x"}
23:04:00.877  {"type":"live","t":1056790,"c":0,"r":0,"g":0,"b":0,"pta":142.0,"ptb":142.0,"sat":0,"light":"blue","gain":"16x"}
23:04:00.877  {"type":"live","t":1057191,"c":0,"r":0,"g":0,"b":0,"pta":142.0,"ptb":142.0,"sat":0,"light":"blue","gain":"16x"}
23:04:01.883  {"type":"live","t":1057592,"c":0,"r":0,"g":0,"b":0,"pta":142.0,"ptb":142.0,"sat":0,"light":"blue","gain":"16x"}
23:04:01.883  {"type":"live","t":1057993,"c":0,"r":0,"g":0,"b":0,"pta":142.0,"ptb":142.0,"sat":0,"light":"blue","gain":"16x"}
23:04:01.884  {"type":"live","t":1058394,"c":0,"r":0,"g":0,"b":0,"pta":142.0,"ptb":142.0,"sat":0,"light":"blue","gain":"16x"}
23:04:02.876  {"type":"live","t":1058795,"c":0,"r":0,"g":0,"b":0,"pta":142.0,"ptb":142.0,"sat":0,"light":"blue","gain":"16x"}
23:04:02.876  {"type":"live","t":1059196,"c":0,"r":0,"g":0,"b":0,"pta":142.0,"ptb":142.0,"sat":0,"light":"blue","gain":"16x"}
23:04:03.681  {"type":"live","t":1059597,"c":0,"r":0,"g":0,"b":0,"pta":142.0,"ptb":142.0,"sat":0,"light":"blue","gain":"16x"}
23:04:03.681  {"type":"live","t":1059998,"c":0,"r":0,"g":0,"b":0,"pta":142.0,"ptb":142.0,"sat":0,"light":"blue","gain":"16x"}
23:04:04.486  {"type":"live","t":1060399,"c":0,"r":0,"g":0,"b":0,"pta":142.0,"ptb":142.0,"sat":0,"light":"blue","gain":"16x"}
23:04:04.486  {"type":"live","t":1060800,"c":0,"r":0,"g":0,"b":0,"pta":142.0,"ptb":142.0,"sat":0,"light":"blue","gain":"16x"}
23:04:05.495  {"type":"live","t":1061201,"c":0,"r":0,"g":0,"b":0,"pta":142.0,"ptb":142.0,"sat":0,"light":"blue","gain":"16x"}
23:04:05.504  {"type":"live","t":1061602,"c":0,"r":0,"g":0,"b":0,"pta":142.0,"ptb":142.0,"sat":0,"light":"blue","gain":"16x"}
23:04:05.504  {"type":"live","t":1062003,"c":0,"r":0,"g":0,"b":0,"pta":142.0,"ptb":142.0,"sat":0,"light":"blue","gain":"16x"}
23:04:06.485  {"type":"live","t":1062404,"c":0,"r":0,"g":0,"b":0,"pta":142.0,"ptb":142.0,"sat":0,"light":"blue","gain":"16x"}
23:04:06.485  {"type":"live","t":1062805,"c":0,"r":0,"g":0,"b":0,"pta":142.0,"ptb":142.0,"sat":0,"light":"blue","gain":"16x"}
23:04:07.290  {"type":"live","t":1063206,"c":0,"r":0,"g":0,"b":0,"pta":142.0,"ptb":142.0,"sat":0,"light":"blue","gain":"16x"}
23:04:07.290  {"type":"live","t":1063607,"c":0,"r":0,"g":0,"b":0,"pta":142.0,"ptb":142.0,"sat":0,"light":"blue","gain":"16x"}
23:04:08.095  {"type":"live","t":1064008,"c":0,"r":0,"g":0,"b":0,"pta":142.0,"ptb":142.0,"sat":0,"light":"blue","gain":"16x"}
23:04:08.095  {"type":"live","t":1064409,"c":0,"r":0,"g":0,"b":0,"pta":142.0,"ptb":142.0,"sat":0,"light":"blue","gain":"16x"}
23:04:09.104  {"type":"live","t":1064810,"c":0,"r":0,"g":0,"b":0,"pta":142.0,"ptb":142.0,"sat":0,"light":"blue","gain":"16x"}
23:04:09.104  {"type":"live","t":1065211,"c":0,"r":0,"g":0,"b":0,"pta":142.0,"ptb":142.0,"sat":0,"light":"blue","gain":"16x"}
23:04:09.105  {"type":"live","t":1065612,"c":0,"r":0,"g":0,"b":0,"pta":142.0,"ptb":142.0,"sat":0,"light":"blue","gain":"16x"}
23:04:10.094  {"type":"live","t":1066013,"c":0,"r":0,"g":0,"b":0,"pta":142.0,"ptb":142.0,"sat":0,"light":"blue","gain":"16x"}
23:04:10.094  {"type":"live","t":1066414,"c":0,"r":0,"g":0,"b":0,"pta":142.0,"ptb":142.0,"sat":0,"light":"blue","gain":"16x"}
23:04:10.899  {"type":"live","t":1066815,"c":0,"r":0,"g":0,"b":0,"pta":142.0,"ptb":142.0,"sat":0,"light":"blue","gain":"16x"}
23:04:10.899  {"type":"live","t":1067216,"c":0,"r":0,"g":0,"b":0,"pta":142.0,"ptb":142.0,"sat":0,"light":"blue","gain":"16x"}
23:04:11.704  {"type":"live","t":1067617,"c":0,"r":0,"g":0,"b":0,"pta":142.0,"ptb":142.0,"sat":0,"light":"blue","gain":"16x"}
23:04:11.704  {"type":"live","t":1068018,"c":0,"r":0,"g":0,"b":0,"pta":142.0,"ptb":142.0,"sat":0,"light":"blue","gain":"16x"}
23:04:12.710  {"type":"live","t":1068419,"c":0,"r":0,"g":0,"b":0,"pta":142.0,"ptb":142.0,"sat":0,"light":"blue","gain":"16x"}
23:04:12.711  {"type":"live","t":1068820,"c":0,"r":0,"g":0,"b":0,"pta":142.0,"ptb":142.0,"sat":0,"light":"blue","gain":"16x"}
23:04:12.712  {"type":"live","t":1069221,"c":0,"r":0,"g":0,"b":0,"pta":142.0,"ptb":142.1,"sat":0,"light":"blue","gain":"16x"}
23:04:13.703  {"type":"live","t":1069622,"c":0,"r":0,"g":0,"b":0,"pta":142.0,"ptb":142.0,"sat":0,"light":"blue","gain":"16x"}
23:04:13.703  {"type":"live","t":1070023,"c":0,"r":0,"g":0,"b":0,"pta":142.0,"ptb":142.0,"sat":0,"light":"blue","gain":"16x"}
23:04:14.508  {"type":"live","t":1070424,"c":0,"r":0,"g":0,"b":0,"pta":142.0,"ptb":142.0,"sat":0,"light":"blue","gain":"16x"}
23:04:14.508  {"type":"live","t":1070825,"c":0,"r":0,"g":0,"b":0,"pta":142.0,"ptb":142.0,"sat":0,"light":"blue","gain":"16x"}
23:04:15.312  {"type":"live","t":1071226,"c":0,"r":0,"g":0,"b":0,"pta":142.0,"ptb":142.0,"sat":0,"light":"blue","gain":"16x"}
23:04:15.312  {"type":"live","t":1071627,"c":0,"r":0,"g":0,"b":0,"pta":142.0,"ptb":142.0,"sat":0,"light":"blue","gain":"16x"}
23:04:16.321  {"type":"live","t":1072028,"c":0,"r":0,"g":0,"b":0,"pta":142.0,"ptb":142.0,"sat":0,"light":"blue","gain":"16x"}
23:04:16.321  {"type":"live","t":1072429,"c":0,"r":0,"g":0,"b":0,"pta":142.0,"ptb":142.0,"sat":0,"light":"blue","gain":"16x"}
23:04:16.321  {"type":"live","t":1072830,"c":0,"r":0,"g":0,"b":0,"pta":142.0,"ptb":142.0,"sat":0,"light":"blue","gain":"16x"}
23:04:17.312  {"type":"live","t":1073231,"c":0,"r":0,"g":0,"b":0,"pta":142.0,"ptb":142.0,"sat":0,"light":"blue","gain":"16x"}
23:04:17.312  {"type":"live","t":1073632,"c":0,"r":0,"g":0,"b":0,"pta":142.0,"ptb":142.0,"sat":0,"light":"blue","gain":"16x"}
23:04:18.117  {"type":"live","t":1074033,"c":0,"r":0,"g":0,"b":0,"pta":142.0,"ptb":142.0,"sat":0,"light":"blue","gain":"16x"}
23:04:18.117  {"type":"live","t":1074434,"c":0,"r":0,"g":0,"b":0,"pta":142.0,"ptb":142.0,"sat":0,"light":"blue","gain":"16x"}
23:04:18.921  {"type":"live","t":1074835,"c":0,"r":0,"g":0,"b":0,"pta":142.0,"ptb":142.0,"sat":0,"light":"blue","gain":"16x"}
23:04:18.921  {"type":"live","t":1075236,"c":0,"r":0,"g":0,"b":0,"pta":142.0,"ptb":142.0,"sat":0,"light":"blue","gain":"16x"}
23:04:19.928  {"type":"live","t":1075637,"c":0,"r":0,"g":0,"b":0,"pta":142.0,"ptb":142.0,"sat":0,"light":"blue","gain":"16x"}
23:04:19.928  {"type":"live","t":1076038,"c":0,"r":0,"g":0,"b":0,"pta":142.0,"ptb":142.0,"sat":0,"light":"blue","gain":"16x"}
23:04:19.929  {"type":"live","t":1076439,"c":0,"r":0,"g":0,"b":0,"pta":142.0,"ptb":142.0,"sat":0,"light":"blue","gain":"16x"}
23:04:20.921  {"type":"live","t":1076840,"c":0,"r":0,"g":0,"b":0,"pta":142.0,"ptb":142.0,"sat":0,"light":"blue","gain":"16x"}
23:04:20.921  {"type":"live","t":1077241,"c":0,"r":0,"g":0,"b":0,"pta":142.0,"ptb":142.0,"sat":0,"light":"blue","gain":"16x"}
23:04:21.726  {"type":"live","t":1077642,"c":0,"r":0,"g":0,"b":0,"pta":142.0,"ptb":142.0,"sat":0,"light":"blue","gain":"16x"}
23:04:21.726  {"type":"live","t":1078043,"c":0,"r":0,"g":0,"b":0,"pta":142.0,"ptb":142.0,"sat":0,"light":"blue","gain":"16x"}
23:04:22.530  {"type":"live","t":1078444,"c":0,"r":0,"g":0,"b":0,"pta":142.0,"ptb":142.0,"sat":0,"light":"blue","gain":"16x"}
23:04:22.530  {"type":"live","t":1078845,"c":0,"r":0,"g":0,"b":0,"pta":142.0,"ptb":142.0,"sat":0,"light":"blue","gain":"16x"}
23:04:23.545  {"type":"live","t":1079246,"c":0,"r":0,"g":0,"b":0,"pta":142.0,"ptb":142.0,"sat":0,"light":"blue","gain":"16x"}
23:04:23.546  {"type":"live","t":1079647,"c":0,"r":0,"g":0,"b":0,"pta":142.0,"ptb":142.0,"sat":0,"light":"blue","gain":"16x"}
23:04:23.546  {"type":"live","t":1080048,"c":0,"r":0,"g":0,"b":0,"pta":142.0,"ptb":142.0,"sat":0,"light":"blue","gain":"16x"}
23:04:24.530  {"type":"live","t":1080449,"c":0,"r":0,"g":0,"b":0,"pta":142.0,"ptb":142.0,"sat":0,"light":"blue","gain":"16x"}
23:04:24.530  {"type":"live","t":1080850,"c":0,"r":0,"g":0,"b":0,"pta":142.0,"ptb":142.0,"sat":0,"light":"blue","gain":"16x"}
23:04:25.335  {"type":"live","t":1081251,"c":0,"r":0,"g":0,"b":0,"pta":142.0,"ptb":142.0,"sat":0,"light":"blue","gain":"16x"}
23:04:25.335  {"type":"live","t":1081652,"c":0,"r":0,"g":0,"b":0,"pta":142.0,"ptb":142.0,"sat":0,"light":"blue","gain":"16x"}
23:04:26.139  {"type":"live","t":1082053,"c":0,"r":0,"g":0,"b":0,"pta":142.0,"ptb":142.0,"sat":0,"light":"blue","gain":"16x"}
23:04:26.139  {"type":"live","t":1082454,"c":0,"r":0,"g":0,"b":0,"pta":142.0,"ptb":142.0,"sat":0,"light":"blue","gain":"16x"}
23:04:27.152  {"type":"live","t":1082855,"c":0,"r":0,"g":0,"b":0,"pta":142.0,"ptb":142.0,"sat":0,"light":"blue","gain":"16x"}
23:04:27.152  {"type":"live","t":1083256,"c":0,"r":0,"g":0,"b":0,"pta":142.0,"ptb":142.0,"sat":0,"light":"blue","gain":"16x"}
23:04:27.152  {"type":"live","t":1083657,"c":0,"r":0,"g":0,"b":0,"pta":142.0,"ptb":142.0,"sat":0,"light":"blue","gain":"16x"}
23:04:28.139  {"type":"live","t":1084058,"c":0,"r":0,"g":0,"b":0,"pta":142.0,"ptb":142.0,"sat":0,"light":"blue","gain":"16x"}
23:04:28.139  {"type":"live","t":1084459,"c":0,"r":0,"g":0,"b":0,"pta":142.0,"ptb":142.0,"sat":0,"light":"blue","gain":"16x"}
23:04:28.944  {"type":"live","t":1084860,"c":0,"r":0,"g":0,"b":0,"pta":142.0,"ptb":142.0,"sat":0,"light":"blue","gain":"16x"}
23:04:28.944  {"type":"live","t":1085261,"c":0,"r":0,"g":0,"b":0,"pta":142.0,"ptb":142.0,"sat":0,"light":"blue","gain":"16x"}
23:04:29.748  {"type":"live","t":1085662,"c":0,"r":0,"g":0,"b":0,"pta":142.0,"ptb":142.0,"sat":0,"light":"blue","gain":"16x"}
23:04:29.748  {"type":"live","t":1086063,"c":0,"r":0,"g":0,"b":0,"pta":142.0,"ptb":142.0,"sat":0,"light":"blue","gain":"16x"}
23:04:30.761  {"type":"live","t":1086464,"c":0,"r":0,"g":0,"b":0,"pta":142.0,"ptb":142.0,"sat":0,"light":"blue","gain":"16x"}
23:04:30.761  {"type":"live","t":1086865,"c":0,"r":0,"g":0,"b":0,"pta":142.0,"ptb":142.0,"sat":0,"light":"blue","gain":"16x"}
23:04:30.761  {"type":"live","t":1087266,"c":0,"r":0,"g":0,"b":0,"pta":142.0,"ptb":142.0,"sat":0,"light":"blue","gain":"16x"}
23:04:31.748  {"type":"live","t":1087668,"c":0,"r":0,"g":0,"b":0,"pta":142.0,"ptb":142.0,"sat":0,"light":"blue","gain":"16x"}
23:04:31.748  {"type":"live","t":1088068,"c":0,"r":0,"g":0,"b":0,"pta":142.0,"ptb":142.0,"sat":0,"light":"blue","gain":"16x"}
23:04:32.553  {"type":"live","t":1088470,"c":0,"r":0,"g":0,"b":0,"pta":142.0,"ptb":142.0,"sat":0,"light":"blue","gain":"16x"}
23:04:32.553  {"type":"live","t":1088870,"c":0,"r":0,"g":0,"b":0,"pta":142.0,"ptb":142.1,"sat":0,"light":"blue","gain":"16x"}
23:04:33.357  {"type":"live","t":1089272,"c":0,"r":0,"g":0,"b":0,"pta":142.0,"ptb":142.0,"sat":0,"light":"blue","gain":"16x"}
23:04:33.357  {"type":"live","t":1089673,"c":0,"r":0,"g":0,"b":0,"pta":142.0,"ptb":142.0,"sat":0,"light":"blue","gain":"16x"}
23:04:34.371  {"type":"live","t":1090074,"c":0,"r":0,"g":0,"b":0,"pta":142.0,"ptb":142.0,"sat":0,"light":"blue","gain":"16x"}
23:04:34.372  {"type":"live","t":1090475,"c":0,"r":0,"g":0,"b":0,"pta":142.0,"ptb":142.0,"sat":0,"light":"blue","gain":"16x"}
23:04:34.372  {"type":"live","t":1090876,"c":0,"r":0,"g":0,"b":0,"pta":142.0,"ptb":142.0,"sat":0,"light":"blue","gain":"16x"}
23:04:35.357  {"type":"live","t":1091277,"c":0,"r":0,"g":0,"b":0,"pta":142.0,"ptb":142.0,"sat":0,"light":"blue","gain":"16x"}
23:04:35.357  {"type":"live","t":1091678,"c":0,"r":0,"g":0,"b":0,"pta":142.0,"ptb":142.0,"sat":0,"light":"blue","gain":"16x"}
23:04:36.161  {"type":"live","t":1092079,"c":0,"r":0,"g":0,"b":0,"pta":142.0,"ptb":142.0,"sat":0,"light":"blue","gain":"16x"}
23:04:36.161  {"type":"live","t":1092480,"c":0,"r":0,"g":0,"b":0,"pta":142.0,"ptb":142.0,"sat":0,"light":"blue","gain":"16x"}
23:04:36.966  {"type":"live","t":1092881,"c":0,"r":0,"g":0,"b":0,"pta":142.0,"ptb":142.0,"sat":0,"light":"blue","gain":"16x"}
23:04:36.966  {"type":"live","t":1093282,"c":0,"r":0,"g":0,"b":0,"pta":142.0,"ptb":142.0,"sat":0,"light":"blue","gain":"16x"}
23:04:37.974  {"type":"live","t":1093683,"c":0,"r":0,"g":0,"b":0,"pta":142.0,"ptb":142.0,"sat":0,"light":"blue","gain":"16x"}
23:04:37.974  {"type":"live","t":1094084,"c":0,"r":0,"g":0,"b":0,"pta":142.0,"ptb":142.0,"sat":0,"light":"blue","gain":"16x"}
23:04:37.975  {"type":"live","t":1094485,"c":0,"r":0,"g":0,"b":0,"pta":142.0,"ptb":143.1,"sat":0,"light":"blue","gain":"16x"}
23:04:38.966  {"type":"live","t":1094886,"c":0,"r":0,"g":0,"b":0,"pta":142.0,"ptb":142.0,"sat":0,"light":"blue","gain":"16x"}
23:04:38.966  {"type":"live","t":1095287,"c":0,"r":0,"g":0,"b":0,"pta":142.0,"ptb":142.0,"sat":0,"light":"blue","gain":"16x"}
23:04:39.770  {"type":"live","t":1095688,"c":0,"r":0,"g":0,"b":0,"pta":142.0,"ptb":142.0,"sat":0,"light":"blue","gain":"16x"}
23:04:39.770  {"type":"live","t":1096089,"c":0,"r":0,"g":0,"b":0,"pta":142.0,"ptb":142.0,"sat":0,"light":"blue","gain":"16x"}
23:04:40.575  {"type":"live","t":1096490,"c":0,"r":0,"g":0,"b":0,"pta":142.0,"ptb":142.0,"sat":0,"light":"blue","gain":"16x"}
23:04:40.575  {"type":"live","t":1096891,"c":0,"r":0,"g":0,"b":0,"pta":142.0,"ptb":142.0,"sat":0,"light":"blue","gain":"16x"}
23:04:41.580  {"type":"live","t":1097292,"c":0,"r":0,"g":0,"b":0,"pta":142.0,"ptb":142.0,"sat":0,"light":"blue","gain":"16x"}
23:04:41.580  {"type":"live","t":1097693,"c":0,"r":0,"g":0,"b":0,"pta":142.0,"ptb":142.0,"sat":0,"light":"blue","gain":"16x"}
23:04:41.580  {"type":"live","t":1098094,"c":0,"r":0,"g":0,"b":0,"pta":142.0,"ptb":142.0,"sat":0,"light":"blue","gain":"16x"}
23:04:42.575  {"type":"live","t":1098495,"c":0,"r":0,"g":0,"b":0,"pta":142.0,"ptb":142.0,"sat":0,"light":"blue","gain":"16x"}
23:04:42.575  {"type":"live","t":1098896,"c":0,"r":0,"g":0,"b":0,"pta":142.0,"ptb":142.0,"sat":0,"light":"blue","gain":"16x"}
23:04:43.379  {"type":"live","t":1099297,"c":0,"r":0,"g":0,"b":0,"pta":142.0,"ptb":142.0,"sat":0,"light":"blue","gain":"16x"}
23:04:43.379  {"type":"live","t":1099698,"c":0,"r":0,"g":0,"b":0,"pta":142.0,"ptb":142.0,"sat":0,"light":"blue","gain":"16x"}
23:04:44.184  {"type":"live","t":1100099,"c":0,"r":0,"g":0,"b":0,"pta":142.0,"ptb":142.0,"sat":0,"light":"blue","gain":"16x"}
23:04:44.185  {"type":"live","t":1100500,"c":0,"r":0,"g":0,"b":0,"pta":142.0,"ptb":142.0,"sat":0,"light":"blue","gain":"16x"}
23:04:45.189  {"type":"live","t":1100901,"c":0,"r":0,"g":0,"b":0,"pta":142.0,"ptb":142.0,"sat":0,"light":"blue","gain":"16x"}
23:04:45.189  {"type":"live","t":1101302,"c":0,"r":0,"g":0,"b":0,"pta":142.0,"ptb":142.0,"sat":0,"light":"blue","gain":"16x"}
23:04:45.190  {"type":"live","t":1101703,"c":0,"r":0,"g":0,"b":0,"pta":142.0,"ptb":142.0,"sat":0,"light":"blue","gain":"16x"}
23:04:46.184  {"type":"live","t":1102104,"c":0,"r":0,"g":0,"b":0,"pta":142.0,"ptb":142.0,"sat":0,"light":"blue","gain":"16x"}
23:04:46.184  {"type":"live","t":1102505,"c":0,"r":0,"g":0,"b":0,"pta":142.0,"ptb":142.0,"sat":0,"light":"blue","gain":"16x"}
23:04:46.988  {"type":"live","t":1102906,"c":0,"r":0,"g":0,"b":0,"pta":142.0,"ptb":142.0,"sat":0,"light":"blue","gain":"16x"}
23:04:46.988  {"type":"live","t":1103307,"c":0,"r":0,"g":0,"b":0,"pta":142.0,"ptb":142.0,"sat":0,"light":"blue","gain":"16x"}
23:04:47.793  {"type":"live","t":1103708,"c":0,"r":0,"g":0,"b":0,"pta":142.0,"ptb":142.0,"sat":0,"light":"blue","gain":"16x"}
23:04:47.793  {"type":"live","t":1104109,"c":0,"r":0,"g":0,"b":0,"pta":142.0,"ptb":142.0,"sat":0,"light":"blue","gain":"16x"}
23:04:48.806  {"type":"live","t":1104510,"c":0,"r":0,"g":0,"b":0,"pta":142.0,"ptb":142.0,"sat":0,"light":"blue","gain":"16x"}
23:04:48.806  {"type":"live","t":1104911,"c":0,"r":0,"g":0,"b":0,"pta":142.0,"ptb":142.0,"sat":0,"light":"blue","gain":"16x"}
23:04:48.807  {"type":"live","t":1105312,"c":0,"r":0,"g":0,"b":0,"pta":142.0,"ptb":142.0,"sat":0,"light":"blue","gain":"16x"}
23:04:49.792  {"type":"live","t":1105713,"c":0,"r":0,"g":0,"b":0,"pta":142.0,"ptb":142.0,"sat":0,"light":"blue","gain":"16x"}
23:04:49.792  {"type":"live","t":1106114,"c":0,"r":0,"g":0,"b":0,"pta":142.0,"ptb":142.0,"sat":0,"light":"blue","gain":"16x"}
23:04:50.597  {"type":"live","t":1106515,"c":0,"r":0,"g":0,"b":0,"pta":142.0,"ptb":142.0,"sat":0,"light":"blue","gain":"16x"}
23:04:50.597  {"type":"live","t":1106916,"c":0,"r":0,"g":0,"b":0,"pta":142.0,"ptb":142.0,"sat":0,"light":"blue","gain":"16x"}
23:04:51.402  {"type":"live","t":1107317,"c":0,"r":0,"g":0,"b":0,"pta":142.0,"ptb":142.0,"sat":0,"light":"blue","gain":"16x"}
23:04:51.402  {"type":"live","t":1107718,"c":0,"r":0,"g":0,"b":0,"pta":142.0,"ptb":142.0,"sat":0,"light":"blue","gain":"16x"}
23:04:52.405  {"type":"live","t":1108119,"c":0,"r":0,"g":0,"b":0,"pta":142.0,"ptb":142.0,"sat":0,"light":"blue","gain":"16x"}
23:04:52.406  {"type":"live","t":1108520,"c":0,"r":0,"g":0,"b":0,"pta":142.0,"ptb":142.0,"sat":0,"light":"blue","gain":"16x"}
23:04:52.406  {"type":"live","t":1108921,"c":0,"r":0,"g":0,"b":0,"pta":142.0,"ptb":142.0,"sat":0,"light":"blue","gain":"16x"}
23:04:53.401  {"type":"live","t":1109322,"c":0,"r":0,"g":0,"b":0,"pta":142.0,"ptb":142.0,"sat":0,"light":"blue","gain":"16x"}
23:04:53.401  {"type":"live","t":1109723,"c":0,"r":0,"g":0,"b":0,"pta":142.0,"ptb":142.0,"sat":0,"light":"blue","gain":"16x"}
23:04:54.206  {"type":"live","t":1110124,"c":0,"r":0,"g":0,"b":0,"pta":142.0,"ptb":142.0,"sat":0,"light":"blue","gain":"16x"}
23:04:54.206  {"type":"live","t":1110525,"c":0,"r":0,"g":0,"b":0,"pta":142.0,"ptb":142.0,"sat":0,"light":"blue","gain":"16x"}
23:04:55.011  {"type":"live","t":1110926,"c":0,"r":0,"g":0,"b":0,"pta":142.0,"ptb":142.0,"sat":0,"light":"blue","gain":"16x"}
23:04:55.011  {"type":"live","t":1111327,"c":0,"r":0,"g":0,"b":0,"pta":142.0,"ptb":142.0,"sat":0,"light":"blue","gain":"16x"}
23:04:56.022  {"type":"live","t":1111728,"c":0,"r":0,"g":0,"b":0,"pta":142.0,"ptb":142.0,"sat":0,"light":"blue","gain":"16x"}
23:04:56.022  {"type":"live","t":1112129,"c":0,"r":0,"g":0,"b":0,"pta":142.0,"ptb":142.0,"sat":0,"light":"blue","gain":"16x"}
23:04:56.023  {"type":"live","t":1112530,"c":0,"r":0,"g":0,"b":0,"pta":142.0,"ptb":142.0,"sat":0,"light":"blue","gain":"16x"}
23:04:57.010  {"type":"live","t":1112931,"c":0,"r":0,"g":0,"b":0,"pta":142.0,"ptb":142.0,"sat":0,"light":"blue","gain":"16x"}
23:04:57.010  {"type":"live","t":1113332,"c":0,"r":0,"g":0,"b":0,"pta":142.0,"ptb":142.0,"sat":0,"light":"blue","gain":"16x"}
23:04:57.815  {"type":"live","t":1113733,"c":0,"r":0,"g":0,"b":0,"pta":142.0,"ptb":143.8,"sat":0,"light":"blue","gain":"16x"}
23:04:57.815  {"type":"live","t":1114134,"c":0,"r":0,"g":0,"b":0,"pta":142.0,"ptb":142.0,"sat":0,"light":"blue","gain":"16x"}
23:04:58.620  {"type":"live","t":1114535,"c":0,"r":0,"g":0,"b":0,"pta":142.0,"ptb":142.0,"sat":0,"light":"blue","gain":"16x"}
23:04:58.620  {"type":"live","t":1114936,"c":0,"r":0,"g":0,"b":0,"pta":142.0,"ptb":142.0,"sat":0,"light":"blue","gain":"16x"}
23:04:59.629  {"type":"live","t":1115337,"c":0,"r":0,"g":0,"b":0,"pta":142.0,"ptb":142.0,"sat":0,"light":"blue","gain":"16x"}
23:04:59.630  {"type":"live","t":1115738,"c":0,"r":0,"g":0,"b":0,"pta":142.0,"ptb":142.0,"sat":0,"light":"blue","gain":"16x"}
23:04:59.630  {"type":"live","t":1116139,"c":0,"r":0,"g":0,"b":0,"pta":142.0,"ptb":142.0,"sat":0,"light":"blue","gain":"16x"}
23:05:00.619  {"type":"live","t":1116540,"c":0,"r":0,"g":0,"b":0,"pta":142.0,"ptb":142.0,"sat":0,"light":"blue","gain":"16x"}
23:05:00.619  {"type":"live","t":1116941,"c":0,"r":0,"g":0,"b":0,"pta":142.0,"ptb":142.0,"sat":0,"light":"blue","gain":"16x"}
23:05:01.424  {"type":"live","t":1117342,"c":0,"r":0,"g":0,"b":0,"pta":142.0,"ptb":142.0,"sat":0,"light":"blue","gain":"16x"}
23:05:01.424  {"type":"live","t":1117743,"c":0,"r":0,"g":0,"b":0,"pta":142.0,"ptb":142.0,"sat":0,"light":"blue","gain":"16x"}
23:05:02.229  {"type":"live","t":1118144,"c":0,"r":0,"g":0,"b":0,"pta":142.0,"ptb":142.0,"sat":0,"light":"blue","gain":"16x"}
23:05:02.229  {"type":"live","t":1118545,"c":0,"r":0,"g":0,"b":0,"pta":142.0,"ptb":142.0,"sat":0,"light":"blue","gain":"16x"}
23:05:03.239  {"type":"live","t":1118946,"c":0,"r":0,"g":0,"b":0,"pta":142.0,"ptb":142.0,"sat":0,"light":"blue","gain":"16x"}
23:05:03.239  {"type":"live","t":1119347,"c":0,"r":0,"g":0,"b":0,"pta":142.0,"ptb":142.0,"sat":0,"light":"blue","gain":"16x"}
23:05:03.240  {"type":"live","t":1119748,"c":0,"r":0,"g":0,"b":0,"pta":142.0,"ptb":142.0,"sat":0,"light":"blue","gain":"16x"}
23:05:04.228  {"type":"live","t":1120149,"c":0,"r":0,"g":0,"b":0,"pta":142.0,"ptb":142.0,"sat":0,"light":"blue","gain":"16x"}
23:05:04.228  {"type":"live","t":1120550,"c":0,"r":0,"g":0,"b":0,"pta":142.0,"ptb":142.0,"sat":0,"light":"blue","gain":"16x"}
23:05:05.033  {"type":"live","t":1120951,"c":0,"r":0,"g":0,"b":0,"pta":142.0,"ptb":142.0,"sat":0,"light":"blue","gain":"16x"}
23:05:05.033  {"type":"live","t":1121352,"c":0,"r":0,"g":0,"b":0,"pta":142.0,"ptb":142.0,"sat":0,"light":"blue","gain":"16x"}
23:05:05.838  {"type":"live","t":1121753,"c":0,"r":0,"g":0,"b":0,"pta":142.0,"ptb":142.0,"sat":0,"light":"blue","gain":"16x"}
23:05:05.838  {"type":"live","t":1122154,"c":0,"r":0,"g":0,"b":0,"pta":142.0,"ptb":142.0,"sat":0,"light":"blue","gain":"16x"}
23:05:06.844  {"type":"live","t":1122555,"c":0,"r":0,"g":0,"b":0,"pta":142.0,"ptb":142.0,"sat":0,"light":"blue","gain":"16x"}
23:05:06.845  {"type":"live","t":1122956,"c":0,"r":0,"g":0,"b":0,"pta":142.0,"ptb":142.0,"sat":0,"light":"blue","gain":"16x"}
23:05:06.845  {"type":"live","t":1123357,"c":0,"r":0,"g":0,"b":0,"pta":142.0,"ptb":142.0,"sat":0,"light":"blue","gain":"16x"}
23:05:07.837  {"type":"live","t":1123758,"c":0,"r":0,"g":0,"b":0,"pta":142.0,"ptb":142.0,"sat":0,"light":"blue","gain":"16x"}
23:05:07.837  {"type":"live","t":1124159,"c":0,"r":0,"g":0,"b":0,"pta":142.0,"ptb":142.0,"sat":0,"light":"blue","gain":"16x"}
23:05:08.642  {"type":"live","t":1124560,"c":0,"r":0,"g":0,"b":0,"pta":142.0,"ptb":142.0,"sat":0,"light":"blue","gain":"16x"}
23:05:08.642  {"type":"live","t":1124961,"c":0,"r":0,"g":0,"b":0,"pta":142.0,"ptb":142.0,"sat":0,"light":"blue","gain":"16x"}
23:05:09.447  {"type":"live","t":1125362,"c":0,"r":0,"g":0,"b":0,"pta":142.0,"ptb":142.0,"sat":0,"light":"blue","gain":"16x"}
23:05:09.447  {"type":"live","t":1125763,"c":0,"r":0,"g":0,"b":0,"pta":142.0,"ptb":142.0,"sat":0,"light":"blue","gain":"16x"}
23:05:10.447  {"type":"live","t":1126164,"c":0,"r":0,"g":0,"b":0,"pta":142.0,"ptb":142.0,"sat":0,"light":"blue","gain":"16x"}
23:05:10.448  {"type":"live","t":1126565,"c":0,"r":0,"g":0,"b":0,"pta":142.0,"ptb":142.0,"sat":0,"light":"blue","gain":"16x"}
23:05:10.448  {"type":"live","t":1126966,"c":0,"r":0,"g":0,"b":0,"pta":142.0,"ptb":142.0,"sat":0,"light":"blue","gain":"16x"}
23:05:11.446  {"type":"live","t":1127367,"c":0,"r":0,"g":0,"b":0,"pta":142.0,"ptb":142.0,"sat":0,"light":"blue","gain":"16x"}
23:05:11.446  {"type":"live","t":1127768,"c":0,"r":0,"g":0,"b":0,"pta":142.0,"ptb":142.0,"sat":0,"light":"blue","gain":"16x"}
23:05:12.251  {"type":"live","t":1128169,"c":0,"r":0,"g":0,"b":0,"pta":142.0,"ptb":142.0,"sat":0,"light":"blue","gain":"16x"}
23:05:12.251  {"type":"live","t":1128570,"c":0,"r":0,"g":0,"b":0,"pta":142.0,"ptb":142.0,"sat":0,"light":"blue","gain":"16x"}
23:05:13.056  {"type":"live","t":1128971,"c":0,"r":0,"g":0,"b":0,"pta":142.0,"ptb":142.0,"sat":0,"light":"blue","gain":"16x"}
23:05:13.056  {"type":"live","t":1129372,"c":0,"r":0,"g":0,"b":0,"pta":143.6,"ptb":142.0,"sat":0,"light":"blue","gain":"16x"}
23:05:14.065  {"type":"live","t":1129773,"c":0,"r":0,"g":0,"b":0,"pta":142.0,"ptb":142.0,"sat":0,"light":"blue","gain":"16x"}
23:05:14.065  {"type":"live","t":1130174,"c":0,"r":0,"g":0,"b":0,"pta":142.0,"ptb":142.0,"sat":0,"light":"blue","gain":"16x"}
23:05:14.066  {"type":"live","t":1130575,"c":0,"r":0,"g":0,"b":0,"pta":142.0,"ptb":142.0,"sat":0,"light":"blue","gain":"16x"}
23:05:15.055  {"type":"live","t":1130976,"c":0,"r":0,"g":0,"b":0,"pta":142.0,"ptb":142.0,"sat":0,"light":"blue","gain":"16x"}
23:05:15.055  {"type":"live","t":1131377,"c":0,"r":0,"g":0,"b":0,"pta":142.0,"ptb":142.0,"sat":0,"light":"blue","gain":"16x"}
23:05:15.860  {"type":"live","t":1131778,"c":0,"r":0,"g":0,"b":0,"pta":142.0,"ptb":142.0,"sat":0,"light":"blue","gain":"16x"}
23:05:15.860  {"type":"live","t":1132179,"c":0,"r":0,"g":0,"b":0,"pta":142.0,"ptb":142.0,"sat":0,"light":"blue","gain":"16x"}
23:05:16.665  {"type":"live","t":1132580,"c":0,"r":0,"g":0,"b":0,"pta":142.0,"ptb":142.0,"sat":0,"light":"blue","gain":"16x"}
23:05:16.665  {"type":"live","t":1132981,"c":0,"r":0,"g":0,"b":0,"pta":142.0,"ptb":142.0,"sat":0,"light":"blue","gain":"16x"}
23:05:17.670  {"type":"live","t":1133382,"c":0,"r":0,"g":0,"b":0,"pta":223.6,"ptb":142.0,"sat":0,"light":"blue","gain":"16x"}
23:05:17.670  {"type":"live","t":1133783,"c":0,"r":0,"g":0,"b":0,"pta":3134.0,"ptb":3134.0,"sat":0,"light":"blue","gain":"16x"}
23:05:17.671  {"type":"live","t":1134184,"c":0,"r":0,"g":0,"b":0,"pta":3134.0,"ptb":3134.0,"sat":0,"light":"blue","gain":"16x"}
23:05:18.664  {"type":"live","t":1134585,"c":0,"r":0,"g":0,"b":0,"pta":3134.0,"ptb":3134.0,"sat":0,"light":"blue","gain":"16x"}
23:05:18.664  {"type":"live","t":1134986,"c":0,"r":0,"g":0,"b":0,"pta":142.0,"ptb":142.0,"sat":0,"light":"blue","gain":"16x"}
23:05:19.469  {"type":"live","t":1135387,"c":0,"r":0,"g":0,"b":0,"pta":142.0,"ptb":142.0,"sat":0,"light":"blue","gain":"16x"}
23:05:19.469  {"type":"live","t":1135788,"c":0,"r":0,"g":0,"b":0,"pta":142.0,"ptb":142.0,"sat":0,"light":"blue","gain":"16x"}
23:05:20.273  {"type":"live","t":1136189,"c":0,"r":0,"g":0,"b":0,"pta":142.0,"ptb":142.0,"sat":0,"light":"blue","gain":"16x"}
23:05:20.273  {"type":"live","t":1136590,"c":0,"r":0,"g":0,"b":0,"pta":142.0,"ptb":142.0,"sat":0,"light":"blue","gain":"16x"}
23:05:21.275  {"type":"live","t":1136991,"c":0,"r":0,"g":0,"b":0,"pta":142.0,"ptb":142.0,"sat":0,"light":"blue","gain":"16x"}
23:05:21.276  {"type":"live","t":1137392,"c":0,"r":0,"g":0,"b":0,"pta":142.0,"ptb":142.0,"sat":0,"light":"blue","gain":"16x"}
23:05:21.276  {"type":"live","t":1137793,"c":0,"r":0,"g":0,"b":0,"pta":142.0,"ptb":142.0,"sat":0,"light":"blue","gain":"16x"}
23:05:22.273  {"type":"live","t":1138194,"c":0,"r":0,"g":0,"b":0,"pta":142.0,"ptb":142.0,"sat":0,"light":"blue","gain":"16x"}
23:05:22.273  {"type":"live","t":1138595,"c":0,"r":0,"g":0,"b":0,"pta":142.0,"ptb":142.0,"sat":0,"light":"blue","gain":"16x"}
23:05:23.078  {"type":"live","t":1138996,"c":0,"r":0,"g":0,"b":0,"pta":142.0,"ptb":142.0,"sat":0,"light":"blue","gain":"16x"}
23:05:23.078  {"type":"live","t":1139397,"c":0,"r":0,"g":0,"b":0,"pta":142.0,"ptb":142.0,"sat":0,"light":"blue","gain":"16x"}
23:05:23.882  {"type":"live","t":1139798,"c":0,"r":0,"g":0,"b":0,"pta":142.0,"ptb":142.0,"sat":0,"light":"blue","gain":"16x"}
23:05:23.882  {"type":"live","t":1140199,"c":0,"r":0,"g":0,"b":0,"pta":142.0,"ptb":146.0,"sat":0,"light":"blue","gain":"16x"}
23:05:24.884  {"type":"live","t":1140600,"c":0,"r":0,"g":0,"b":0,"pta":142.0,"ptb":142.0,"sat":0,"light":"blue","gain":"16x"}
23:05:24.884  {"type":"live","t":1141001,"c":0,"r":0,"g":0,"b":0,"pta":142.0,"ptb":142.0,"sat":0,"light":"blue","gain":"16x"}
23:05:24.885  {"type":"live","t":1141402,"c":0,"r":0,"g":0,"b":0,"pta":142.0,"ptb":179.5,"sat":0,"light":"blue","gain":"16x"}
23:05:25.882  {"type":"live","t":1141803,"c":0,"r":0,"g":0,"b":0,"pta":147.4,"ptb":207.3,"sat":0,"light":"blue","gain":"16x"}
23:05:25.882  {"type":"live","t":1142204,"c":0,"r":0,"g":0,"b":0,"pta":151.1,"ptb":236.2,"sat":0,"light":"blue","gain":"16x"}
23:05:26.687  {"type":"live","t":1142605,"c":0,"r":0,"g":0,"b":0,"pta":147.1,"ptb":210.2,"sat":0,"light":"blue","gain":"16x"}
23:05:26.687  {"type":"live","t":1143006,"c":0,"r":0,"g":0,"b":0,"pta":142.1,"ptb":179.1,"sat":0,"light":"blue","gain":"16x"}
23:05:27.491  {"type":"live","t":1143407,"c":0,"r":0,"g":0,"b":0,"pta":145.5,"ptb":173.6,"sat":0,"light":"blue","gain":"16x"}
23:05:27.491  {"type":"live","t":1143808,"c":0,"r":0,"g":0,"b":0,"pta":142.5,"ptb":161.6,"sat":0,"light":"blue","gain":"16x"}
23:05:28.501  {"type":"live","t":1144209,"c":0,"r":0,"g":0,"b":0,"pta":142.0,"ptb":148.8,"sat":0,"light":"blue","gain":"16x"}
23:05:28.501  {"type":"live","t":1144610,"c":0,"r":0,"g":0,"b":0,"pta":142.0,"ptb":142.0,"sat":0,"light":"blue","gain":"16x"}
23:05:28.502  {"type":"live","t":1145011,"c":0,"r":0,"g":0,"b":0,"pta":142.0,"ptb":142.0,"sat":0,"light":"blue","gain":"16x"}
23:05:29.491  {"type":"live","t":1145412,"c":0,"r":0,"g":0,"b":0,"pta":142.0,"ptb":142.0,"sat":0,"light":"blue","gain":"16x"}
23:05:29.491  {"type":"live","t":1145813,"c":0,"r":0,"g":0,"b":0,"pta":142.0,"ptb":142.0,"sat":0,"light":"blue","gain":"16x"}
23:05:30.296  {"type":"live","t":1146214,"c":0,"r":0,"g":0,"b":0,"pta":142.0,"ptb":142.0,"sat":0,"light":"blue","gain":"16x"}
23:05:30.296  {"type":"live","t":1146615,"c":0,"r":0,"g":0,"b":0,"pta":142.0,"ptb":142.0,"sat":0,"light":"blue","gain":"16x"}
23:05:31.100  {"type":"live","t":1147016,"c":0,"r":0,"g":0,"b":0,"pta":142.0,"ptb":142.0,"sat":0,"light":"blue","gain":"16x"}
23:05:31.100  {"type":"live","t":1147417,"c":0,"r":0,"g":0,"b":0,"pta":142.0,"ptb":142.0,"sat":0,"light":"blue","gain":"16x"}
23:05:32.104  {"type":"live","t":1147818,"c":0,"r":0,"g":0,"b":0,"pta":142.0,"ptb":142.0,"sat":0,"light":"blue","gain":"16x"}
23:05:32.104  {"type":"live","t":1148219,"c":0,"r":0,"g":0,"b":0,"pta":142.0,"ptb":142.0,"sat":0,"light":"blue","gain":"16x"}
23:05:32.105  {"type":"live","t":1148620,"c":0,"r":0,"g":0,"b":0,"pta":142.0,"ptb":142.0,"sat":0,"light":"blue","gain":"16x"}
23:05:33.100  {"type":"live","t":1149021,"c":0,"r":0,"g":0,"b":0,"pta":142.0,"ptb":142.0,"sat":0,"light":"blue","gain":"16x"}
23:05:33.100  {"type":"live","t":1149422,"c":0,"r":0,"g":0,"b":0,"pta":142.0,"ptb":142.0,"sat":0,"light":"blue","gain":"16x"}
23:05:33.905  {"type":"live","t":1149823,"c":0,"r":0,"g":0,"b":0,"pta":142.0,"ptb":142.0,"sat":0,"light":"blue","gain":"16x"}
23:05:33.905  {"type":"live","t":1150224,"c":0,"r":0,"g":0,"b":0,"pta":148.9,"ptb":142.9,"sat":0,"light":"blue","gain":"16x"}
23:05:34.709  {"type":"live","t":1150625,"c":0,"r":0,"g":0,"b":0,"pta":219.4,"ptb":145.4,"sat":0,"light":"blue","gain":"16x"}
23:05:34.709  {"type":"live","t":1151026,"c":0,"r":0,"g":0,"b":0,"pta":142.0,"ptb":157.4,"sat":0,"light":"blue","gain":"16x"}
23:05:35.720  {"type":"live","t":1151427,"c":0,"r":0,"g":0,"b":0,"pta":197.1,"ptb":160.9,"sat":0,"light":"blue","gain":"16x"}
23:05:35.720  {"type":"live","t":1151828,"c":0,"r":0,"g":0,"b":0,"pta":271.3,"ptb":157.2,"sat":0,"light":"blue","gain":"16x"}
23:05:35.721  {"type":"live","t":1152229,"c":0,"r":0,"g":0,"b":0,"pta":280.6,"ptb":185.9,"sat":0,"light":"blue","gain":"16x"}
23:05:36.709  {"type":"live","t":1152630,"c":0,"r":0,"g":0,"b":0,"pta":281.5,"ptb":190.7,"sat":0,"light":"blue","gain":"16x"}
23:05:36.709  {"type":"live","t":1153031,"c":0,"r":0,"g":0,"b":0,"pta":219.1,"ptb":182.5,"sat":0,"light":"blue","gain":"16x"}
23:05:37.513  {"type":"live","t":1153432,"c":0,"r":0,"g":0,"b":0,"pta":268.7,"ptb":167.2,"sat":0,"light":"blue","gain":"16x"}
23:05:37.513  {"type":"live","t":1153833,"c":0,"r":0,"g":0,"b":0,"pta":630.9,"ptb":143.0,"sat":0,"light":"blue","gain":"16x"}
23:05:38.318  {"type":"live","t":1154234,"c":0,"r":0,"g":0,"b":0,"pta":722.3,"ptb":142.0,"sat":0,"light":"blue","gain":"16x"}
23:05:38.318  {"type":"live","t":1154635,"c":0,"r":0,"g":0,"b":0,"pta":446.1,"ptb":142.0,"sat":0,"light":"blue","gain":"16x"}
23:05:39.320  {"type":"live","t":1155036,"c":0,"r":0,"g":0,"b":0,"pta":422.2,"ptb":142.0,"sat":0,"light":"blue","gain":"16x"}
23:05:39.320  {"type":"live","t":1155437,"c":0,"r":0,"g":0,"b":0,"pta":142.0,"ptb":142.0,"sat":0,"light":"blue","gain":"16x"}
23:05:39.320  {"type":"live","t":1155838,"c":0,"r":0,"g":0,"b":0,"pta":142.0,"ptb":142.0,"sat":0,"light":"blue","gain":"16x"}
23:05:40.318  {"type":"live","t":1156239,"c":0,"r":0,"g":0,"b":0,"pta":142.0,"ptb":142.0,"sat":0,"light":"blue","gain":"16x"}
23:05:40.318  {"type":"live","t":1156640,"c":0,"r":0,"g":0,"b":0,"pta":142.0,"ptb":142.0,"sat":0,"light":"blue","gain":"16x"}
23:05:41.122  {"type":"live","t":1157041,"c":0,"r":0,"g":0,"b":0,"pta":142.0,"ptb":142.0,"sat":0,"light":"blue","gain":"16x"}
23:05:41.122  {"type":"live","t":1157442,"c":0,"r":0,"g":0,"b":0,"pta":142.0,"ptb":142.0,"sat":0,"light":"blue","gain":"16x"}
23:05:41.927  {"type":"live","t":1157843,"c":0,"r":0,"g":0,"b":0,"pta":142.0,"ptb":142.0,"sat":0,"light":"blue","gain":"16x"}
23:05:41.927  {"type":"live","t":1158244,"c":0,"r":0,"g":0,"b":0,"pta":142.0,"ptb":142.0,"sat":0,"light":"blue","gain":"16x"}
23:05:42.940  {"type":"live","t":1158645,"c":0,"r":0,"g":0,"b":0,"pta":142.0,"ptb":142.0,"sat":0,"light":"blue","gain":"16x"}
23:05:42.940  {"type":"live","t":1159046,"c":0,"r":0,"g":0,"b":0,"pta":142.0,"ptb":142.0,"sat":0,"light":"blue","gain":"16x"}
23:05:42.940  {"type":"live","t":1159447,"c":0,"r":0,"g":0,"b":0,"pta":142.0,"ptb":142.0,"sat":0,"light":"blue","gain":"16x"}
23:05:43.927  {"type":"live","t":1159848,"c":0,"r":0,"g":0,"b":0,"pta":142.0,"ptb":142.0,"sat":0,"light":"blue","gain":"16x"}
23:05:43.927  {"type":"live","t":1160249,"c":0,"r":0,"g":0,"b":0,"pta":142.0,"ptb":142.0,"sat":0,"light":"blue","gain":"16x"}
23:05:44.731  {"type":"live","t":1160650,"c":0,"r":0,"g":0,"b":0,"pta":142.0,"ptb":142.8,"sat":0,"light":"blue","gain":"16x"}
23:05:44.731  {"type":"live","t":1161051,"c":0,"r":0,"g":0,"b":0,"pta":142.0,"ptb":146.0,"sat":0,"light":"blue","gain":"16x"}
23:05:45.536  {"type":"live","t":1161452,"c":0,"r":0,"g":0,"b":0,"pta":142.0,"ptb":146.3,"sat":0,"light":"blue","gain":"16x"}
23:05:45.536  {"type":"live","t":1161853,"c":0,"r":0,"g":0,"b":0,"pta":142.0,"ptb":149.2,"sat":0,"light":"blue","gain":"16x"}
23:05:46.541  {"type":"live","t":1162254,"c":0,"r":0,"g":0,"b":0,"pta":142.0,"ptb":165.8,"sat":0,"light":"blue","gain":"16x"}
23:05:46.541  {"type":"live","t":1162655,"c":0,"r":0,"g":0,"b":0,"pta":142.5,"ptb":194.8,"sat":0,"light":"blue","gain":"16x"}
23:05:46.542  {"type":"live","t":1163056,"c":0,"r":0,"g":0,"b":0,"pta":145.2,"ptb":193.2,"sat":0,"light":"blue","gain":"16x"}
23:05:47.536  {"type":"live","t":1163457,"c":0,"r":0,"g":0,"b":0,"pta":143.4,"ptb":171.8,"sat":0,"light":"blue","gain":"16x"}
23:05:47.536  {"type":"live","t":1163858,"c":0,"r":0,"g":0,"b":0,"pta":142.0,"ptb":167.9,"sat":0,"light":"blue","gain":"16x"}
23:05:48.340  {"type":"live","t":1164259,"c":0,"r":0,"g":0,"b":0,"pta":142.0,"ptb":153.4,"sat":0,"light":"blue","gain":"16x"}
23:05:48.340  {"type":"live","t":1164660,"c":0,"r":0,"g":0,"b":0,"pta":142.0,"ptb":143.1,"sat":0,"light":"blue","gain":"16x"}
23:05:49.145  {"type":"live","t":1165061,"c":0,"r":0,"g":0,"b":0,"pta":142.0,"ptb":142.0,"sat":0,"light":"blue","gain":"16x"}
23:05:49.145  {"type":"live","t":1165462,"c":0,"r":0,"g":0,"b":0,"pta":142.0,"ptb":142.0,"sat":0,"light":"blue","gain":"16x"}
23:05:50.157  {"type":"live","t":1165863,"c":0,"r":0,"g":0,"b":0,"pta":142.0,"ptb":142.0,"sat":0,"light":"blue","gain":"16x"}
23:05:50.158  {"type":"live","t":1166264,"c":0,"r":0,"g":0,"b":0,"pta":142.0,"ptb":142.0,"sat":0,"light":"blue","gain":"16x"}
23:05:50.159  {"type":"live","t":1166665,"c":0,"r":0,"g":0,"b":0,"pta":142.0,"ptb":142.0,"sat":0,"light":"blue","gain":"16x"}
23:05:51.144  {"type":"live","t":1167066,"c":0,"r":0,"g":0,"b":0,"pta":142.0,"ptb":142.0,"sat":0,"light":"blue","gain":"16x"}
23:05:51.144  {"type":"live","t":1167467,"c":0,"r":0,"g":0,"b":0,"pta":142.0,"ptb":142.0,"sat":0,"light":"blue","gain":"16x"}
23:05:51.949  {"type":"live","t":1167868,"c":0,"r":0,"g":0,"b":0,"pta":142.0,"ptb":142.0,"sat":0,"light":"blue","gain":"16x"}
23:05:51.949  {"type":"live","t":1168269,"c":0,"r":0,"g":0,"b":0,"pta":142.0,"ptb":142.0,"sat":0,"light":"blue","gain":"16x"}
23:05:52.754  {"type":"live","t":1168670,"c":0,"r":0,"g":0,"b":0,"pta":142.0,"ptb":142.0,"sat":0,"light":"blue","gain":"16x"}
23:05:52.754  {"type":"live","t":1169071,"c":0,"r":0,"g":0,"b":0,"pta":142.0,"ptb":142.2,"sat":0,"light":"blue","gain":"16x"}
23:05:53.769  {"type":"live","t":1169472,"c":0,"r":0,"g":0,"b":0,"pta":142.0,"ptb":142.0,"sat":0,"light":"blue","gain":"16x"}
23:05:53.770  {"type":"live","t":1169873,"c":0,"r":0,"g":0,"b":0,"pta":142.0,"ptb":142.0,"sat":0,"light":"blue","gain":"16x"}
23:05:53.770  {"type":"live","t":1170274,"c":0,"r":0,"g":0,"b":0,"pta":142.0,"ptb":145.9,"sat":0,"light":"blue","gain":"16x"}
23:05:54.753  {"type":"live","t":1170675,"c":0,"r":0,"g":0,"b":0,"pta":142.0,"ptb":145.6,"sat":0,"light":"blue","gain":"16x"}
23:05:54.753  {"type":"live","t":1171076,"c":0,"r":0,"g":0,"b":0,"pta":142.0,"ptb":154.5,"sat":0,"light":"blue","gain":"16x"}
23:05:55.558  {"type":"live","t":1171477,"c":0,"r":0,"g":0,"b":0,"pta":142.0,"ptb":178.8,"sat":0,"light":"blue","gain":"16x"}
23:05:55.558  {"type":"live","t":1171878,"c":0,"r":0,"g":0,"b":0,"pta":144.1,"ptb":202.6,"sat":0,"light":"blue","gain":"16x"}
23:05:56.363  {"type":"live","t":1172279,"c":0,"r":0,"g":0,"b":0,"pta":143.6,"ptb":195.1,"sat":0,"light":"blue","gain":"16x"}
23:05:56.363  {"type":"live","t":1172680,"c":0,"r":0,"g":0,"b":0,"pta":142.0,"ptb":174.8,"sat":0,"light":"blue","gain":"16x"}
23:05:57.365  {"type":"live","t":1173081,"c":0,"r":0,"g":0,"b":0,"pta":142.0,"ptb":162.4,"sat":0,"light":"blue","gain":"16x"}
23:05:57.365  {"type":"live","t":1173482,"c":0,"r":0,"g":0,"b":0,"pta":143.6,"ptb":147.2,"sat":0,"light":"blue","gain":"16x"}
23:05:57.366  {"type":"live","t":1173883,"c":0,"r":0,"g":0,"b":0,"pta":142.0,"ptb":142.0,"sat":0,"light":"blue","gain":"16x"}
23:05:58.362  {"type":"live","t":1174284,"c":0,"r":0,"g":0,"b":0,"pta":142.0,"ptb":142.0,"sat":0,"light":"blue","gain":"16x"}
23:05:58.362  {"type":"live","t":1174685,"c":0,"r":0,"g":0,"b":0,"pta":142.0,"ptb":142.0,"sat":0,"light":"blue","gain":"16x"}
23:05:59.167  {"type":"live","t":1175086,"c":0,"r":0,"g":0,"b":0,"pta":142.0,"ptb":142.0,"sat":0,"light":"blue","gain":"16x"}
23:05:59.167  {"type":"live","t":1175487,"c":0,"r":0,"g":0,"b":0,"pta":142.0,"ptb":142.0,"sat":0,"light":"blue","gain":"16x"}
23:05:59.972  {"type":"live","t":1175888,"c":0,"r":0,"g":0,"b":0,"pta":142.0,"ptb":142.0,"sat":0,"light":"blue","gain":"16x"}
23:05:59.972  {"type":"live","t":1176289,"c":0,"r":0,"g":0,"b":0,"pta":142.0,"ptb":142.0,"sat":0,"light":"blue","gain":"16x"}
23:06:00.899  {"type":"live","t":1176690,"c":0,"r":0,"g":0,"b":0,"pta":142.0,"ptb":142.0,"sat":0,"light":"blue","gain":"16x"}
23:06:00.899  {"type":"live","t":1177091,"c":0,"r":0,"g":0,"b":0,"pta":142.0,"ptb":142.0,"sat":0,"light":"blue","gain":"16x"}
23:06:00.900  {"type":"run","target":"yellow","light":"blue","gain":"16x","samples":50}
23:06:01.361  {"type":"sample","target":"yellow","led":1,"n":0,"c":0,"r":0,"g":0,"b":0,"pta":142.0,"ptb":142.0}
23:06:01.361  {"type":"sample","target":"yellow","led":1,"n":1,"c":0,"r":0,"g":0,"b":0,"pta":142.0,"ptb":142.0}
23:06:01.362  {"type":"sample","target":"yellow","led":1,"n":2,"c":0,"r":0,"g":0,"b":0,"pta":142.0,"ptb":142.0}
23:06:01.676  {"type":"sample","target":"yellow","led":1,"n":3,"c":0,"r":0,"g":0,"b":0,"pta":142.0,"ptb":142.0}
23:06:01.676  {"type":"sample","target":"yellow","led":1,"n":4,"c":0,"r":0,"g":0,"b":0,"pta":142.0,"ptb":142.0}
23:06:02.138  {"type":"sample","target":"yellow","led":1,"n":5,"c":0,"r":0,"g":0,"b":0,"pta":142.0,"ptb":142.0}
23:06:02.138  {"type":"sample","target":"yellow","led":1,"n":6,"c":0,"r":0,"g":0,"b":0,"pta":142.0,"ptb":142.0}
23:06:02.138  {"type":"sample","target":"yellow","led":1,"n":7,"c":0,"r":0,"g":0,"b":0,"pta":142.0,"ptb":142.0}
23:06:02.453  {"type":"sample","target":"yellow","led":1,"n":8,"c":0,"r":0,"g":0,"b":0,"pta":142.0,"ptb":142.0}
23:06:02.453  {"type":"sample","target":"yellow","led":1,"n":9,"c":0,"r":0,"g":0,"b":0,"pta":142.0,"ptb":142.0}
23:06:02.915  {"type":"sample","target":"yellow","led":1,"n":10,"c":0,"r":0,"g":0,"b":0,"pta":142.0,"ptb":142.0}
23:06:02.915  {"type":"sample","target":"yellow","led":1,"n":11,"c":0,"r":0,"g":0,"b":0,"pta":142.0,"ptb":142.0}
23:06:02.916  {"type":"sample","target":"yellow","led":1,"n":12,"c":0,"r":0,"g":0,"b":0,"pta":142.0,"ptb":142.0}
23:06:03.376  {"type":"sample","target":"yellow","led":1,"n":13,"c":0,"r":0,"g":0,"b":0,"pta":142.0,"ptb":142.0}
23:06:03.376  {"type":"sample","target":"yellow","led":1,"n":14,"c":0,"r":0,"g":0,"b":0,"pta":142.0,"ptb":142.0}
23:06:03.377  {"type":"sample","target":"yellow","led":1,"n":15,"c":0,"r":0,"g":0,"b":0,"pta":142.0,"ptb":142.0}
23:06:03.691  {"type":"sample","target":"yellow","led":1,"n":16,"c":0,"r":0,"g":0,"b":0,"pta":142.0,"ptb":142.0}
23:06:03.691  {"type":"sample","target":"yellow","led":1,"n":17,"c":0,"r":0,"g":0,"b":0,"pta":142.0,"ptb":142.0}
23:06:04.152  {"type":"sample","target":"yellow","led":1,"n":18,"c":0,"r":0,"g":0,"b":0,"pta":142.0,"ptb":142.0}
23:06:04.152  {"type":"sample","target":"yellow","led":1,"n":19,"c":0,"r":0,"g":0,"b":0,"pta":142.0,"ptb":142.0}
23:06:04.153  {"type":"sample","target":"yellow","led":1,"n":20,"c":0,"r":0,"g":0,"b":0,"pta":142.0,"ptb":142.0}
23:06:04.467  {"type":"sample","target":"yellow","led":1,"n":21,"c":0,"r":0,"g":0,"b":0,"pta":142.0,"ptb":142.0}
23:06:04.467  {"type":"sample","target":"yellow","led":1,"n":22,"c":0,"r":0,"g":0,"b":0,"pta":142.0,"ptb":142.0}
23:06:04.929  {"type":"sample","target":"yellow","led":1,"n":23,"c":0,"r":0,"g":0,"b":0,"pta":142.0,"ptb":142.0}
23:06:04.929  {"type":"sample","target":"yellow","led":1,"n":24,"c":0,"r":0,"g":0,"b":0,"pta":142.0,"ptb":142.0}
23:06:04.930  {"type":"sample","target":"yellow","led":1,"n":25,"c":0,"r":0,"g":0,"b":0,"pta":142.0,"ptb":142.0}
23:06:05.390  {"type":"sample","target":"yellow","led":1,"n":26,"c":0,"r":0,"g":0,"b":0,"pta":142.0,"ptb":142.0}
23:06:05.390  {"type":"sample","target":"yellow","led":1,"n":27,"c":0,"r":0,"g":0,"b":0,"pta":142.0,"ptb":142.0}
23:06:05.391  {"type":"sample","target":"yellow","led":1,"n":28,"c":0,"r":0,"g":0,"b":0,"pta":142.0,"ptb":142.0}
23:06:05.705  {"type":"sample","target":"yellow","led":1,"n":29,"c":0,"r":0,"g":0,"b":0,"pta":142.0,"ptb":142.0}
23:06:05.705  {"type":"sample","target":"yellow","led":1,"n":30,"c":0,"r":0,"g":0,"b":0,"pta":142.0,"ptb":142.0}
23:06:06.167  {"type":"sample","target":"yellow","led":1,"n":31,"c":0,"r":0,"g":0,"b":0,"pta":142.0,"ptb":142.0}
23:06:06.167  {"type":"sample","target":"yellow","led":1,"n":32,"c":0,"r":0,"g":0,"b":0,"pta":142.0,"ptb":142.0}
23:06:06.167  {"type":"sample","target":"yellow","led":1,"n":33,"c":0,"r":0,"g":0,"b":0,"pta":142.0,"ptb":142.0}
23:06:06.482  {"type":"sample","target":"yellow","led":1,"n":34,"c":0,"r":0,"g":0,"b":0,"pta":142.0,"ptb":142.0}
23:06:06.482  {"type":"sample","target":"yellow","led":1,"n":35,"c":0,"r":0,"g":0,"b":0,"pta":142.0,"ptb":142.0}
23:06:06.943  {"type":"sample","target":"yellow","led":1,"n":36,"c":0,"r":0,"g":0,"b":0,"pta":142.0,"ptb":142.0}
23:06:06.943  {"type":"sample","target":"yellow","led":1,"n":37,"c":0,"r":0,"g":0,"b":0,"pta":142.0,"ptb":142.0}
23:06:06.944  {"type":"sample","target":"yellow","led":1,"n":38,"c":0,"r":0,"g":0,"b":0,"pta":142.0,"ptb":142.0}
23:06:07.405  {"type":"sample","target":"yellow","led":1,"n":39,"c":0,"r":0,"g":0,"b":0,"pta":142.0,"ptb":142.0}
23:06:07.405  {"type":"sample","target":"yellow","led":1,"n":40,"c":0,"r":0,"g":0,"b":0,"pta":142.0,"ptb":142.0}
23:06:07.406  {"type":"sample","target":"yellow","led":1,"n":41,"c":0,"r":0,"g":0,"b":0,"pta":142.0,"ptb":142.0}
23:06:07.720  {"type":"sample","target":"yellow","led":1,"n":42,"c":0,"r":0,"g":0,"b":0,"pta":142.0,"ptb":142.0}
23:06:07.720  {"type":"sample","target":"yellow","led":1,"n":43,"c":0,"r":0,"g":0,"b":0,"pta":142.0,"ptb":142.0}
23:06:08.181  {"type":"sample","target":"yellow","led":1,"n":44,"c":0,"r":0,"g":0,"b":0,"pta":142.0,"ptb":142.0}
23:06:08.181  {"type":"sample","target":"yellow","led":1,"n":45,"c":0,"r":0,"g":0,"b":0,"pta":142.0,"ptb":142.0}
23:06:08.182  {"type":"sample","target":"yellow","led":1,"n":46,"c":0,"r":0,"g":0,"b":0,"pta":142.0,"ptb":142.0}
23:06:08.496  {"type":"sample","target":"yellow","led":1,"n":47,"c":0,"r":0,"g":0,"b":0,"pta":142.0,"ptb":142.0}
23:06:08.496  {"type":"sample","target":"yellow","led":1,"n":48,"c":0,"r":0,"g":0,"b":0,"pta":142.0,"ptb":142.0}
23:06:09.208  {"type":"sample","target":"yellow","led":1,"n":49,"c":0,"r":0,"g":0,"b":0,"pta":142.0,"ptb":142.0}
23:06:09.208  {"type":"sample","target":"yellow","led":0,"n":0,"c":0,"r":0,"g":0,"b":0,"pta":142.0,"ptb":142.0}
23:06:09.209  {"type":"sample","target":"yellow","led":0,"n":1,"c":0,"r":0,"g":0,"b":0,"pta":142.0,"ptb":142.0}
23:06:09.523  {"type":"sample","target":"yellow","led":0,"n":2,"c":0,"r":0,"g":0,"b":0,"pta":142.0,"ptb":142.0}
23:06:09.523  {"type":"sample","target":"yellow","led":0,"n":3,"c":0,"r":0,"g":0,"b":0,"pta":142.0,"ptb":142.0}
23:06:09.524  {"type":"sample","target":"yellow","led":0,"n":4,"c":0,"r":0,"g":0,"b":0,"pta":142.0,"ptb":142.0}
23:06:09.985  {"type":"sample","target":"yellow","led":0,"n":5,"c":0,"r":0,"g":0,"b":0,"pta":142.0,"ptb":142.0}
23:06:09.985  {"type":"sample","target":"yellow","led":0,"n":6,"c":0,"r":0,"g":0,"b":0,"pta":142.0,"ptb":142.0}
23:06:10.446  {"type":"sample","target":"yellow","led":0,"n":7,"c":0,"r":0,"g":0,"b":0,"pta":142.0,"ptb":142.0}
23:06:10.446  {"type":"sample","target":"yellow","led":0,"n":8,"c":0,"r":0,"g":0,"b":0,"pta":142.0,"ptb":142.0}
23:06:10.446  {"type":"sample","target":"yellow","led":0,"n":9,"c":0,"r":0,"g":0,"b":0,"pta":142.0,"ptb":142.0}
23:06:10.761  {"type":"sample","target":"yellow","led":0,"n":10,"c":0,"r":0,"g":0,"b":0,"pta":142.0,"ptb":142.0}
23:06:10.761  {"type":"sample","target":"yellow","led":0,"n":11,"c":0,"r":0,"g":0,"b":0,"pta":142.0,"ptb":142.0}
23:06:11.223  {"type":"sample","target":"yellow","led":0,"n":12,"c":0,"r":0,"g":0,"b":0,"pta":142.0,"ptb":142.0}
23:06:11.223  {"type":"sample","target":"yellow","led":0,"n":13,"c":0,"r":0,"g":0,"b":0,"pta":142.0,"ptb":142.0}
23:06:11.223  {"type":"sample","target":"yellow","led":0,"n":14,"c":0,"r":0,"g":0,"b":0,"pta":142.0,"ptb":142.0}
23:06:11.538  {"type":"sample","target":"yellow","led":0,"n":15,"c":0,"r":0,"g":0,"b":0,"pta":142.0,"ptb":142.0}
23:06:11.538  {"type":"sample","target":"yellow","led":0,"n":16,"c":0,"r":0,"g":0,"b":0,"pta":142.0,"ptb":142.0}
23:06:11.999  {"type":"sample","target":"yellow","led":0,"n":17,"c":0,"r":0,"g":0,"b":0,"pta":142.0,"ptb":142.0}
23:06:11.999  {"type":"sample","target":"yellow","led":0,"n":18,"c":0,"r":0,"g":0,"b":0,"pta":142.0,"ptb":142.0}
23:06:11.999  {"type":"sample","target":"yellow","led":0,"n":19,"c":0,"r":0,"g":0,"b":0,"pta":142.0,"ptb":142.0}
23:06:12.461  {"type":"sample","target":"yellow","led":0,"n":20,"c":0,"r":0,"g":0,"b":0,"pta":142.0,"ptb":142.0}
23:06:12.461  {"type":"sample","target":"yellow","led":0,"n":21,"c":0,"r":0,"g":0,"b":0,"pta":142.0,"ptb":142.0}
23:06:12.462  {"type":"sample","target":"yellow","led":0,"n":22,"c":0,"r":0,"g":0,"b":0,"pta":142.0,"ptb":142.0}
23:06:12.776  {"type":"sample","target":"yellow","led":0,"n":23,"c":0,"r":0,"g":0,"b":0,"pta":142.0,"ptb":142.0}
23:06:12.776  {"type":"sample","target":"yellow","led":0,"n":24,"c":0,"r":0,"g":0,"b":0,"pta":142.0,"ptb":142.0}
23:06:13.237  {"type":"sample","target":"yellow","led":0,"n":25,"c":0,"r":0,"g":0,"b":0,"pta":142.0,"ptb":142.0}
23:06:13.237  {"type":"sample","target":"yellow","led":0,"n":26,"c":0,"r":0,"g":0,"b":0,"pta":142.0,"ptb":142.0}
23:06:13.237  {"type":"sample","target":"yellow","led":0,"n":27,"c":0,"r":0,"g":0,"b":0,"pta":142.0,"ptb":142.0}
23:06:13.552  {"type":"sample","target":"yellow","led":0,"n":28,"c":0,"r":0,"g":0,"b":0,"pta":142.0,"ptb":142.0}
23:06:13.552  {"type":"sample","target":"yellow","led":0,"n":29,"c":0,"r":0,"g":0,"b":0,"pta":142.0,"ptb":142.0}
23:06:14.014  {"type":"sample","target":"yellow","led":0,"n":30,"c":0,"r":0,"g":0,"b":0,"pta":142.0,"ptb":142.0}
23:06:14.014  {"type":"sample","target":"yellow","led":0,"n":31,"c":0,"r":0,"g":0,"b":0,"pta":142.0,"ptb":142.0}
23:06:14.014  {"type":"sample","target":"yellow","led":0,"n":32,"c":0,"r":0,"g":0,"b":0,"pta":142.0,"ptb":142.0}
23:06:14.475  {"type":"sample","target":"yellow","led":0,"n":33,"c":0,"r":0,"g":0,"b":0,"pta":142.0,"ptb":142.0}
23:06:14.475  {"type":"sample","target":"yellow","led":0,"n":34,"c":0,"r":0,"g":0,"b":0,"pta":142.0,"ptb":142.0}
23:06:14.476  {"type":"sample","target":"yellow","led":0,"n":35,"c":0,"r":0,"g":0,"b":0,"pta":142.0,"ptb":142.0}
23:06:14.790  {"type":"sample","target":"yellow","led":0,"n":36,"c":0,"r":0,"g":0,"b":0,"pta":142.0,"ptb":142.0}
23:06:14.790  {"type":"sample","target":"yellow","led":0,"n":37,"c":0,"r":0,"g":0,"b":0,"pta":142.0,"ptb":142.0}
23:06:15.252  {"type":"sample","target":"yellow","led":0,"n":38,"c":0,"r":0,"g":0,"b":0,"pta":142.0,"ptb":142.0}
23:06:15.252  {"type":"sample","target":"yellow","led":0,"n":39,"c":0,"r":0,"g":0,"b":0,"pta":142.0,"ptb":142.0}
23:06:15.253  {"type":"sample","target":"yellow","led":0,"n":40,"c":0,"r":0,"g":0,"b":0,"pta":142.0,"ptb":142.0}
23:06:15.567  {"type":"sample","target":"yellow","led":0,"n":41,"c":0,"r":0,"g":0,"b":0,"pta":142.0,"ptb":142.0}
23:06:15.567  {"type":"sample","target":"yellow","led":0,"n":42,"c":0,"r":0,"g":0,"b":0,"pta":142.0,"ptb":142.0}
23:06:16.028  {"type":"sample","target":"yellow","led":0,"n":43,"c":0,"r":0,"g":0,"b":0,"pta":142.0,"ptb":142.0}
23:06:16.028  {"type":"sample","target":"yellow","led":0,"n":44,"c":0,"r":0,"g":0,"b":0,"pta":142.0,"ptb":142.0}
23:06:16.028  {"type":"sample","target":"yellow","led":0,"n":45,"c":0,"r":0,"g":0,"b":0,"pta":142.0,"ptb":142.0}
23:06:16.489  {"type":"sample","target":"yellow","led":0,"n":46,"c":0,"r":0,"g":0,"b":0,"pta":142.0,"ptb":142.0}
23:06:16.489  {"type":"sample","target":"yellow","led":0,"n":47,"c":0,"r":0,"g":0,"b":0,"pta":142.0,"ptb":142.0}
23:06:16.490  {"type":"sample","target":"yellow","led":0,"n":48,"c":0,"r":0,"g":0,"b":0,"pta":142.0,"ptb":142.0}
23:06:16.512  {"type":"sample","target":"yellow","led":0,"n":49,"c":0,"r":0,"g":0,"b":0,"pta":142.0,"ptb":142.0}
23:06:17.154  {"type":"series","target":"yellow","light":"blue","gain":"16x","samples":50,"saturated":0,"on":{"C":[0.00,0.00],"R":[0.00,0.00],"G":[0.00,0.00],"B":[0.00,0.00],"PT-A":[142.00,0.00],"PT-B":[142.00,0.00]},"off":{"C":[0.00,0.00],"R":[0.00,0.00],"G":[0.00,0.00],"B":[0.00,0.00],"PT-A":[142.00,0.00],"PT-B":[142.00,0.00]},"signal":{"C":0.00,"R":0.00,"G":0.00,"B":0.00,"PT-A":0.00,"PT-B":0.00},"noise":{"C":0.00,"R":0.00,"G":0.00,"B":0.00,"PT-A":0.00,"PT-B":0.00}}
23:06:17.157  {"type":"live","t":1193470,"c":0,"r":0,"g":0,"b":0,"pta":142.0,"ptb":142.0,"sat":0,"light":"blue","gain":"16x"}
23:06:18.168  {"type":"live","t":1193872,"c":0,"r":0,"g":0,"b":0,"pta":142.0,"ptb":142.0,"sat":0,"light":"blue","gain":"16x"}
23:06:18.168  {"type":"live","t":1194273,"c":0,"r":0,"g":0,"b":0,"pta":142.0,"ptb":142.0,"sat":0,"light":"blue","gain":"16x"}
23:06:18.169  {"type":"live","t":1194674,"c":0,"r":0,"g":0,"b":0,"pta":142.0,"ptb":142.0,"sat":0,"light":"blue","gain":"16x"}
23:06:19.153  {"type":"live","t":1195075,"c":0,"r":0,"g":0,"b":0,"pta":142.0,"ptb":142.0,"sat":0,"light":"blue","gain":"16x"}
23:06:19.153  {"type":"live","t":1195476,"c":0,"r":0,"g":0,"b":0,"pta":142.0,"ptb":142.0,"sat":0,"light":"blue","gain":"16x"}
23:06:19.958  {"type":"live","t":1195877,"c":0,"r":0,"g":0,"b":0,"pta":142.0,"ptb":142.0,"sat":0,"light":"blue","gain":"16x"}
23:06:19.958  {"type":"live","t":1196278,"c":0,"r":0,"g":0,"b":0,"pta":142.0,"ptb":142.0,"sat":0,"light":"blue","gain":"16x"}
23:06:20.763  {"type":"live","t":1196679,"c":0,"r":0,"g":0,"b":0,"pta":142.0,"ptb":142.0,"sat":0,"light":"blue","gain":"16x"}
23:06:20.763  {"type":"live","t":1197080,"c":0,"r":0,"g":0,"b":0,"pta":142.0,"ptb":142.0,"sat":0,"light":"blue","gain":"16x"}
23:06:21.778  {"type":"live","t":1197481,"c":0,"r":0,"g":0,"b":0,"pta":142.0,"ptb":142.0,"sat":0,"light":"blue","gain":"16x"}
23:06:21.779  {"type":"live","t":1197882,"c":0,"r":0,"g":0,"b":0,"pta":142.0,"ptb":142.0,"sat":0,"light":"blue","gain":"16x"}
23:06:21.779  {"type":"live","t":1198283,"c":0,"r":0,"g":0,"b":0,"pta":142.0,"ptb":142.0,"sat":0,"light":"blue","gain":"16x"}
23:06:22.762  {"type":"live","t":1198684,"c":0,"r":0,"g":0,"b":0,"pta":142.0,"ptb":142.0,"sat":0,"light":"blue","gain":"16x"}
23:06:22.762  {"type":"live","t":1199085,"c":0,"r":0,"g":0,"b":0,"pta":142.0,"ptb":142.0,"sat":0,"light":"blue","gain":"16x"}
23:06:23.567  {"type":"live","t":1199486,"c":0,"r":0,"g":0,"b":0,"pta":142.0,"ptb":142.0,"sat":0,"light":"blue","gain":"16x"}
23:06:23.567  {"type":"live","t":1199887,"c":0,"r":0,"g":0,"b":0,"pta":142.0,"ptb":142.0,"sat":0,"light":"blue","gain":"16x"}
23:06:24.372  {"type":"live","t":1200288,"c":0,"r":0,"g":0,"b":0,"pta":142.0,"ptb":142.0,"sat":0,"light":"blue","gain":"16x"}
23:06:24.372  {"type":"live","t":1200689,"c":0,"r":0,"g":0,"b":0,"pta":142.0,"ptb":142.0,"sat":0,"light":"blue","gain":"16x"}
23:06:25.374  {"type":"live","t":1201090,"c":0,"r":0,"g":0,"b":0,"pta":142.0,"ptb":142.0,"sat":0,"light":"blue","gain":"16x"}
23:06:25.374  {"type":"live","t":1201491,"c":0,"r":0,"g":0,"b":0,"pta":142.0,"ptb":142.0,"sat":0,"light":"blue","gain":"16x"}
23:06:25.375  {"type":"live","t":1201892,"c":0,"r":0,"g":0,"b":0,"pta":142.0,"ptb":142.0,"sat":0,"light":"blue","gain":"16x"}
23:06:26.371  {"type":"live","t":1202293,"c":0,"r":0,"g":0,"b":0,"pta":142.0,"ptb":142.0,"sat":0,"light":"blue","gain":"16x"}
23:06:26.371  {"type":"live","t":1202694,"c":0,"r":0,"g":0,"b":0,"pta":142.0,"ptb":142.0,"sat":0,"light":"blue","gain":"16x"}
23:06:27.176  {"type":"live","t":1203095,"c":0,"r":0,"g":0,"b":0,"pta":142.0,"ptb":142.0,"sat":0,"light":"blue","gain":"16x"}
23:06:27.176  {"type":"live","t":1203496,"c":0,"r":0,"g":0,"b":0,"pta":142.0,"ptb":142.0,"sat":0,"light":"blue","gain":"16x"}
23:06:27.980  {"type":"live","t":1203897,"c":0,"r":0,"g":0,"b":0,"pta":142.0,"ptb":142.0,"sat":0,"light":"blue","gain":"16x"}
23:06:27.980  {"type":"live","t":1204298,"c":0,"r":0,"g":0,"b":0,"pta":142.0,"ptb":142.0,"sat":0,"light":"blue","gain":"16x"}
23:06:28.992  {"type":"live","t":1204699,"c":0,"r":0,"g":0,"b":0,"pta":142.0,"ptb":142.0,"sat":0,"light":"blue","gain":"16x"}
23:06:28.992  {"type":"live","t":1205100,"c":0,"r":0,"g":0,"b":0,"pta":142.0,"ptb":142.0,"sat":0,"light":"blue","gain":"16x"}
23:06:28.993  {"type":"live","t":1205501,"c":0,"r":0,"g":0,"b":0,"pta":142.0,"ptb":142.0,"sat":0,"light":"blue","gain":"16x"}
23:06:29.980  {"type":"live","t":1205902,"c":0,"r":0,"g":0,"b":0,"pta":142.0,"ptb":142.0,"sat":0,"light":"blue","gain":"16x"}
23:06:29.980  {"type":"live","t":1206303,"c":0,"r":0,"g":0,"b":0,"pta":142.0,"ptb":142.0,"sat":0,"light":"blue","gain":"16x"}
23:06:30.785  {"type":"live","t":1206704,"c":0,"r":0,"g":0,"b":0,"pta":142.0,"ptb":142.0,"sat":0,"light":"blue","gain":"16x"}
23:06:30.785  {"type":"live","t":1207105,"c":0,"r":0,"g":0,"b":0,"pta":142.0,"ptb":142.0,"sat":0,"light":"blue","gain":"16x"}
23:06:31.589  {"type":"live","t":1207506,"c":0,"r":0,"g":0,"b":0,"pta":142.0,"ptb":142.0,"sat":0,"light":"blue","gain":"16x"}
23:06:31.589  {"type":"live","t":1207907,"c":0,"r":0,"g":0,"b":0,"pta":142.0,"ptb":142.0,"sat":0,"light":"blue","gain":"16x"}
23:06:32.597  {"type":"live","t":1208308,"c":0,"r":0,"g":0,"b":0,"pta":142.0,"ptb":142.0,"sat":0,"light":"blue","gain":"16x"}
23:06:32.597  {"type":"live","t":1208709,"c":0,"r":0,"g":0,"b":0,"pta":142.0,"ptb":142.0,"sat":0,"light":"blue","gain":"16x"}
23:06:32.598  {"type":"live","t":1209110,"c":0,"r":0,"g":0,"b":0,"pta":142.0,"ptb":142.0,"sat":0,"light":"blue","gain":"16x"}
23:06:33.375  {"type":"live","t":1209511,"c":0,"r":0,"g":0,"b":0,"pta":142.0,"ptb":142.0,"sat":0,"light":"blue","gain":"16x"}
23:06:33.375  {"type":"live","t":1209912,"c":0,"r":0,"g":0,"b":0,"pta":142.0,"ptb":142.0,"sat":0,"light":"blue","gain":"16x"}
23:06:34.118  {"type":"run","target":"yellow","light":"blue","gain":"16x","samples":50}
23:06:34.118  {"type":"sample","target":"yellow","led":1,"n":0,"c":0,"r":0,"g":0,"b":0,"pta":142.0,"ptb":142.0}
23:06:34.119  {"type":"sample","target":"yellow","led":1,"n":1,"c":0,"r":0,"g":0,"b":0,"pta":142.0,"ptb":142.0}
23:06:34.433  {"type":"sample","target":"yellow","led":1,"n":2,"c":0,"r":0,"g":0,"b":0,"pta":142.0,"ptb":142.0}
23:06:34.433  {"type":"sample","target":"yellow","led":1,"n":3,"c":0,"r":0,"g":0,"b":0,"pta":142.0,"ptb":142.0}
23:06:34.895  {"type":"sample","target":"yellow","led":1,"n":4,"c":0,"r":0,"g":0,"b":0,"pta":142.0,"ptb":142.0}
23:06:34.895  {"type":"sample","target":"yellow","led":1,"n":5,"c":0,"r":0,"g":0,"b":0,"pta":142.0,"ptb":142.0}
23:06:34.895  {"type":"sample","target":"yellow","led":1,"n":6,"c":0,"r":0,"g":0,"b":0,"pta":142.0,"ptb":142.0}
23:06:35.356  {"type":"sample","target":"yellow","led":1,"n":7,"c":0,"r":0,"g":0,"b":0,"pta":142.0,"ptb":142.0}
23:06:35.356  {"type":"sample","target":"yellow","led":1,"n":8,"c":0,"r":0,"g":0,"b":0,"pta":142.0,"ptb":142.0}
23:06:35.357  {"type":"sample","target":"yellow","led":1,"n":9,"c":0,"r":0,"g":0,"b":0,"pta":142.0,"ptb":142.0}
23:06:35.671  {"type":"sample","target":"yellow","led":1,"n":10,"c":0,"r":0,"g":0,"b":0,"pta":142.0,"ptb":142.0}
23:06:35.671  {"type":"sample","target":"yellow","led":1,"n":11,"c":0,"r":0,"g":0,"b":0,"pta":142.0,"ptb":142.0}
23:06:36.133  {"type":"sample","target":"yellow","led":1,"n":12,"c":0,"r":0,"g":0,"b":0,"pta":142.0,"ptb":142.0}
23:06:36.133  {"type":"sample","target":"yellow","led":1,"n":13,"c":0,"r":0,"g":0,"b":0,"pta":142.0,"ptb":142.0}
23:06:36.134  {"type":"sample","target":"yellow","led":1,"n":14,"c":0,"r":0,"g":0,"b":0,"pta":142.0,"ptb":142.0}
23:06:36.448  {"type":"sample","target":"yellow","led":1,"n":15,"c":0,"r":0,"g":0,"b":0,"pta":142.0,"ptb":142.0}
23:06:36.448  {"type":"sample","target":"yellow","led":1,"n":16,"c":0,"r":0,"g":0,"b":0,"pta":142.0,"ptb":142.0}
23:06:36.909  {"type":"sample","target":"yellow","led":1,"n":17,"c":0,"r":0,"g":0,"b":0,"pta":142.0,"ptb":142.0}
23:06:36.909  {"type":"sample","target":"yellow","led":1,"n":18,"c":0,"r":0,"g":0,"b":0,"pta":142.0,"ptb":142.0}
23:06:36.909  {"type":"sample","target":"yellow","led":1,"n":19,"c":0,"r":0,"g":0,"b":0,"pta":142.0,"ptb":142.0}
23:06:37.224  {"type":"sample","target":"yellow","led":1,"n":20,"c":0,"r":0,"g":0,"b":0,"pta":142.0,"ptb":142.0}
23:06:37.224  {"type":"sample","target":"yellow","led":1,"n":21,"c":0,"r":0,"g":0,"b":0,"pta":142.0,"ptb":142.0}
23:06:37.686  {"type":"sample","target":"yellow","led":1,"n":22,"c":0,"r":0,"g":0,"b":0,"pta":142.0,"ptb":142.0}
23:06:37.686  {"type":"sample","target":"yellow","led":1,"n":23,"c":0,"r":0,"g":0,"b":0,"pta":142.0,"ptb":142.0}
23:06:37.687  {"type":"sample","target":"yellow","led":1,"n":24,"c":0,"r":0,"g":0,"b":0,"pta":142.0,"ptb":142.0}
23:06:38.147  {"type":"sample","target":"yellow","led":1,"n":25,"c":0,"r":0,"g":0,"b":0,"pta":142.0,"ptb":142.0}
23:06:38.147  {"type":"sample","target":"yellow","led":1,"n":26,"c":0,"r":0,"g":0,"b":0,"pta":142.0,"ptb":142.0}
23:06:38.148  {"type":"sample","target":"yellow","led":1,"n":27,"c":0,"r":0,"g":0,"b":0,"pta":142.0,"ptb":142.0}
23:06:38.462  {"type":"sample","target":"yellow","led":1,"n":28,"c":0,"r":0,"g":0,"b":0,"pta":142.0,"ptb":142.0}
23:06:38.462  {"type":"sample","target":"yellow","led":1,"n":29,"c":0,"r":0,"g":0,"b":0,"pta":142.0,"ptb":142.0}
23:06:38.924  {"type":"sample","target":"yellow","led":1,"n":30,"c":0,"r":0,"g":0,"b":0,"pta":142.0,"ptb":142.0}
23:06:38.924  {"type":"sample","target":"yellow","led":1,"n":31,"c":0,"r":0,"g":0,"b":0,"pta":142.0,"ptb":142.0}
23:06:38.924  {"type":"sample","target":"yellow","led":1,"n":32,"c":0,"r":0,"g":0,"b":0,"pta":142.0,"ptb":142.0}
23:06:39.239  {"type":"sample","target":"yellow","led":1,"n":33,"c":0,"r":0,"g":0,"b":0,"pta":142.0,"ptb":142.0}
23:06:39.239  {"type":"sample","target":"yellow","led":1,"n":34,"c":0,"r":0,"g":0,"b":0,"pta":142.0,"ptb":142.0}
23:06:39.700  {"type":"sample","target":"yellow","led":1,"n":35,"c":0,"r":0,"g":0,"b":0,"pta":142.0,"ptb":142.0}
23:06:39.700  {"type":"sample","target":"yellow","led":1,"n":36,"c":0,"r":0,"g":0,"b":0,"pta":142.0,"ptb":142.0}
23:06:39.701  {"type":"sample","target":"yellow","led":1,"n":37,"c":0,"r":0,"g":0,"b":0,"pta":142.0,"ptb":142.0}
23:06:40.161  {"type":"sample","target":"yellow","led":1,"n":38,"c":0,"r":0,"g":0,"b":0,"pta":142.0,"ptb":142.0}
23:06:40.161  {"type":"sample","target":"yellow","led":1,"n":39,"c":0,"r":0,"g":0,"b":0,"pta":142.0,"ptb":142.0}
23:06:40.162  {"type":"sample","target":"yellow","led":1,"n":40,"c":0,"r":0,"g":0,"b":0,"pta":142.0,"ptb":142.0}
23:06:40.476  {"type":"sample","target":"yellow","led":1,"n":41,"c":0,"r":0,"g":0,"b":0,"pta":142.0,"ptb":142.0}
23:06:40.476  {"type":"sample","target":"yellow","led":1,"n":42,"c":0,"r":0,"g":0,"b":0,"pta":142.0,"ptb":142.0}
23:06:40.938  {"type":"sample","target":"yellow","led":1,"n":43,"c":0,"r":0,"g":0,"b":0,"pta":142.0,"ptb":142.0}
23:06:40.938  {"type":"sample","target":"yellow","led":1,"n":44,"c":0,"r":0,"g":0,"b":0,"pta":142.0,"ptb":142.0}
23:06:40.939  {"type":"sample","target":"yellow","led":1,"n":45,"c":0,"r":0,"g":0,"b":0,"pta":142.0,"ptb":142.0}
23:06:41.253  {"type":"sample","target":"yellow","led":1,"n":46,"c":0,"r":0,"g":0,"b":0,"pta":142.0,"ptb":142.0}
23:06:41.253  {"type":"sample","target":"yellow","led":1,"n":47,"c":0,"r":0,"g":0,"b":0,"pta":142.0,"ptb":142.0}
23:06:41.964  {"type":"sample","target":"yellow","led":1,"n":48,"c":0,"r":0,"g":0,"b":0,"pta":142.0,"ptb":142.0}
23:06:41.964  {"type":"sample","target":"yellow","led":1,"n":49,"c":0,"r":0,"g":0,"b":0,"pta":142.0,"ptb":142.0}
23:06:41.965  {"type":"sample","target":"yellow","led":0,"n":0,"c":0,"r":0,"g":0,"b":0,"pta":142.0,"ptb":142.0}
23:06:42.426  {"type":"sample","target":"yellow","led":0,"n":1,"c":0,"r":0,"g":0,"b":0,"pta":142.0,"ptb":142.0}
23:06:42.426  {"type":"sample","target":"yellow","led":0,"n":2,"c":0,"r":0,"g":0,"b":0,"pta":142.0,"ptb":142.0}
23:06:42.427  {"type":"sample","target":"yellow","led":0,"n":3,"c":0,"r":0,"g":0,"b":0,"pta":142.0,"ptb":142.0}
23:06:42.741  {"type":"sample","target":"yellow","led":0,"n":4,"c":0,"r":0,"g":0,"b":0,"pta":142.0,"ptb":142.0}
23:06:42.741  {"type":"sample","target":"yellow","led":0,"n":5,"c":0,"r":0,"g":0,"b":0,"pta":142.0,"ptb":142.0}
23:06:43.203  {"type":"sample","target":"yellow","led":0,"n":6,"c":0,"r":0,"g":0,"b":0,"pta":142.0,"ptb":142.0}
23:06:43.203  {"type":"sample","target":"yellow","led":0,"n":7,"c":0,"r":0,"g":0,"b":0,"pta":142.0,"ptb":142.0}
23:06:43.204  {"type":"sample","target":"yellow","led":0,"n":8,"c":0,"r":0,"g":0,"b":0,"pta":142.0,"ptb":142.0}
23:06:43.518  {"type":"sample","target":"yellow","led":0,"n":9,"c":0,"r":0,"g":0,"b":0,"pta":142.0,"ptb":142.0}
23:06:43.518  {"type":"sample","target":"yellow","led":0,"n":10,"c":0,"r":0,"g":0,"b":0,"pta":142.0,"ptb":142.0}
23:06:43.980  {"type":"sample","target":"yellow","led":0,"n":11,"c":0,"r":0,"g":0,"b":0,"pta":142.0,"ptb":142.0}
23:06:43.980  {"type":"sample","target":"yellow","led":0,"n":12,"c":0,"r":0,"g":0,"b":0,"pta":142.0,"ptb":142.0}
23:06:43.981  {"type":"sample","target":"yellow","led":0,"n":13,"c":0,"r":0,"g":0,"b":0,"pta":142.0,"ptb":142.0}
23:06:44.440  {"type":"sample","target":"yellow","led":0,"n":14,"c":0,"r":0,"g":0,"b":0,"pta":142.0,"ptb":142.0}
23:06:44.441  {"type":"sample","target":"yellow","led":0,"n":15,"c":0,"r":0,"g":0,"b":0,"pta":142.0,"ptb":142.0}
23:06:44.441  {"type":"sample","target":"yellow","led":0,"n":16,"c":0,"r":0,"g":0,"b":0,"pta":142.0,"ptb":142.0}
23:06:44.756  {"type":"sample","target":"yellow","led":0,"n":17,"c":0,"r":0,"g":0,"b":0,"pta":142.0,"ptb":142.0}
23:06:44.756  {"type":"sample","target":"yellow","led":0,"n":18,"c":0,"r":0,"g":0,"b":0,"pta":142.0,"ptb":142.0}
23:06:45.218  {"type":"sample","target":"yellow","led":0,"n":19,"c":0,"r":0,"g":0,"b":0,"pta":142.0,"ptb":142.0}
23:06:45.218  {"type":"sample","target":"yellow","led":0,"n":20,"c":0,"r":0,"g":0,"b":0,"pta":142.0,"ptb":142.0}
23:06:45.218  {"type":"sample","target":"yellow","led":0,"n":21,"c":0,"r":0,"g":0,"b":0,"pta":142.0,"ptb":142.0}
23:06:45.533  {"type":"sample","target":"yellow","led":0,"n":22,"c":0,"r":0,"g":0,"b":0,"pta":142.0,"ptb":142.0}
23:06:45.533  {"type":"sample","target":"yellow","led":0,"n":23,"c":0,"r":0,"g":0,"b":0,"pta":142.0,"ptb":142.0}
23:06:45.994  {"type":"sample","target":"yellow","led":0,"n":24,"c":0,"r":0,"g":0,"b":0,"pta":142.0,"ptb":142.0}
23:06:45.994  {"type":"sample","target":"yellow","led":0,"n":25,"c":0,"r":0,"g":0,"b":0,"pta":142.0,"ptb":142.0}
23:06:45.994  {"type":"sample","target":"yellow","led":0,"n":26,"c":0,"r":0,"g":0,"b":0,"pta":142.0,"ptb":142.0}
23:06:46.309  {"type":"sample","target":"yellow","led":0,"n":27,"c":0,"r":0,"g":0,"b":0,"pta":142.0,"ptb":142.0}
23:06:46.309  {"type":"sample","target":"yellow","led":0,"n":28,"c":0,"r":0,"g":0,"b":0,"pta":142.0,"ptb":142.0}
23:06:46.770  {"type":"sample","target":"yellow","led":0,"n":29,"c":0,"r":0,"g":0,"b":0,"pta":142.0,"ptb":142.0}
23:06:46.770  {"type":"sample","target":"yellow","led":0,"n":30,"c":0,"r":0,"g":0,"b":0,"pta":142.0,"ptb":142.0}
23:06:46.771  {"type":"sample","target":"yellow","led":0,"n":31,"c":0,"r":0,"g":0,"b":0,"pta":142.0,"ptb":142.0}
23:06:47.232  {"type":"sample","target":"yellow","led":0,"n":32,"c":0,"r":0,"g":0,"b":0,"pta":142.0,"ptb":142.0}
23:06:47.232  {"type":"sample","target":"yellow","led":0,"n":33,"c":0,"r":0,"g":0,"b":0,"pta":142.0,"ptb":142.0}
23:06:47.232  {"type":"sample","target":"yellow","led":0,"n":34,"c":0,"r":0,"g":0,"b":0,"pta":142.0,"ptb":142.0}
23:06:47.547  {"type":"sample","target":"yellow","led":0,"n":35,"c":0,"r":0,"g":0,"b":0,"pta":142.0,"ptb":142.0}
23:06:47.547  {"type":"sample","target":"yellow","led":0,"n":36,"c":0,"r":0,"g":0,"b":0,"pta":142.0,"ptb":142.0}
23:06:48.008  {"type":"sample","target":"yellow","led":0,"n":37,"c":0,"r":0,"g":0,"b":0,"pta":142.0,"ptb":142.0}
23:06:48.008  {"type":"sample","target":"yellow","led":0,"n":38,"c":0,"r":0,"g":0,"b":0,"pta":142.0,"ptb":142.0}
23:06:48.008  {"type":"sample","target":"yellow","led":0,"n":39,"c":0,"r":0,"g":0,"b":0,"pta":142.0,"ptb":142.0}
23:06:48.323  {"type":"sample","target":"yellow","led":0,"n":40,"c":0,"r":0,"g":0,"b":0,"pta":142.0,"ptb":142.0}
23:06:48.323  {"type":"sample","target":"yellow","led":0,"n":41,"c":0,"r":0,"g":0,"b":0,"pta":142.0,"ptb":142.0}
23:06:48.785  {"type":"sample","target":"yellow","led":0,"n":42,"c":0,"r":0,"g":0,"b":0,"pta":142.0,"ptb":142.0}
23:06:48.785  {"type":"sample","target":"yellow","led":0,"n":43,"c":0,"r":0,"g":0,"b":0,"pta":142.0,"ptb":142.0}
23:06:48.785  {"type":"sample","target":"yellow","led":0,"n":44,"c":0,"r":0,"g":0,"b":0,"pta":142.0,"ptb":142.0}
23:06:49.246  {"type":"sample","target":"yellow","led":0,"n":45,"c":0,"r":0,"g":0,"b":0,"pta":142.0,"ptb":142.0}
23:06:49.246  {"type":"sample","target":"yellow","led":0,"n":46,"c":0,"r":0,"g":0,"b":0,"pta":142.0,"ptb":142.0}
23:06:49.247  {"type":"sample","target":"yellow","led":0,"n":47,"c":0,"r":0,"g":0,"b":0,"pta":142.0,"ptb":142.0}
23:06:49.415  {"type":"sample","target":"yellow","led":0,"n":48,"c":0,"r":0,"g":0,"b":0,"pta":142.0,"ptb":142.0}
23:06:49.415  {"type":"sample","target":"yellow","led":0,"n":49,"c":0,"r":0,"g":0,"b":0,"pta":142.0,"ptb":142.0}
23:06:50.057  {"type":"series","target":"yellow","light":"blue","gain":"16x","samples":50,"saturated":0,"on":{"C":[0.00,0.00],"R":[0.00,0.00],"G":[0.00,0.00],"B":[0.00,0.00],"PT-A":[142.00,0.00],"PT-B":[142.00,0.00]},"off":{"C":[0.00,0.00],"R":[0.00,0.00],"G":[0.00,0.00],"B":[0.00,0.00],"PT-A":[142.00,0.00],"PT-B":[142.00,0.00]},"signal":{"C":0.00,"R":0.00,"G":0.00,"B":0.00,"PT-A":0.00,"PT-B":0.00},"noise":{"C":0.00,"R":0.00,"G":0.00,"B":0.00,"PT-A":0.00,"PT-B":0.00}}
23:06:50.058  {"type":"live","t":1226382,"c":0,"r":0,"g":0,"b":0,"pta":142.0,"ptb":142.0,"sat":0,"light":"blue","gain":"16x"}
23:06:50.862  {"type":"live","t":1226784,"c":0,"r":0,"g":0,"b":0,"pta":142.0,"ptb":142.0,"sat":0,"light":"blue","gain":"16x"}
23:06:50.862  {"type":"live","t":1227185,"c":0,"r":0,"g":0,"b":0,"pta":142.0,"ptb":142.0,"sat":0,"light":"blue","gain":"16x"}
23:06:51.666  {"type":"live","t":1227586,"c":0,"r":0,"g":0,"b":0,"pta":142.0,"ptb":142.0,"sat":0,"light":"blue","gain":"16x"}
23:06:51.666  {"type":"live","t":1227987,"c":0,"r":0,"g":0,"b":0,"pta":142.0,"ptb":142.0,"sat":0,"light":"blue","gain":"16x"}
23:06:52.471  {"type":"live","t":1228388,"c":0,"r":0,"g":0,"b":0,"pta":142.0,"ptb":142.0,"sat":0,"light":"blue","gain":"16x"}
23:06:52.471  {"type":"live","t":1228789,"c":0,"r":0,"g":0,"b":0,"pta":142.0,"ptb":142.0,"sat":0,"light":"blue","gain":"16x"}
23:06:53.486  {"type":"live","t":1229190,"c":0,"r":0,"g":0,"b":0,"pta":142.0,"ptb":142.0,"sat":0,"light":"blue","gain":"16x"}
23:06:53.486  {"type":"live","t":1229591,"c":0,"r":0,"g":0,"b":0,"pta":142.0,"ptb":142.0,"sat":0,"light":"blue","gain":"16x"}
23:06:53.486  {"type":"live","t":1229992,"c":0,"r":0,"g":0,"b":0,"pta":142.0,"ptb":142.0,"sat":0,"light":"blue","gain":"16x"}
23:06:54.079  {"type":"live","t":1230393,"c":0,"r":0,"g":0,"b":0,"pta":142.0,"ptb":142.0,"sat":0,"light":"blue","gain":"16x"}
23:06:54.079  {"type":"live","t":1230794,"c":0,"r":0,"g":0,"b":0,"pta":142.0,"ptb":142.0,"sat":0,"light":"blue","gain":"16x"}
23:06:54.822  {"type":"run","target":"yellow","light":"blue","gain":"16x","samples":50}
23:06:54.822  {"type":"sample","target":"yellow","led":1,"n":0,"c":0,"r":0,"g":0,"b":0,"pta":142.0,"ptb":142.0}
23:06:54.823  {"type":"sample","target":"yellow","led":1,"n":1,"c":0,"r":0,"g":0,"b":0,"pta":142.0,"ptb":142.0}
23:06:55.138  {"type":"sample","target":"yellow","led":1,"n":2,"c":0,"r":0,"g":0,"b":0,"pta":142.0,"ptb":142.6}
23:06:55.138  {"type":"sample","target":"yellow","led":1,"n":3,"c":0,"r":0,"g":0,"b":0,"pta":142.0,"ptb":142.0}
23:06:55.599  {"type":"sample","target":"yellow","led":1,"n":4,"c":0,"r":0,"g":0,"b":0,"pta":142.0,"ptb":142.0}
23:06:55.599  {"type":"sample","target":"yellow","led":1,"n":5,"c":0,"r":0,"g":0,"b":0,"pta":142.0,"ptb":142.0}
23:06:55.600  {"type":"sample","target":"yellow","led":1,"n":6,"c":0,"r":0,"g":0,"b":0,"pta":142.0,"ptb":142.0}
23:06:56.061  {"type":"sample","target":"yellow","led":1,"n":7,"c":0,"r":0,"g":0,"b":0,"pta":142.0,"ptb":142.0}
23:06:56.061  {"type":"sample","target":"yellow","led":1,"n":8,"c":0,"r":0,"g":0,"b":0,"pta":142.0,"ptb":142.0}
23:06:56.062  {"type":"sample","target":"yellow","led":1,"n":9,"c":0,"r":0,"g":0,"b":0,"pta":142.0,"ptb":142.0}
23:06:56.376  {"type":"sample","target":"yellow","led":1,"n":10,"c":0,"r":0,"g":0,"b":0,"pta":142.0,"ptb":142.0}
23:06:56.376  {"type":"sample","target":"yellow","led":1,"n":11,"c":0,"r":0,"g":0,"b":0,"pta":142.0,"ptb":142.0}
23:06:56.837  {"type":"sample","target":"yellow","led":1,"n":12,"c":0,"r":0,"g":0,"b":0,"pta":142.0,"ptb":142.0}
23:06:56.837  {"type":"sample","target":"yellow","led":1,"n":13,"c":0,"r":0,"g":0,"b":0,"pta":142.0,"ptb":142.0}
23:06:56.837  {"type":"sample","target":"yellow","led":1,"n":14,"c":0,"r":0,"g":0,"b":0,"pta":142.0,"ptb":142.0}
23:06:57.152  {"type":"sample","target":"yellow","led":1,"n":15,"c":0,"r":0,"g":0,"b":0,"pta":142.0,"ptb":142.0}
23:06:57.152  {"type":"sample","target":"yellow","led":1,"n":16,"c":0,"r":0,"g":0,"b":0,"pta":142.0,"ptb":142.0}
23:06:57.614  {"type":"sample","target":"yellow","led":1,"n":17,"c":0,"r":0,"g":0,"b":0,"pta":142.0,"ptb":142.0}
23:06:57.614  {"type":"sample","target":"yellow","led":1,"n":18,"c":0,"r":0,"g":0,"b":0,"pta":142.0,"ptb":142.0}
23:06:57.615  {"type":"sample","target":"yellow","led":1,"n":19,"c":0,"r":0,"g":0,"b":0,"pta":142.0,"ptb":142.0}
23:06:57.929  {"type":"sample","target":"yellow","led":1,"n":20,"c":0,"r":0,"g":0,"b":0,"pta":142.0,"ptb":142.0}
23:06:57.929  {"type":"sample","target":"yellow","led":1,"n":21,"c":0,"r":0,"g":0,"b":0,"pta":142.0,"ptb":142.0}
23:06:58.390  {"type":"sample","target":"yellow","led":1,"n":22,"c":0,"r":0,"g":0,"b":0,"pta":142.0,"ptb":142.0}
23:06:58.390  {"type":"sample","target":"yellow","led":1,"n":23,"c":0,"r":0,"g":0,"b":0,"pta":142.0,"ptb":142.0}
23:06:58.391  {"type":"sample","target":"yellow","led":1,"n":24,"c":0,"r":0,"g":0,"b":0,"pta":142.0,"ptb":142.0}
23:06:58.852  {"type":"sample","target":"yellow","led":1,"n":25,"c":0,"r":0,"g":0,"b":0,"pta":142.0,"ptb":142.0}
23:06:58.852  {"type":"sample","target":"yellow","led":1,"n":26,"c":0,"r":0,"g":0,"b":0,"pta":142.0,"ptb":142.0}
23:06:58.853  {"type":"sample","target":"yellow","led":1,"n":27,"c":0,"r":0,"g":0,"b":0,"pta":142.0,"ptb":142.0}
23:06:59.167  {"type":"sample","target":"yellow","led":1,"n":28,"c":0,"r":0,"g":0,"b":0,"pta":142.0,"ptb":142.0}
23:06:59.167  {"type":"sample","target":"yellow","led":1,"n":29,"c":0,"r":0,"g":0,"b":0,"pta":142.0,"ptb":142.0}
23:06:59.628  {"type":"sample","target":"yellow","led":1,"n":30,"c":0,"r":0,"g":0,"b":0,"pta":142.0,"ptb":142.0}
23:06:59.628  {"type":"sample","target":"yellow","led":1,"n":31,"c":0,"r":0,"g":0,"b":0,"pta":142.0,"ptb":142.0}
23:06:59.629  {"type":"sample","target":"yellow","led":1,"n":32,"c":0,"r":0,"g":0,"b":0,"pta":142.0,"ptb":142.0}
23:06:59.943  {"type":"sample","target":"yellow","led":1,"n":33,"c":0,"r":0,"g":0,"b":0,"pta":142.0,"ptb":142.0}
23:06:59.943  {"type":"sample","target":"yellow","led":1,"n":34,"c":0,"r":0,"g":0,"b":0,"pta":142.0,"ptb":142.0}
23:07:00.405  {"type":"sample","target":"yellow","led":1,"n":35,"c":0,"r":0,"g":0,"b":0,"pta":142.0,"ptb":142.0}
23:07:00.405  {"type":"sample","target":"yellow","led":1,"n":36,"c":0,"r":0,"g":0,"b":0,"pta":142.0,"ptb":142.0}
23:07:00.406  {"type":"sample","target":"yellow","led":1,"n":37,"c":0,"r":0,"g":0,"b":0,"pta":142.0,"ptb":142.0}
23:07:00.866  {"type":"sample","target":"yellow","led":1,"n":38,"c":0,"r":0,"g":0,"b":0,"pta":142.0,"ptb":142.0}
23:07:00.866  {"type":"sample","target":"yellow","led":1,"n":39,"c":0,"r":0,"g":0,"b":0,"pta":142.0,"ptb":142.0}
23:07:00.867  {"type":"sample","target":"yellow","led":1,"n":40,"c":0,"r":0,"g":0,"b":0,"pta":142.0,"ptb":142.0}
23:07:01.181  {"type":"sample","target":"yellow","led":1,"n":41,"c":0,"r":0,"g":0,"b":0,"pta":142.0,"ptb":142.0}
23:07:01.181  {"type":"sample","target":"yellow","led":1,"n":42,"c":0,"r":0,"g":0,"b":0,"pta":142.0,"ptb":142.0}
23:07:01.643  {"type":"sample","target":"yellow","led":1,"n":43,"c":0,"r":0,"g":0,"b":0,"pta":142.0,"ptb":142.0}
23:07:01.643  {"type":"sample","target":"yellow","led":1,"n":44,"c":0,"r":0,"g":0,"b":0,"pta":142.0,"ptb":142.0}
23:07:01.643  {"type":"sample","target":"yellow","led":1,"n":45,"c":0,"r":0,"g":0,"b":0,"pta":142.0,"ptb":142.0}
23:07:01.958  {"type":"sample","target":"yellow","led":1,"n":46,"c":0,"r":0,"g":0,"b":0,"pta":142.0,"ptb":142.0}
23:07:01.958  {"type":"sample","target":"yellow","led":1,"n":47,"c":0,"r":0,"g":0,"b":0,"pta":142.0,"ptb":142.0}
23:07:02.669  {"type":"sample","target":"yellow","led":1,"n":48,"c":0,"r":0,"g":0,"b":0,"pta":142.0,"ptb":142.0}
23:07:02.669  {"type":"sample","target":"yellow","led":1,"n":49,"c":0,"r":0,"g":0,"b":0,"pta":142.0,"ptb":142.0}
23:07:02.670  {"type":"sample","target":"yellow","led":0,"n":0,"c":0,"r":0,"g":0,"b":0,"pta":142.0,"ptb":142.0}
23:07:03.131  {"type":"sample","target":"yellow","led":0,"n":1,"c":0,"r":0,"g":0,"b":0,"pta":142.0,"ptb":142.0}
23:07:03.131  {"type":"sample","target":"yellow","led":0,"n":2,"c":0,"r":0,"g":0,"b":0,"pta":142.0,"ptb":142.0}
23:07:03.131  {"type":"sample","target":"yellow","led":0,"n":3,"c":0,"r":0,"g":0,"b":0,"pta":142.0,"ptb":142.0}
23:07:03.446  {"type":"sample","target":"yellow","led":0,"n":4,"c":0,"r":0,"g":0,"b":0,"pta":142.0,"ptb":142.0}
23:07:03.446  {"type":"sample","target":"yellow","led":0,"n":5,"c":0,"r":0,"g":0,"b":0,"pta":142.0,"ptb":142.0}
23:07:03.908  {"type":"sample","target":"yellow","led":0,"n":6,"c":0,"r":0,"g":0,"b":0,"pta":142.0,"ptb":142.0}
23:07:03.908  {"type":"sample","target":"yellow","led":0,"n":7,"c":0,"r":0,"g":0,"b":0,"pta":142.0,"ptb":142.0}
23:07:03.909  {"type":"sample","target":"yellow","led":0,"n":8,"c":0,"r":0,"g":0,"b":0,"pta":142.0,"ptb":142.0}
23:07:04.223  {"type":"sample","target":"yellow","led":0,"n":9,"c":0,"r":0,"g":0,"b":0,"pta":142.0,"ptb":142.0}
23:07:04.223  {"type":"sample","target":"yellow","led":0,"n":10,"c":0,"r":0,"g":0,"b":0,"pta":142.0,"ptb":142.0}
23:07:04.684  {"type":"sample","target":"yellow","led":0,"n":11,"c":0,"r":0,"g":0,"b":0,"pta":142.0,"ptb":142.0}
23:07:04.684  {"type":"sample","target":"yellow","led":0,"n":12,"c":0,"r":0,"g":0,"b":0,"pta":142.0,"ptb":142.0}
23:07:04.685  {"type":"sample","target":"yellow","led":0,"n":13,"c":0,"r":0,"g":0,"b":0,"pta":142.0,"ptb":142.0}
23:07:05.145  {"type":"sample","target":"yellow","led":0,"n":14,"c":0,"r":0,"g":0,"b":0,"pta":142.0,"ptb":142.0}
23:07:05.146  {"type":"sample","target":"yellow","led":0,"n":15,"c":0,"r":0,"g":0,"b":0,"pta":142.0,"ptb":142.0}
23:07:05.146  {"type":"sample","target":"yellow","led":0,"n":16,"c":0,"r":0,"g":0,"b":0,"pta":142.0,"ptb":142.0}
23:07:05.461  {"type":"sample","target":"yellow","led":0,"n":17,"c":0,"r":0,"g":0,"b":0,"pta":142.0,"ptb":142.0}
23:07:05.461  {"type":"sample","target":"yellow","led":0,"n":18,"c":0,"r":0,"g":0,"b":0,"pta":142.0,"ptb":142.0}
23:07:05.922  {"type":"sample","target":"yellow","led":0,"n":19,"c":0,"r":0,"g":0,"b":0,"pta":142.0,"ptb":142.0}
23:07:05.922  {"type":"sample","target":"yellow","led":0,"n":20,"c":0,"r":0,"g":0,"b":0,"pta":142.0,"ptb":142.0}
23:07:05.923  {"type":"sample","target":"yellow","led":0,"n":21,"c":0,"r":0,"g":0,"b":0,"pta":142.0,"ptb":142.0}
23:07:06.237  {"type":"sample","target":"yellow","led":0,"n":22,"c":0,"r":0,"g":0,"b":0,"pta":142.0,"ptb":142.0}
23:07:06.237  {"type":"sample","target":"yellow","led":0,"n":23,"c":0,"r":0,"g":0,"b":0,"pta":142.0,"ptb":142.0}
23:07:06.699  {"type":"sample","target":"yellow","led":0,"n":24,"c":0,"r":0,"g":0,"b":0,"pta":142.0,"ptb":142.0}
23:07:06.699  {"type":"sample","target":"yellow","led":0,"n":25,"c":0,"r":0,"g":0,"b":0,"pta":142.0,"ptb":142.0}
23:07:06.700  {"type":"sample","target":"yellow","led":0,"n":26,"c":0,"r":0,"g":0,"b":0,"pta":142.0,"ptb":142.0}
23:07:07.014  {"type":"sample","target":"yellow","led":0,"n":27,"c":0,"r":0,"g":0,"b":0,"pta":142.0,"ptb":142.0}
23:07:07.014  {"type":"sample","target":"yellow","led":0,"n":28,"c":0,"r":0,"g":0,"b":0,"pta":142.0,"ptb":142.0}
23:07:07.475  {"type":"sample","target":"yellow","led":0,"n":29,"c":0,"r":0,"g":0,"b":0,"pta":142.0,"ptb":142.0}
23:07:07.475  {"type":"sample","target":"yellow","led":0,"n":30,"c":0,"r":0,"g":0,"b":0,"pta":142.0,"ptb":142.0}
23:07:07.475  {"type":"sample","target":"yellow","led":0,"n":31,"c":0,"r":0,"g":0,"b":0,"pta":142.0,"ptb":142.0}
23:07:07.937  {"type":"sample","target":"yellow","led":0,"n":32,"c":0,"r":0,"g":0,"b":0,"pta":142.0,"ptb":142.0}
23:07:07.937  {"type":"sample","target":"yellow","led":0,"n":33,"c":0,"r":0,"g":0,"b":0,"pta":142.0,"ptb":142.0}
23:07:07.938  {"type":"sample","target":"yellow","led":0,"n":34,"c":0,"r":0,"g":0,"b":0,"pta":142.0,"ptb":142.6}
23:07:08.252  {"type":"sample","target":"yellow","led":0,"n":35,"c":0,"r":0,"g":0,"b":0,"pta":142.0,"ptb":142.0}
23:07:08.252  {"type":"sample","target":"yellow","led":0,"n":36,"c":0,"r":0,"g":0,"b":0,"pta":142.0,"ptb":142.0}
23:07:08.713  {"type":"sample","target":"yellow","led":0,"n":37,"c":0,"r":0,"g":0,"b":0,"pta":142.0,"ptb":142.0}
23:07:08.713  {"type":"sample","target":"yellow","led":0,"n":38,"c":0,"r":0,"g":0,"b":0,"pta":142.0,"ptb":142.0}
23:07:08.714  {"type":"sample","target":"yellow","led":0,"n":39,"c":0,"r":0,"g":0,"b":0,"pta":142.0,"ptb":142.0}
23:07:09.028  {"type":"sample","target":"yellow","led":0,"n":40,"c":0,"r":0,"g":0,"b":0,"pta":142.0,"ptb":142.0}
23:07:09.028  {"type":"sample","target":"yellow","led":0,"n":41,"c":0,"r":0,"g":0,"b":0,"pta":142.0,"ptb":142.0}
23:07:09.489  {"type":"sample","target":"yellow","led":0,"n":42,"c":0,"r":0,"g":0,"b":0,"pta":142.0,"ptb":142.0}
23:07:09.489  {"type":"sample","target":"yellow","led":0,"n":43,"c":0,"r":0,"g":0,"b":0,"pta":142.0,"ptb":142.0}
23:07:09.489  {"type":"sample","target":"yellow","led":0,"n":44,"c":0,"r":0,"g":0,"b":0,"pta":142.0,"ptb":142.0}
23:07:09.951  {"type":"sample","target":"yellow","led":0,"n":45,"c":0,"r":0,"g":0,"b":0,"pta":142.0,"ptb":142.0}
23:07:09.951  {"type":"sample","target":"yellow","led":0,"n":46,"c":0,"r":0,"g":0,"b":0,"pta":142.0,"ptb":142.0}
23:07:09.951  {"type":"sample","target":"yellow","led":0,"n":47,"c":0,"r":0,"g":0,"b":0,"pta":142.0,"ptb":142.0}
23:07:10.119  {"type":"sample","target":"yellow","led":0,"n":48,"c":0,"r":0,"g":0,"b":0,"pta":142.0,"ptb":142.0}
23:07:10.119  {"type":"sample","target":"yellow","led":0,"n":49,"c":0,"r":0,"g":0,"b":0,"pta":142.0,"ptb":142.0}
23:07:10.762  {"type":"series","target":"yellow","light":"blue","gain":"16x","samples":50,"saturated":0,"on":{"C":[0.00,0.00],"R":[0.00,0.00],"G":[0.00,0.00],"B":[0.00,0.00],"PT-A":[142.00,0.00],"PT-B":[142.01,0.09]},"off":{"C":[0.00,0.00],"R":[0.00,0.00],"G":[0.00,0.00],"B":[0.00,0.00],"PT-A":[142.00,0.00],"PT-B":[142.01,0.09]},"signal":{"C":0.00,"R":0.00,"G":0.00,"B":0.00,"PT-A":0.00,"PT-B":0.00},"noise":{"C":0.00,"R":0.00,"G":0.00,"B":0.00,"PT-A":0.00,"PT-B":0.13}}
23:07:10.763  {"type":"live","t":1247088,"c":0,"r":0,"g":0,"b":0,"pta":142.0,"ptb":142.0,"sat":0,"light":"blue","gain":"16x"}
23:07:11.566  {"type":"live","t":1247489,"c":0,"r":0,"g":0,"b":0,"pta":142.0,"ptb":142.0,"sat":0,"light":"blue","gain":"16x"}
23:07:11.566  {"type":"live","t":1247890,"c":0,"r":0,"g":0,"b":0,"pta":142.0,"ptb":142.0,"sat":0,"light":"blue","gain":"16x"}
23:07:12.371  {"type":"live","t":1248291,"c":0,"r":0,"g":0,"b":0,"pta":142.0,"ptb":142.0,"sat":0,"light":"blue","gain":"16x"}
23:07:12.371  {"type":"live","t":1248692,"c":0,"r":0,"g":0,"b":0,"pta":142.0,"ptb":142.0,"sat":0,"light":"blue","gain":"16x"}
23:07:13.176  {"type":"live","t":1249093,"c":0,"r":0,"g":0,"b":0,"pta":142.0,"ptb":142.0,"sat":0,"light":"blue","gain":"16x"}
23:07:13.176  {"type":"live","t":1249494,"c":0,"r":0,"g":0,"b":0,"pta":142.0,"ptb":142.0,"sat":0,"light":"blue","gain":"16x"}
23:07:14.184  {"type":"live","t":1249895,"c":0,"r":0,"g":0,"b":0,"pta":142.0,"ptb":142.0,"sat":0,"light":"blue","gain":"16x"}
23:07:14.184  {"type":"live","t":1250296,"c":0,"r":0,"g":0,"b":0,"pta":142.0,"ptb":142.0,"sat":0,"light":"blue","gain":"16x"}
23:07:14.184  {"type":"live","t":1250697,"c":0,"r":0,"g":0,"b":0,"pta":142.0,"ptb":142.0,"sat":0,"light":"blue","gain":"16x"}
23:07:15.175  {"type":"live","t":1251098,"c":0,"r":0,"g":0,"b":0,"pta":142.0,"ptb":142.0,"sat":0,"light":"blue","gain":"16x"}
23:07:15.175  {"type":"live","t":1251499,"c":0,"r":0,"g":0,"b":0,"pta":142.0,"ptb":142.0,"sat":0,"light":"blue","gain":"16x"}
23:07:15.980  {"type":"live","t":1251900,"c":0,"r":0,"g":0,"b":0,"pta":142.0,"ptb":142.0,"sat":0,"light":"blue","gain":"16x"}
23:07:15.980  {"type":"live","t":1252301,"c":0,"r":0,"g":0,"b":0,"pta":142.0,"ptb":142.0,"sat":0,"light":"blue","gain":"16x"}
23:07:16.785  {"type":"live","t":1252702,"c":0,"r":0,"g":0,"b":0,"pta":142.0,"ptb":142.0,"sat":0,"light":"blue","gain":"16x"}
23:07:16.785  {"type":"live","t":1253103,"c":0,"r":0,"g":0,"b":0,"pta":142.0,"ptb":142.0,"sat":0,"light":"blue","gain":"16x"}
23:07:17.792  {"type":"live","t":1253504,"c":0,"r":0,"g":0,"b":0,"pta":142.0,"ptb":142.0,"sat":0,"light":"blue","gain":"16x"}
23:07:17.793  {"type":"live","t":1253905,"c":0,"r":0,"g":0,"b":0,"pta":142.0,"ptb":142.0,"sat":0,"light":"blue","gain":"16x"}
23:07:17.793  {"type":"live","t":1254306,"c":0,"r":0,"g":0,"b":0,"pta":142.0,"ptb":142.0,"sat":0,"light":"blue","gain":"16x"}
23:07:18.784  {"type":"live","t":1254707,"c":0,"r":0,"g":0,"b":0,"pta":142.0,"ptb":142.0,"sat":0,"light":"blue","gain":"16x"}
23:07:18.784  {"type":"live","t":1255108,"c":0,"r":0,"g":0,"b":0,"pta":142.0,"ptb":142.0,"sat":0,"light":"blue","gain":"16x"}
23:07:19.589  {"type":"live","t":1255509,"c":0,"r":0,"g":0,"b":0,"pta":142.0,"ptb":142.0,"sat":0,"light":"blue","gain":"16x"}
23:07:19.589  {"type":"live","t":1255910,"c":0,"r":0,"g":0,"b":0,"pta":142.0,"ptb":142.0,"sat":0,"light":"blue","gain":"16x"}
23:07:20.394  {"type":"live","t":1256311,"c":0,"r":0,"g":0,"b":0,"pta":142.0,"ptb":142.0,"sat":0,"light":"blue","gain":"16x"}
23:07:20.394  {"type":"live","t":1256712,"c":0,"r":0,"g":0,"b":0,"pta":142.0,"ptb":142.0,"sat":0,"light":"blue","gain":"16x"}
23:07:21.399  {"type":"live","t":1257113,"c":0,"r":0,"g":0,"b":0,"pta":142.0,"ptb":142.0,"sat":0,"light":"blue","gain":"16x"}
23:07:21.400  {"type":"live","t":1257514,"c":0,"r":0,"g":0,"b":0,"pta":142.0,"ptb":142.0,"sat":0,"light":"blue","gain":"16x"}
23:07:21.401  {"type":"live","t":1257915,"c":0,"r":0,"g":0,"b":0,"pta":142.0,"ptb":142.0,"sat":0,"light":"blue","gain":"16x"}
23:07:22.393  {"type":"live","t":1258316,"c":0,"r":0,"g":0,"b":0,"pta":142.0,"ptb":142.0,"sat":0,"light":"blue","gain":"16x"}
23:07:22.393  {"type":"live","t":1258717,"c":0,"r":0,"g":0,"b":0,"pta":142.0,"ptb":142.0,"sat":0,"light":"blue","gain":"16x"}
23:07:23.198  {"type":"live","t":1259118,"c":0,"r":0,"g":0,"b":0,"pta":142.0,"ptb":142.0,"sat":0,"light":"blue","gain":"16x"}
23:07:23.198  {"type":"live","t":1259519,"c":0,"r":0,"g":0,"b":0,"pta":142.0,"ptb":142.0,"sat":0,"light":"blue","gain":"16x"}
23:07:24.003  {"type":"live","t":1259920,"c":0,"r":0,"g":0,"b":0,"pta":142.0,"ptb":142.0,"sat":0,"light":"blue","gain":"16x"}
23:07:24.003  {"type":"live","t":1260321,"c":0,"r":0,"g":0,"b":0,"pta":142.0,"ptb":142.0,"sat":0,"light":"blue","gain":"16x"}
23:07:25.019  {"type":"live","t":1260722,"c":0,"r":0,"g":0,"b":0,"pta":142.0,"ptb":142.0,"sat":0,"light":"blue","gain":"16x"}
23:07:25.019  {"type":"live","t":1261123,"c":0,"r":0,"g":0,"b":0,"pta":142.0,"ptb":142.0,"sat":0,"light":"blue","gain":"16x"}
23:07:25.020  {"type":"live","t":1261524,"c":0,"r":0,"g":0,"b":0,"pta":142.0,"ptb":142.0,"sat":0,"light":"blue","gain":"16x"}
23:07:26.002  {"type":"live","t":1261925,"c":0,"r":0,"g":0,"b":0,"pta":142.0,"ptb":142.0,"sat":0,"light":"blue","gain":"16x"}
23:07:26.002  {"type":"live","t":1262326,"c":0,"r":0,"g":0,"b":0,"pta":142.0,"ptb":142.0,"sat":0,"light":"blue","gain":"16x"}
23:07:26.807  {"type":"live","t":1262727,"c":0,"r":0,"g":0,"b":0,"pta":142.0,"ptb":142.0,"sat":0,"light":"blue","gain":"16x"}
23:07:26.807  {"type":"live","t":1263128,"c":0,"r":0,"g":0,"b":0,"pta":142.0,"ptb":142.0,"sat":0,"light":"blue","gain":"16x"}
23:07:27.612  {"type":"live","t":1263529,"c":0,"r":0,"g":0,"b":0,"pta":142.0,"ptb":142.0,"sat":0,"light":"blue","gain":"16x"}
23:07:27.612  {"type":"live","t":1263930,"c":0,"r":0,"g":0,"b":0,"pta":142.0,"ptb":142.0,"sat":0,"light":"blue","gain":"16x"}
23:07:28.624  {"type":"live","t":1264331,"c":0,"r":0,"g":0,"b":0,"pta":142.0,"ptb":142.0,"sat":0,"light":"blue","gain":"16x"}
23:07:28.624  {"type":"live","t":1264732,"c":0,"r":0,"g":0,"b":0,"pta":142.0,"ptb":142.0,"sat":0,"light":"blue","gain":"16x"}
23:07:28.625  {"type":"live","t":1265133,"c":0,"r":0,"g":0,"b":0,"pta":142.0,"ptb":142.0,"sat":0,"light":"blue","gain":"16x"}
23:07:29.611  {"type":"live","t":1265534,"c":0,"r":0,"g":0,"b":0,"pta":142.0,"ptb":142.0,"sat":0,"light":"blue","gain":"16x"}
23:07:29.611  {"type":"live","t":1265935,"c":0,"r":0,"g":0,"b":0,"pta":142.0,"ptb":142.0,"sat":0,"light":"blue","gain":"16x"}
23:07:30.416  {"type":"live","t":1266336,"c":0,"r":0,"g":0,"b":0,"pta":142.0,"ptb":142.0,"sat":0,"light":"blue","gain":"16x"}
23:07:30.416  {"type":"live","t":1266737,"c":0,"r":0,"g":0,"b":0,"pta":142.0,"ptb":142.0,"sat":0,"light":"blue","gain":"16x"}
23:07:31.220  {"type":"live","t":1267138,"c":0,"r":0,"g":0,"b":0,"pta":142.0,"ptb":142.0,"sat":0,"light":"blue","gain":"16x"}
23:07:31.220  {"type":"live","t":1267539,"c":0,"r":0,"g":0,"b":0,"pta":142.0,"ptb":142.0,"sat":0,"light":"blue","gain":"16x"}
23:07:32.232  {"type":"live","t":1267940,"c":0,"r":0,"g":0,"b":0,"pta":142.0,"ptb":142.0,"sat":0,"light":"blue","gain":"16x"}
23:07:32.232  {"type":"live","t":1268341,"c":0,"r":0,"g":0,"b":0,"pta":142.0,"ptb":142.0,"sat":0,"light":"blue","gain":"16x"}
23:07:32.232  {"type":"live","t":1268742,"c":0,"r":0,"g":0,"b":0,"pta":142.0,"ptb":142.0,"sat":0,"light":"blue","gain":"16x"}
23:07:33.220  {"type":"live","t":1269143,"c":0,"r":0,"g":0,"b":0,"pta":142.0,"ptb":142.0,"sat":0,"light":"blue","gain":"16x"}
23:07:33.220  {"type":"live","t":1269544,"c":0,"r":0,"g":0,"b":0,"pta":142.0,"ptb":142.0,"sat":0,"light":"blue","gain":"16x"}
23:07:34.025  {"type":"live","t":1269945,"c":0,"r":0,"g":0,"b":0,"pta":142.0,"ptb":142.0,"sat":0,"light":"blue","gain":"16x"}
23:07:34.025  {"type":"live","t":1270346,"c":0,"r":0,"g":0,"b":0,"pta":142.0,"ptb":142.0,"sat":0,"light":"blue","gain":"16x"}
23:07:34.829  {"type":"live","t":1270747,"c":0,"r":0,"g":0,"b":0,"pta":142.0,"ptb":142.0,"sat":0,"light":"blue","gain":"16x"}
23:07:34.829  {"type":"live","t":1271148,"c":0,"r":0,"g":0,"b":0,"pta":142.0,"ptb":142.0,"sat":0,"light":"blue","gain":"16x"}
23:07:35.838  {"type":"live","t":1271549,"c":0,"r":0,"g":0,"b":0,"pta":142.0,"ptb":142.0,"sat":0,"light":"blue","gain":"16x"}
23:07:35.838  {"type":"live","t":1271950,"c":0,"r":0,"g":0,"b":0,"pta":142.0,"ptb":142.0,"sat":0,"light":"blue","gain":"16x"}
23:07:35.839  {"type":"live","t":1272351,"c":0,"r":0,"g":0,"b":0,"pta":142.0,"ptb":142.0,"sat":0,"light":"blue","gain":"16x"}
23:07:36.829  {"type":"live","t":1272752,"c":0,"r":0,"g":0,"b":0,"pta":142.0,"ptb":142.0,"sat":0,"light":"blue","gain":"16x"}
23:07:36.829  {"type":"live","t":1273153,"c":0,"r":0,"g":0,"b":0,"pta":142.0,"ptb":142.0,"sat":0,"light":"blue","gain":"16x"}
23:07:37.634  {"type":"live","t":1273554,"c":0,"r":0,"g":0,"b":0,"pta":142.0,"ptb":142.0,"sat":0,"light":"blue","gain":"16x"}
23:07:37.634  {"type":"live","t":1273955,"c":0,"r":0,"g":0,"b":0,"pta":142.0,"ptb":142.0,"sat":0,"light":"blue","gain":"16x"}
23:07:38.438  {"type":"live","t":1274356,"c":0,"r":0,"g":0,"b":0,"pta":142.0,"ptb":142.0,"sat":0,"light":"blue","gain":"16x"}
23:07:38.438  {"type":"live","t":1274757,"c":0,"r":0,"g":0,"b":0,"pta":142.0,"ptb":142.0,"sat":0,"light":"blue","gain":"16x"}
23:07:39.440  {"type":"live","t":1275158,"c":0,"r":0,"g":0,"b":0,"pta":142.0,"ptb":142.0,"sat":0,"light":"blue","gain":"16x"}
23:07:39.441  {"type":"live","t":1275559,"c":0,"r":0,"g":0,"b":0,"pta":142.0,"ptb":142.0,"sat":0,"light":"blue","gain":"16x"}
23:07:39.441  {"type":"live","t":1275960,"c":0,"r":0,"g":0,"b":0,"pta":142.0,"ptb":142.0,"sat":0,"light":"blue","gain":"16x"}
23:07:40.438  {"type":"live","t":1276361,"c":0,"r":0,"g":0,"b":0,"pta":142.0,"ptb":142.0,"sat":0,"light":"blue","gain":"16x"}
23:07:40.438  {"type":"live","t":1276762,"c":0,"r":0,"g":0,"b":0,"pta":142.0,"ptb":142.0,"sat":0,"light":"blue","gain":"16x"}
23:07:41.243  {"type":"live","t":1277163,"c":0,"r":0,"g":0,"b":0,"pta":142.0,"ptb":142.0,"sat":0,"light":"blue","gain":"16x"}
23:07:41.244  {"type":"live","t":1277564,"c":0,"r":0,"g":0,"b":0,"pta":142.0,"ptb":142.0,"sat":0,"light":"blue","gain":"16x"}
23:07:42.047  {"type":"live","t":1277965,"c":0,"r":0,"g":0,"b":0,"pta":142.0,"ptb":142.0,"sat":0,"light":"blue","gain":"16x"}
23:07:42.047  {"type":"live","t":1278366,"c":0,"r":0,"g":0,"b":0,"pta":142.0,"ptb":142.0,"sat":0,"light":"blue","gain":"16x"}
23:07:43.051  {"type":"live","t":1278767,"c":0,"r":0,"g":0,"b":0,"pta":142.0,"ptb":142.0,"sat":0,"light":"blue","gain":"16x"}
23:07:43.051  {"type":"live","t":1279168,"c":0,"r":0,"g":0,"b":0,"pta":142.0,"ptb":142.0,"sat":0,"light":"blue","gain":"16x"}
23:07:43.052  {"type":"live","t":1279569,"c":0,"r":0,"g":0,"b":0,"pta":142.0,"ptb":142.0,"sat":0,"light":"blue","gain":"16x"}
23:07:44.047  {"type":"live","t":1279970,"c":0,"r":0,"g":0,"b":0,"pta":142.0,"ptb":142.0,"sat":0,"light":"blue","gain":"16x"}
23:07:44.047  {"type":"live","t":1280371,"c":0,"r":0,"g":0,"b":0,"pta":142.0,"ptb":142.0,"sat":0,"light":"blue","gain":"16x"}
23:07:44.851  {"type":"live","t":1280772,"c":0,"r":0,"g":0,"b":0,"pta":142.0,"ptb":142.0,"sat":0,"light":"blue","gain":"16x"}
23:07:44.851  {"type":"live","t":1281173,"c":0,"r":0,"g":0,"b":0,"pta":142.0,"ptb":142.0,"sat":0,"light":"blue","gain":"16x"}
23:07:45.656  {"type":"live","t":1281574,"c":0,"r":0,"g":0,"b":0,"pta":142.0,"ptb":142.0,"sat":0,"light":"blue","gain":"16x"}
23:07:45.656  {"type":"live","t":1281975,"c":0,"r":0,"g":0,"b":0,"pta":142.0,"ptb":142.0,"sat":0,"light":"blue","gain":"16x"}
23:07:46.659  {"type":"live","t":1282376,"c":0,"r":0,"g":0,"b":0,"pta":142.0,"ptb":142.0,"sat":0,"light":"blue","gain":"16x"}
23:07:46.659  {"type":"live","t":1282777,"c":0,"r":0,"g":0,"b":0,"pta":142.0,"ptb":142.0,"sat":0,"light":"blue","gain":"16x"}
23:07:46.660  {"type":"live","t":1283178,"c":0,"r":0,"g":0,"b":0,"pta":142.0,"ptb":142.0,"sat":0,"light":"blue","gain":"16x"}
23:07:47.656  {"type":"live","t":1283579,"c":0,"r":0,"g":0,"b":0,"pta":142.0,"ptb":142.0,"sat":0,"light":"blue","gain":"16x"}
23:07:47.656  {"type":"live","t":1283980,"c":0,"r":0,"g":0,"b":0,"pta":142.0,"ptb":142.0,"sat":0,"light":"blue","gain":"16x"}
23:07:48.460  {"type":"live","t":1284381,"c":0,"r":0,"g":0,"b":0,"pta":142.0,"ptb":142.0,"sat":0,"light":"blue","gain":"16x"}
23:07:48.460  {"type":"live","t":1284782,"c":0,"r":0,"g":0,"b":0,"pta":142.0,"ptb":142.0,"sat":0,"light":"blue","gain":"16x"}
23:07:49.265  {"type":"live","t":1285183,"c":0,"r":0,"g":0,"b":0,"pta":142.0,"ptb":142.0,"sat":0,"light":"blue","gain":"16x"}
23:07:49.265  {"type":"live","t":1285584,"c":0,"r":0,"g":0,"b":0,"pta":142.0,"ptb":142.0,"sat":0,"light":"blue","gain":"16x"}
23:07:50.280  {"type":"live","t":1285985,"c":0,"r":0,"g":0,"b":0,"pta":142.0,"ptb":142.0,"sat":0,"light":"blue","gain":"16x"}
23:07:50.280  {"type":"live","t":1286386,"c":0,"r":0,"g":0,"b":0,"pta":142.0,"ptb":142.0,"sat":0,"light":"blue","gain":"16x"}
23:07:50.280  {"type":"live","t":1286787,"c":0,"r":0,"g":0,"b":0,"pta":142.0,"ptb":142.0,"sat":0,"light":"blue","gain":"16x"}
23:07:51.265  {"type":"live","t":1287188,"c":0,"r":0,"g":0,"b":0,"pta":142.0,"ptb":142.0,"sat":0,"light":"blue","gain":"16x"}
23:07:51.265  {"type":"live","t":1287589,"c":0,"r":0,"g":0,"b":0,"pta":142.0,"ptb":142.0,"sat":0,"light":"blue","gain":"16x"}
23:07:52.069  {"type":"live","t":1287990,"c":0,"r":0,"g":0,"b":0,"pta":142.0,"ptb":142.0,"sat":0,"light":"blue","gain":"16x"}
23:07:52.069  {"type":"live","t":1288391,"c":0,"r":0,"g":0,"b":0,"pta":142.0,"ptb":142.0,"sat":0,"light":"blue","gain":"16x"}
23:07:52.874  {"type":"live","t":1288792,"c":0,"r":0,"g":0,"b":0,"pta":142.0,"ptb":142.0,"sat":0,"light":"blue","gain":"16x"}
23:07:52.874  {"type":"live","t":1289193,"c":0,"r":0,"g":0,"b":0,"pta":142.0,"ptb":142.0,"sat":0,"light":"blue","gain":"16x"}
23:07:53.880  {"type":"live","t":1289594,"c":0,"r":0,"g":0,"b":0,"pta":142.0,"ptb":142.0,"sat":0,"light":"blue","gain":"16x"}
23:07:53.880  {"type":"live","t":1289995,"c":0,"r":0,"g":0,"b":0,"pta":142.0,"ptb":142.0,"sat":0,"light":"blue","gain":"16x"}
23:07:53.881  {"type":"live","t":1290396,"c":0,"r":0,"g":0,"b":0,"pta":142.0,"ptb":142.0,"sat":0,"light":"blue","gain":"16x"}
23:07:54.874  {"type":"live","t":1290797,"c":0,"r":0,"g":0,"b":0,"pta":142.0,"ptb":142.0,"sat":0,"light":"blue","gain":"16x"}
23:07:54.874  {"type":"live","t":1291198,"c":0,"r":0,"g":0,"b":0,"pta":142.0,"ptb":142.0,"sat":0,"light":"blue","gain":"16x"}
23:07:55.678  {"type":"live","t":1291599,"c":0,"r":0,"g":0,"b":0,"pta":142.0,"ptb":142.0,"sat":0,"light":"blue","gain":"16x"}
23:07:55.678  {"type":"live","t":1292000,"c":0,"r":0,"g":0,"b":0,"pta":142.0,"ptb":142.0,"sat":0,"light":"blue","gain":"16x"}
23:07:56.483  {"type":"live","t":1292401,"c":0,"r":0,"g":0,"b":0,"pta":142.0,"ptb":142.0,"sat":0,"light":"blue","gain":"16x"}
23:07:56.483  {"type":"live","t":1292802,"c":0,"r":0,"g":0,"b":0,"pta":142.0,"ptb":142.0,"sat":0,"light":"blue","gain":"16x"}
23:07:57.485  {"type":"live","t":1293203,"c":0,"r":0,"g":0,"b":0,"pta":142.0,"ptb":142.0,"sat":0,"light":"blue","gain":"16x"}
23:07:57.485  {"type":"live","t":1293604,"c":0,"r":0,"g":0,"b":0,"pta":142.0,"ptb":142.0,"sat":0,"light":"blue","gain":"16x"}
23:07:57.486  {"type":"live","t":1294005,"c":0,"r":0,"g":0,"b":0,"pta":142.0,"ptb":142.0,"sat":0,"light":"blue","gain":"16x"}
23:07:58.482  {"type":"live","t":1294406,"c":0,"r":0,"g":0,"b":0,"pta":142.0,"ptb":142.0,"sat":0,"light":"blue","gain":"16x"}
23:07:58.482  {"type":"live","t":1294807,"c":0,"r":0,"g":0,"b":0,"pta":142.0,"ptb":142.0,"sat":0,"light":"blue","gain":"16x"}
23:07:59.287  {"type":"live","t":1295208,"c":0,"r":0,"g":0,"b":0,"pta":142.0,"ptb":142.0,"sat":0,"light":"blue","gain":"16x"}
23:07:59.287  {"type":"live","t":1295609,"c":0,"r":0,"g":0,"b":0,"pta":142.0,"ptb":142.0,"sat":0,"light":"blue","gain":"16x"}
23:08:00.092  {"type":"live","t":1296010,"c":0,"r":0,"g":0,"b":0,"pta":142.0,"ptb":142.0,"sat":0,"light":"blue","gain":"16x"}
23:08:00.092  {"type":"live","t":1296411,"c":0,"r":0,"g":0,"b":0,"pta":142.0,"ptb":142.0,"sat":0,"light":"blue","gain":"16x"}
23:08:00.689  {"type":"live","t":1296812,"c":0,"r":0,"g":0,"b":0,"pta":142.0,"ptb":142.0,"sat":0,"light":"blue","gain":"16x"}
23:08:00.689  {"type":"run","target":"yellow","light":"blue","gain":"16x","samples":50}
23:08:00.690  {"type":"sample","target":"yellow","led":1,"n":0,"c":0,"r":0,"g":0,"b":0,"pta":142.0,"ptb":142.0}
23:08:01.150  {"type":"sample","target":"yellow","led":1,"n":1,"c":0,"r":0,"g":0,"b":0,"pta":142.0,"ptb":142.0}
23:08:01.150  {"type":"sample","target":"yellow","led":1,"n":2,"c":0,"r":0,"g":0,"b":0,"pta":142.0,"ptb":142.0}
23:08:01.150  {"type":"sample","target":"yellow","led":1,"n":3,"c":0,"r":0,"g":0,"b":0,"pta":142.0,"ptb":142.0}
23:08:01.466  {"type":"sample","target":"yellow","led":1,"n":4,"c":0,"r":0,"g":0,"b":0,"pta":142.0,"ptb":142.0}
23:08:01.466  {"type":"sample","target":"yellow","led":1,"n":5,"c":0,"r":0,"g":0,"b":0,"pta":142.0,"ptb":142.0}
23:08:01.927  {"type":"sample","target":"yellow","led":1,"n":6,"c":0,"r":0,"g":0,"b":0,"pta":142.0,"ptb":142.0}
23:08:01.927  {"type":"sample","target":"yellow","led":1,"n":7,"c":0,"r":0,"g":0,"b":0,"pta":142.0,"ptb":142.0}
23:08:01.927  {"type":"sample","target":"yellow","led":1,"n":8,"c":0,"r":0,"g":0,"b":0,"pta":142.0,"ptb":142.0}
23:08:02.389  {"type":"sample","target":"yellow","led":1,"n":9,"c":0,"r":0,"g":0,"b":0,"pta":142.0,"ptb":142.0}
23:08:02.389  {"type":"sample","target":"yellow","led":1,"n":10,"c":0,"r":0,"g":0,"b":0,"pta":142.0,"ptb":142.0}
23:08:02.390  {"type":"sample","target":"yellow","led":1,"n":11,"c":0,"r":0,"g":0,"b":0,"pta":142.0,"ptb":142.0}
23:08:02.704  {"type":"sample","target":"yellow","led":1,"n":12,"c":0,"r":0,"g":0,"b":0,"pta":142.0,"ptb":142.0}
23:08:02.704  {"type":"sample","target":"yellow","led":1,"n":13,"c":0,"r":0,"g":0,"b":0,"pta":142.0,"ptb":142.0}
23:08:03.165  {"type":"sample","target":"yellow","led":1,"n":14,"c":0,"r":0,"g":0,"b":0,"pta":142.0,"ptb":142.0}
23:08:03.165  {"type":"sample","target":"yellow","led":1,"n":15,"c":0,"r":0,"g":0,"b":0,"pta":142.0,"ptb":142.0}
23:08:03.166  {"type":"sample","target":"yellow","led":1,"n":16,"c":0,"r":0,"g":0,"b":0,"pta":142.0,"ptb":142.0}
23:08:03.480  {"type":"sample","target":"yellow","led":1,"n":17,"c":0,"r":0,"g":0,"b":0,"pta":529.2,"ptb":310.4}
23:08:03.480  {"type":"sample","target":"yellow","led":1,"n":18,"c":0,"r":0,"g":0,"b":0,"pta":142.0,"ptb":142.0}
23:08:03.942  {"type":"sample","target":"yellow","led":1,"n":19,"c":0,"r":0,"g":0,"b":0,"pta":142.0,"ptb":142.0}
23:08:03.942  {"type":"sample","target":"yellow","led":1,"n":20,"c":0,"r":0,"g":0,"b":0,"pta":142.0,"ptb":142.0}
23:08:03.943  {"type":"sample","target":"yellow","led":1,"n":21,"c":0,"r":0,"g":0,"b":0,"pta":142.0,"ptb":142.0}
23:08:04.403  {"type":"sample","target":"yellow","led":1,"n":22,"c":0,"r":0,"g":0,"b":0,"pta":142.0,"ptb":142.0}
23:08:04.403  {"type":"sample","target":"yellow","led":1,"n":23,"c":0,"r":0,"g":0,"b":0,"pta":142.0,"ptb":142.0}
23:08:04.403  {"type":"sample","target":"yellow","led":1,"n":24,"c":0,"r":0,"g":0,"b":0,"pta":142.0,"ptb":142.0}
23:08:04.718  {"type":"sample","target":"yellow","led":1,"n":25,"c":0,"r":0,"g":0,"b":0,"pta":142.0,"ptb":142.0}
23:08:04.718  {"type":"sample","target":"yellow","led":1,"n":26,"c":0,"r":0,"g":0,"b":0,"pta":142.0,"ptb":142.0}
23:08:05.180  {"type":"sample","target":"yellow","led":1,"n":27,"c":0,"r":0,"g":0,"b":0,"pta":142.0,"ptb":142.0}
23:08:05.180  {"type":"sample","target":"yellow","led":1,"n":28,"c":0,"r":0,"g":0,"b":0,"pta":142.0,"ptb":142.0}
23:08:05.181  {"type":"sample","target":"yellow","led":1,"n":29,"c":0,"r":0,"g":0,"b":0,"pta":142.0,"ptb":142.0}
23:08:05.495  {"type":"sample","target":"yellow","led":1,"n":30,"c":0,"r":0,"g":0,"b":0,"pta":142.0,"ptb":142.0}
23:08:05.495  {"type":"sample","target":"yellow","led":1,"n":31,"c":0,"r":0,"g":0,"b":0,"pta":142.0,"ptb":142.0}
23:08:05.956  {"type":"sample","target":"yellow","led":1,"n":32,"c":0,"r":0,"g":0,"b":0,"pta":142.0,"ptb":142.0}
23:08:05.956  {"type":"sample","target":"yellow","led":1,"n":33,"c":0,"r":0,"g":0,"b":0,"pta":142.0,"ptb":142.0}
23:08:05.956  {"type":"sample","target":"yellow","led":1,"n":34,"c":0,"r":0,"g":0,"b":0,"pta":142.2,"ptb":142.0}
23:08:06.271  {"type":"sample","target":"yellow","led":1,"n":35,"c":0,"r":0,"g":0,"b":0,"pta":142.0,"ptb":142.1}
23:08:06.271  {"type":"sample","target":"yellow","led":1,"n":36,"c":0,"r":0,"g":0,"b":0,"pta":142.0,"ptb":142.0}
23:08:06.733  {"type":"sample","target":"yellow","led":1,"n":37,"c":0,"r":0,"g":0,"b":0,"pta":142.3,"ptb":142.0}
23:08:06.733  {"type":"sample","target":"yellow","led":1,"n":38,"c":0,"r":0,"g":0,"b":0,"pta":142.0,"ptb":142.0}
23:08:06.734  {"type":"sample","target":"yellow","led":1,"n":39,"c":0,"r":0,"g":0,"b":0,"pta":142.0,"ptb":142.0}
23:08:07.194  {"type":"sample","target":"yellow","led":1,"n":40,"c":0,"r":0,"g":0,"b":0,"pta":142.0,"ptb":142.0}
23:08:07.194  {"type":"sample","target":"yellow","led":1,"n":41,"c":0,"r":0,"g":0,"b":0,"pta":142.0,"ptb":142.0}
23:08:07.195  {"type":"sample","target":"yellow","led":1,"n":42,"c":0,"r":0,"g":0,"b":0,"pta":142.0,"ptb":142.0}
23:08:07.509  {"type":"sample","target":"yellow","led":1,"n":43,"c":0,"r":0,"g":0,"b":0,"pta":142.0,"ptb":142.0}
23:08:07.509  {"type":"sample","target":"yellow","led":1,"n":44,"c":0,"r":0,"g":0,"b":0,"pta":142.0,"ptb":142.0}
23:08:07.970  {"type":"sample","target":"yellow","led":1,"n":45,"c":0,"r":0,"g":0,"b":0,"pta":142.0,"ptb":142.0}
23:08:07.970  {"type":"sample","target":"yellow","led":1,"n":46,"c":0,"r":0,"g":0,"b":0,"pta":142.0,"ptb":142.0}
23:08:07.971  {"type":"sample","target":"yellow","led":1,"n":47,"c":0,"r":0,"g":0,"b":0,"pta":142.0,"ptb":142.0}
23:08:08.535  {"type":"sample","target":"yellow","led":1,"n":48,"c":0,"r":0,"g":0,"b":0,"pta":142.0,"ptb":142.0}
23:08:08.535  {"type":"sample","target":"yellow","led":1,"n":49,"c":0,"r":0,"g":0,"b":0,"pta":142.0,"ptb":142.0}
23:08:08.997  {"type":"sample","target":"yellow","led":0,"n":0,"c":0,"r":0,"g":0,"b":0,"pta":142.0,"ptb":142.0}
23:08:08.997  {"type":"sample","target":"yellow","led":0,"n":1,"c":0,"r":0,"g":0,"b":0,"pta":142.0,"ptb":142.0}
23:08:08.998  {"type":"sample","target":"yellow","led":0,"n":2,"c":0,"r":0,"g":0,"b":0,"pta":142.0,"ptb":142.0}
23:08:09.459  {"type":"sample","target":"yellow","led":0,"n":3,"c":0,"r":0,"g":0,"b":0,"pta":142.0,"ptb":142.0}
23:08:09.459  {"type":"sample","target":"yellow","led":0,"n":4,"c":0,"r":0,"g":0,"b":0,"pta":142.0,"ptb":142.0}
23:08:09.460  {"type":"sample","target":"yellow","led":0,"n":5,"c":0,"r":0,"g":0,"b":0,"pta":142.0,"ptb":142.0}
23:08:09.774  {"type":"sample","target":"yellow","led":0,"n":6,"c":0,"r":0,"g":0,"b":0,"pta":142.0,"ptb":142.0}
23:08:09.774  {"type":"sample","target":"yellow","led":0,"n":7,"c":0,"r":0,"g":0,"b":0,"pta":142.0,"ptb":142.0}
23:08:10.236  {"type":"sample","target":"yellow","led":0,"n":8,"c":0,"r":0,"g":0,"b":0,"pta":142.0,"ptb":142.0}
23:08:10.236  {"type":"sample","target":"yellow","led":0,"n":9,"c":0,"r":0,"g":0,"b":0,"pta":142.0,"ptb":142.0}
23:08:10.237  {"type":"sample","target":"yellow","led":0,"n":10,"c":0,"r":0,"g":0,"b":0,"pta":142.0,"ptb":142.0}
23:08:10.551  {"type":"sample","target":"yellow","led":0,"n":11,"c":0,"r":0,"g":0,"b":0,"pta":142.0,"ptb":142.0}
23:08:10.551  {"type":"sample","target":"yellow","led":0,"n":12,"c":0,"r":0,"g":0,"b":0,"pta":142.0,"ptb":142.0}
23:08:11.012  {"type":"sample","target":"yellow","led":0,"n":13,"c":0,"r":0,"g":0,"b":0,"pta":142.0,"ptb":142.0}
23:08:11.012  {"type":"sample","target":"yellow","led":0,"n":14,"c":0,"r":0,"g":0,"b":0,"pta":142.0,"ptb":142.0}
23:08:11.013  {"type":"sample","target":"yellow","led":0,"n":15,"c":0,"r":0,"g":0,"b":0,"pta":142.0,"ptb":142.0}
23:08:11.474  {"type":"sample","target":"yellow","led":0,"n":16,"c":0,"r":0,"g":0,"b":0,"pta":142.0,"ptb":142.0}
23:08:11.474  {"type":"sample","target":"yellow","led":0,"n":17,"c":0,"r":0,"g":0,"b":0,"pta":142.0,"ptb":142.0}
23:08:11.475  {"type":"sample","target":"yellow","led":0,"n":18,"c":0,"r":0,"g":0,"b":0,"pta":142.0,"ptb":142.0}
23:08:11.789  {"type":"sample","target":"yellow","led":0,"n":19,"c":0,"r":0,"g":0,"b":0,"pta":142.0,"ptb":142.0}
23:08:11.789  {"type":"sample","target":"yellow","led":0,"n":20,"c":0,"r":0,"g":0,"b":0,"pta":142.0,"ptb":142.0}
23:08:12.250  {"type":"sample","target":"yellow","led":0,"n":21,"c":0,"r":0,"g":0,"b":0,"pta":142.0,"ptb":142.0}
23:08:12.250  {"type":"sample","target":"yellow","led":0,"n":22,"c":0,"r":0,"g":0,"b":0,"pta":142.0,"ptb":142.0}
23:08:12.251  {"type":"sample","target":"yellow","led":0,"n":23,"c":0,"r":0,"g":0,"b":0,"pta":142.0,"ptb":142.0}
23:08:12.565  {"type":"sample","target":"yellow","led":0,"n":24,"c":0,"r":0,"g":0,"b":0,"pta":142.0,"ptb":142.0}
23:08:12.565  {"type":"sample","target":"yellow","led":0,"n":25,"c":0,"r":0,"g":0,"b":0,"pta":142.0,"ptb":142.0}
23:08:13.026  {"type":"sample","target":"yellow","led":0,"n":26,"c":0,"r":0,"g":0,"b":0,"pta":142.0,"ptb":142.0}
23:08:13.026  {"type":"sample","target":"yellow","led":0,"n":27,"c":0,"r":0,"g":0,"b":0,"pta":142.0,"ptb":142.0}
23:08:13.027  {"type":"sample","target":"yellow","led":0,"n":28,"c":0,"r":0,"g":0,"b":0,"pta":142.0,"ptb":142.0}
23:08:13.488  {"type":"sample","target":"yellow","led":0,"n":29,"c":0,"r":0,"g":0,"b":0,"pta":142.0,"ptb":142.0}
23:08:13.488  {"type":"sample","target":"yellow","led":0,"n":30,"c":0,"r":0,"g":0,"b":0,"pta":142.0,"ptb":142.0}
23:08:13.489  {"type":"sample","target":"yellow","led":0,"n":31,"c":0,"r":0,"g":0,"b":0,"pta":142.0,"ptb":142.0}
23:08:13.803  {"type":"sample","target":"yellow","led":0,"n":32,"c":0,"r":0,"g":0,"b":0,"pta":142.0,"ptb":142.0}
23:08:13.803  {"type":"sample","target":"yellow","led":0,"n":33,"c":0,"r":0,"g":0,"b":0,"pta":142.0,"ptb":142.0}
23:08:14.264  {"type":"sample","target":"yellow","led":0,"n":34,"c":0,"r":0,"g":0,"b":0,"pta":142.0,"ptb":142.0}
23:08:14.264  {"type":"sample","target":"yellow","led":0,"n":35,"c":0,"r":0,"g":0,"b":0,"pta":142.0,"ptb":142.0}
23:08:14.265  {"type":"sample","target":"yellow","led":0,"n":36,"c":0,"r":0,"g":0,"b":0,"pta":142.0,"ptb":142.0}
23:08:14.579  {"type":"sample","target":"yellow","led":0,"n":37,"c":0,"r":0,"g":0,"b":0,"pta":142.0,"ptb":142.0}
23:08:14.579  {"type":"sample","target":"yellow","led":0,"n":38,"c":0,"r":0,"g":0,"b":0,"pta":142.0,"ptb":142.0}
23:08:15.041  {"type":"sample","target":"yellow","led":0,"n":39,"c":0,"r":0,"g":0,"b":0,"pta":142.0,"ptb":142.0}
23:08:15.041  {"type":"sample","target":"yellow","led":0,"n":40,"c":0,"r":0,"g":0,"b":0,"pta":142.0,"ptb":142.0}
23:08:15.042  {"type":"sample","target":"yellow","led":0,"n":41,"c":0,"r":0,"g":0,"b":0,"pta":142.0,"ptb":142.0}
23:08:15.356  {"type":"sample","target":"yellow","led":0,"n":42,"c":0,"r":0,"g":0,"b":0,"pta":142.0,"ptb":142.0}
23:08:15.356  {"type":"sample","target":"yellow","led":0,"n":43,"c":0,"r":0,"g":0,"b":0,"pta":142.0,"ptb":142.0}
23:08:15.817  {"type":"sample","target":"yellow","led":0,"n":44,"c":0,"r":0,"g":0,"b":0,"pta":142.0,"ptb":142.0}
23:08:15.817  {"type":"sample","target":"yellow","led":0,"n":45,"c":0,"r":0,"g":0,"b":0,"pta":142.0,"ptb":142.0}
23:08:15.818  {"type":"sample","target":"yellow","led":0,"n":46,"c":0,"r":0,"g":0,"b":0,"pta":142.0,"ptb":142.0}
23:08:16.132  {"type":"sample","target":"yellow","led":0,"n":47,"c":0,"r":0,"g":0,"b":0,"pta":142.0,"ptb":142.0}
23:08:16.132  {"type":"sample","target":"yellow","led":0,"n":48,"c":0,"r":0,"g":0,"b":0,"pta":142.0,"ptb":142.0}
23:08:16.133  {"type":"sample","target":"yellow","led":0,"n":49,"c":0,"r":0,"g":0,"b":0,"pta":142.0,"ptb":142.0}
23:08:16.383  {"type":"series","target":"yellow","light":"blue","gain":"16x","samples":50,"saturated":0,"on":{"C":[0.00,0.00],"R":[0.00,0.00],"G":[0.00,0.00],"B":[0.00,0.00],"PT-A":[149.75,54.75],"PT-B":[145.37,23.81]},"off":{"C":[0.00,0.00],"R":[0.00,0.00],"G":[0.00,0.00],"B":[0.00,0.00],"PT-A":[142.00,0.00],"PT-B":[142.00,0.00]},"signal":{"C":0.00,"R":0.00,"G":0.00,"B":0.00,"PT-A":7.75,"PT-B":3.37},"noise":{"C":0.00,"R":0.00,"G":0.00,"B":0.00,"PT-A":54.75,"PT-B":23.81}}
23:08:17.188  {"type":"live","t":1313106,"c":0,"r":0,"g":0,"b":0,"pta":142.0,"ptb":142.0,"sat":0,"light":"blue","gain":"16x"}
23:08:17.188  {"type":"live","t":1313507,"c":0,"r":0,"g":0,"b":0,"pta":142.0,"ptb":142.0,"sat":0,"light":"blue","gain":"16x"}
23:08:18.191  {"type":"live","t":1313908,"c":0,"r":0,"g":0,"b":0,"pta":142.0,"ptb":142.0,"sat":0,"light":"blue","gain":"16x"}
23:08:18.191  {"type":"live","t":1314309,"c":0,"r":0,"g":0,"b":0,"pta":142.0,"ptb":142.0,"sat":0,"light":"blue","gain":"16x"}
23:08:18.191  {"type":"live","t":1314710,"c":0,"r":0,"g":0,"b":0,"pta":142.0,"ptb":142.0,"sat":0,"light":"blue","gain":"16x"}
23:08:19.187  {"type":"live","t":1315111,"c":0,"r":0,"g":0,"b":0,"pta":142.0,"ptb":142.0,"sat":0,"light":"blue","gain":"16x"}
23:08:19.187  {"type":"live","t":1315512,"c":0,"r":0,"g":0,"b":0,"pta":142.0,"ptb":142.0,"sat":0,"light":"blue","gain":"16x"}
23:08:19.992  {"type":"live","t":1315913,"c":0,"r":0,"g":0,"b":0,"pta":142.0,"ptb":142.0,"sat":0,"light":"blue","gain":"16x"}
23:08:19.993  {"type":"live","t":1316314,"c":0,"r":0,"g":0,"b":0,"pta":142.0,"ptb":142.0,"sat":0,"light":"blue","gain":"16x"}
23:08:20.797  {"type":"live","t":1316715,"c":0,"r":0,"g":0,"b":0,"pta":142.0,"ptb":142.0,"sat":0,"light":"blue","gain":"16x"}
23:08:20.797  {"type":"live","t":1317116,"c":0,"r":0,"g":0,"b":0,"pta":142.0,"ptb":142.0,"sat":0,"light":"blue","gain":"16x"}
23:08:21.803  {"type":"live","t":1317517,"c":0,"r":0,"g":0,"b":0,"pta":142.0,"ptb":142.0,"sat":0,"light":"blue","gain":"16x"}
23:08:21.803  {"type":"live","t":1317918,"c":0,"r":0,"g":0,"b":0,"pta":142.0,"ptb":142.0,"sat":0,"light":"blue","gain":"16x"}
23:08:21.804  {"type":"live","t":1318319,"c":0,"r":0,"g":0,"b":0,"pta":142.0,"ptb":142.0,"sat":0,"light":"blue","gain":"16x"}
23:08:22.796  {"type":"live","t":1318720,"c":0,"r":0,"g":0,"b":0,"pta":142.0,"ptb":142.0,"sat":0,"light":"blue","gain":"16x"}
23:08:22.796  {"type":"live","t":1319121,"c":0,"r":0,"g":0,"b":0,"pta":142.0,"ptb":142.0,"sat":0,"light":"blue","gain":"16x"}
23:08:23.601  {"type":"live","t":1319522,"c":0,"r":0,"g":0,"b":0,"pta":142.0,"ptb":142.0,"sat":0,"light":"blue","gain":"16x"}
23:08:23.601  {"type":"live","t":1319923,"c":0,"r":0,"g":0,"b":0,"pta":142.0,"ptb":142.0,"sat":0,"light":"blue","gain":"16x"}
23:08:24.406  {"type":"live","t":1320324,"c":0,"r":0,"g":0,"b":0,"pta":142.0,"ptb":142.0,"sat":0,"light":"blue","gain":"16x"}
23:08:24.406  {"type":"live","t":1320725,"c":0,"r":0,"g":0,"b":0,"pta":142.0,"ptb":142.0,"sat":0,"light":"blue","gain":"16x"}
23:08:25.408  {"type":"live","t":1321126,"c":0,"r":0,"g":0,"b":0,"pta":142.0,"ptb":142.0,"sat":0,"light":"blue","gain":"16x"}
23:08:25.408  {"type":"live","t":1321527,"c":0,"r":0,"g":0,"b":0,"pta":142.0,"ptb":142.0,"sat":0,"light":"blue","gain":"16x"}
23:08:25.409  {"type":"live","t":1321928,"c":0,"r":0,"g":0,"b":0,"pta":142.0,"ptb":142.0,"sat":0,"light":"blue","gain":"16x"}
23:08:26.405  {"type":"live","t":1322329,"c":0,"r":0,"g":0,"b":0,"pta":142.0,"ptb":142.0,"sat":0,"light":"blue","gain":"16x"}
23:08:26.405  {"type":"live","t":1322730,"c":0,"r":0,"g":0,"b":0,"pta":142.0,"ptb":142.0,"sat":0,"light":"blue","gain":"16x"}
23:08:27.210  {"type":"live","t":1323131,"c":0,"r":0,"g":0,"b":0,"pta":142.0,"ptb":142.0,"sat":0,"light":"blue","gain":"16x"}
23:08:27.211  {"type":"live","t":1323532,"c":0,"r":0,"g":0,"b":0,"pta":142.0,"ptb":142.0,"sat":0,"light":"blue","gain":"16x"}
23:08:27.806  {"type":"live","t":1323933,"c":0,"r":0,"g":0,"b":0,"pta":142.0,"ptb":142.0,"sat":0,"light":"blue","gain":"16x"}
23:08:27.806  {"type":"run","target":"yellow","light":"blue","gain":"16x","samples":50}
23:08:27.807  {"type":"sample","target":"yellow","led":1,"n":0,"c":0,"r":0,"g":0,"b":0,"pta":142.0,"ptb":142.0}
23:08:28.122  {"type":"sample","target":"yellow","led":1,"n":1,"c":0,"r":0,"g":0,"b":0,"pta":142.0,"ptb":142.0}
23:08:28.122  {"type":"sample","target":"yellow","led":1,"n":2,"c":0,"r":0,"g":0,"b":0,"pta":142.0,"ptb":142.0}
23:08:28.583  {"type":"sample","target":"yellow","led":1,"n":3,"c":0,"r":0,"g":0,"b":0,"pta":142.0,"ptb":142.0}
23:08:28.583  {"type":"sample","target":"yellow","led":1,"n":4,"c":0,"r":0,"g":0,"b":0,"pta":142.0,"ptb":142.0}
23:08:28.584  {"type":"sample","target":"yellow","led":1,"n":5,"c":0,"r":0,"g":0,"b":0,"pta":142.0,"ptb":142.0}
23:08:29.045  {"type":"sample","target":"yellow","led":1,"n":6,"c":0,"r":0,"g":0,"b":0,"pta":142.0,"ptb":142.0}
23:08:29.045  {"type":"sample","target":"yellow","led":1,"n":7,"c":0,"r":0,"g":0,"b":0,"pta":142.0,"ptb":142.0}
23:08:29.046  {"type":"sample","target":"yellow","led":1,"n":8,"c":0,"r":0,"g":0,"b":0,"pta":142.0,"ptb":142.0}
23:08:29.360  {"type":"sample","target":"yellow","led":1,"n":9,"c":0,"r":0,"g":0,"b":0,"pta":142.0,"ptb":142.0}
23:08:29.360  {"type":"sample","target":"yellow","led":1,"n":10,"c":0,"r":0,"g":0,"b":0,"pta":142.0,"ptb":142.0}
23:08:29.822  {"type":"sample","target":"yellow","led":1,"n":11,"c":0,"r":0,"g":0,"b":0,"pta":142.0,"ptb":142.0}
23:08:29.822  {"type":"sample","target":"yellow","led":1,"n":12,"c":0,"r":0,"g":0,"b":0,"pta":142.0,"ptb":142.0}
23:08:29.823  {"type":"sample","target":"yellow","led":1,"n":13,"c":0,"r":0,"g":0,"b":0,"pta":142.0,"ptb":142.0}
23:08:30.137  {"type":"sample","target":"yellow","led":1,"n":14,"c":0,"r":0,"g":0,"b":0,"pta":142.0,"ptb":142.0}
23:08:30.137  {"type":"sample","target":"yellow","led":1,"n":15,"c":0,"r":0,"g":0,"b":0,"pta":142.0,"ptb":142.0}
23:08:30.598  {"type":"sample","target":"yellow","led":1,"n":16,"c":0,"r":0,"g":0,"b":0,"pta":142.0,"ptb":142.0}
23:08:30.598  {"type":"sample","target":"yellow","led":1,"n":17,"c":0,"r":0,"g":0,"b":0,"pta":142.0,"ptb":142.0}
23:08:30.599  {"type":"sample","target":"yellow","led":1,"n":18,"c":0,"r":0,"g":0,"b":0,"pta":142.0,"ptb":142.0}
23:08:31.059  {"type":"sample","target":"yellow","led":1,"n":19,"c":0,"r":0,"g":0,"b":0,"pta":142.0,"ptb":142.0}
23:08:31.059  {"type":"sample","target":"yellow","led":1,"n":20,"c":0,"r":0,"g":0,"b":0,"pta":142.0,"ptb":142.0}
23:08:31.059  {"type":"sample","target":"yellow","led":1,"n":21,"c":0,"r":0,"g":0,"b":0,"pta":142.0,"ptb":142.0}
23:08:31.374  {"type":"sample","target":"yellow","led":1,"n":22,"c":0,"r":0,"g":0,"b":0,"pta":142.0,"ptb":142.0}
23:08:31.374  {"type":"sample","target":"yellow","led":1,"n":23,"c":0,"r":0,"g":0,"b":0,"pta":142.0,"ptb":142.0}
23:08:31.836  {"type":"sample","target":"yellow","led":1,"n":24,"c":0,"r":0,"g":0,"b":0,"pta":142.0,"ptb":142.0}
23:08:31.836  {"type":"sample","target":"yellow","led":1,"n":25,"c":0,"r":0,"g":0,"b":0,"pta":142.0,"ptb":142.0}
23:08:31.837  {"type":"sample","target":"yellow","led":1,"n":26,"c":0,"r":0,"g":0,"b":0,"pta":142.0,"ptb":142.0}
23:08:32.151  {"type":"sample","target":"yellow","led":1,"n":27,"c":0,"r":0,"g":0,"b":0,"pta":142.0,"ptb":142.0}
23:08:32.151  {"type":"sample","target":"yellow","led":1,"n":28,"c":0,"r":0,"g":0,"b":0,"pta":142.0,"ptb":142.0}
23:08:32.612  {"type":"sample","target":"yellow","led":1,"n":29,"c":0,"r":0,"g":0,"b":0,"pta":142.0,"ptb":142.0}
23:08:32.612  {"type":"sample","target":"yellow","led":1,"n":30,"c":0,"r":0,"g":0,"b":0,"pta":142.0,"ptb":142.0}
23:08:32.613  {"type":"sample","target":"yellow","led":1,"n":31,"c":0,"r":0,"g":0,"b":0,"pta":142.0,"ptb":142.0}
23:08:33.074  {"type":"sample","target":"yellow","led":1,"n":32,"c":0,"r":0,"g":0,"b":0,"pta":142.0,"ptb":142.0}
23:08:33.074  {"type":"sample","target":"yellow","led":1,"n":33,"c":0,"r":0,"g":0,"b":0,"pta":142.0,"ptb":142.0}
23:08:33.075  {"type":"sample","target":"yellow","led":1,"n":34,"c":0,"r":0,"g":0,"b":0,"pta":142.0,"ptb":142.0}
23:08:33.389  {"type":"sample","target":"yellow","led":1,"n":35,"c":0,"r":0,"g":0,"b":0,"pta":142.0,"ptb":142.0}
23:08:33.389  {"type":"sample","target":"yellow","led":1,"n":36,"c":0,"r":0,"g":0,"b":0,"pta":142.0,"ptb":142.0}
23:08:33.850  {"type":"sample","target":"yellow","led":1,"n":37,"c":0,"r":0,"g":0,"b":0,"pta":142.0,"ptb":142.0}
23:08:33.850  {"type":"sample","target":"yellow","led":1,"n":38,"c":0,"r":0,"g":0,"b":0,"pta":142.0,"ptb":142.0}
23:08:33.851  {"type":"sample","target":"yellow","led":1,"n":39,"c":0,"r":0,"g":0,"b":0,"pta":142.0,"ptb":142.0}
23:08:34.165  {"type":"sample","target":"yellow","led":1,"n":40,"c":0,"r":0,"g":0,"b":0,"pta":142.0,"ptb":142.0}
23:08:34.165  {"type":"sample","target":"yellow","led":1,"n":41,"c":0,"r":0,"g":0,"b":0,"pta":142.0,"ptb":142.0}
23:08:34.627  {"type":"sample","target":"yellow","led":1,"n":42,"c":0,"r":0,"g":0,"b":0,"pta":142.0,"ptb":142.0}
23:08:34.627  {"type":"sample","target":"yellow","led":1,"n":43,"c":0,"r":0,"g":0,"b":0,"pta":142.0,"ptb":142.0}
23:08:34.628  {"type":"sample","target":"yellow","led":1,"n":44,"c":0,"r":0,"g":0,"b":0,"pta":142.0,"ptb":142.0}
23:08:34.942  {"type":"sample","target":"yellow","led":1,"n":45,"c":0,"r":0,"g":0,"b":0,"pta":142.0,"ptb":142.0}
23:08:34.942  {"type":"sample","target":"yellow","led":1,"n":46,"c":0,"r":0,"g":0,"b":0,"pta":142.0,"ptb":142.0}
23:08:34.943  {"type":"sample","target":"yellow","led":1,"n":47,"c":0,"r":0,"g":0,"b":0,"pta":142.0,"ptb":142.0}
23:08:35.653  {"type":"sample","target":"yellow","led":1,"n":48,"c":0,"r":0,"g":0,"b":0,"pta":142.0,"ptb":142.0}
23:08:35.653  {"type":"sample","target":"yellow","led":1,"n":49,"c":0,"r":0,"g":0,"b":0,"pta":142.0,"ptb":142.0}
23:08:36.115  {"type":"sample","target":"yellow","led":0,"n":0,"c":0,"r":0,"g":0,"b":0,"pta":142.0,"ptb":142.0}
23:08:36.115  {"type":"sample","target":"yellow","led":0,"n":1,"c":0,"r":0,"g":0,"b":0,"pta":142.0,"ptb":142.0}
23:08:36.116  {"type":"sample","target":"yellow","led":0,"n":2,"c":0,"r":0,"g":0,"b":0,"pta":142.0,"ptb":142.0}
23:08:36.430  {"type":"sample","target":"yellow","led":0,"n":3,"c":0,"r":0,"g":0,"b":0,"pta":142.0,"ptb":142.0}
23:08:36.430  {"type":"sample","target":"yellow","led":0,"n":4,"c":0,"r":0,"g":0,"b":0,"pta":142.0,"ptb":142.0}
23:08:36.892  {"type":"sample","target":"yellow","led":0,"n":5,"c":0,"r":0,"g":0,"b":0,"pta":142.0,"ptb":142.0}
23:08:36.892  {"type":"sample","target":"yellow","led":0,"n":6,"c":0,"r":0,"g":0,"b":0,"pta":142.0,"ptb":142.0}
23:08:36.893  {"type":"sample","target":"yellow","led":0,"n":7,"c":0,"r":0,"g":0,"b":0,"pta":142.0,"ptb":142.0}
23:08:37.353  {"type":"sample","target":"yellow","led":0,"n":8,"c":0,"r":0,"g":0,"b":0,"pta":142.0,"ptb":142.0}
23:08:37.353  {"type":"sample","target":"yellow","led":0,"n":9,"c":0,"r":0,"g":0,"b":0,"pta":142.0,"ptb":142.0}
23:08:37.354  {"type":"sample","target":"yellow","led":0,"n":10,"c":0,"r":0,"g":0,"b":0,"pta":142.0,"ptb":142.0}
23:08:37.668  {"type":"sample","target":"yellow","led":0,"n":11,"c":0,"r":0,"g":0,"b":0,"pta":142.0,"ptb":142.0}
23:08:37.668  {"type":"sample","target":"yellow","led":0,"n":12,"c":0,"r":0,"g":0,"b":0,"pta":142.0,"ptb":142.0}
23:08:38.130  {"type":"sample","target":"yellow","led":0,"n":13,"c":0,"r":0,"g":0,"b":0,"pta":142.0,"ptb":142.0}
23:08:38.130  {"type":"sample","target":"yellow","led":0,"n":14,"c":0,"r":0,"g":0,"b":0,"pta":142.0,"ptb":142.0}
23:08:38.131  {"type":"sample","target":"yellow","led":0,"n":15,"c":0,"r":0,"g":0,"b":0,"pta":142.0,"ptb":142.0}
23:08:38.445  {"type":"sample","target":"yellow","led":0,"n":16,"c":0,"r":0,"g":0,"b":0,"pta":142.0,"ptb":142.0}
23:08:38.445  {"type":"sample","target":"yellow","led":0,"n":17,"c":0,"r":0,"g":0,"b":0,"pta":142.0,"ptb":142.0}
23:08:38.906  {"type":"sample","target":"yellow","led":0,"n":18,"c":0,"r":0,"g":0,"b":0,"pta":142.0,"ptb":142.0}
23:08:38.906  {"type":"sample","target":"yellow","led":0,"n":19,"c":0,"r":0,"g":0,"b":0,"pta":142.0,"ptb":142.0}
23:08:38.907  {"type":"sample","target":"yellow","led":0,"n":20,"c":0,"r":0,"g":0,"b":0,"pta":142.0,"ptb":142.0}
23:08:39.221  {"type":"sample","target":"yellow","led":0,"n":21,"c":0,"r":0,"g":0,"b":0,"pta":142.0,"ptb":142.0}
23:08:39.221  {"type":"sample","target":"yellow","led":0,"n":22,"c":0,"r":0,"g":0,"b":0,"pta":142.0,"ptb":142.0}
23:08:39.683  {"type":"sample","target":"yellow","led":0,"n":23,"c":0,"r":0,"g":0,"b":0,"pta":142.0,"ptb":142.0}
23:08:39.683  {"type":"sample","target":"yellow","led":0,"n":24,"c":0,"r":0,"g":0,"b":0,"pta":142.0,"ptb":142.0}
23:08:39.684  {"type":"sample","target":"yellow","led":0,"n":25,"c":0,"r":0,"g":0,"b":0,"pta":142.0,"ptb":142.0}
23:08:40.144  {"type":"sample","target":"yellow","led":0,"n":26,"c":0,"r":0,"g":0,"b":0,"pta":142.0,"ptb":142.0}
23:08:40.144  {"type":"sample","target":"yellow","led":0,"n":27,"c":0,"r":0,"g":0,"b":0,"pta":142.0,"ptb":142.0}
23:08:40.145  {"type":"sample","target":"yellow","led":0,"n":28,"c":0,"r":0,"g":0,"b":0,"pta":142.0,"ptb":142.0}
23:08:40.459  {"type":"sample","target":"yellow","led":0,"n":29,"c":0,"r":0,"g":0,"b":0,"pta":142.0,"ptb":142.0}
23:08:40.459  {"type":"sample","target":"yellow","led":0,"n":30,"c":0,"r":0,"g":0,"b":0,"pta":142.0,"ptb":142.0}
23:08:40.921  {"type":"sample","target":"yellow","led":0,"n":31,"c":0,"r":0,"g":0,"b":0,"pta":142.0,"ptb":142.0}
23:08:40.921  {"type":"sample","target":"yellow","led":0,"n":32,"c":0,"r":0,"g":0,"b":0,"pta":142.0,"ptb":142.0}
23:08:40.922  {"type":"sample","target":"yellow","led":0,"n":33,"c":0,"r":0,"g":0,"b":0,"pta":142.0,"ptb":142.0}
23:08:41.236  {"type":"sample","target":"yellow","led":0,"n":34,"c":0,"r":0,"g":0,"b":0,"pta":142.0,"ptb":142.0}
23:08:41.236  {"type":"sample","target":"yellow","led":0,"n":35,"c":0,"r":0,"g":0,"b":0,"pta":142.0,"ptb":142.0}
23:08:41.697  {"type":"sample","target":"yellow","led":0,"n":36,"c":0,"r":0,"g":0,"b":0,"pta":142.0,"ptb":142.0}
23:08:41.697  {"type":"sample","target":"yellow","led":0,"n":37,"c":0,"r":0,"g":0,"b":0,"pta":142.0,"ptb":142.0}
23:08:41.698  {"type":"sample","target":"yellow","led":0,"n":38,"c":0,"r":0,"g":0,"b":0,"pta":142.0,"ptb":142.0}
23:08:42.159  {"type":"sample","target":"yellow","led":0,"n":39,"c":0,"r":0,"g":0,"b":0,"pta":142.0,"ptb":142.0}
23:08:42.159  {"type":"sample","target":"yellow","led":0,"n":40,"c":0,"r":0,"g":0,"b":0,"pta":142.0,"ptb":142.0}
23:08:42.160  {"type":"sample","target":"yellow","led":0,"n":41,"c":0,"r":0,"g":0,"b":0,"pta":142.0,"ptb":142.0}
23:08:42.474  {"type":"sample","target":"yellow","led":0,"n":42,"c":0,"r":0,"g":0,"b":0,"pta":142.0,"ptb":142.0}
23:08:42.474  {"type":"sample","target":"yellow","led":0,"n":43,"c":0,"r":0,"g":0,"b":0,"pta":142.0,"ptb":142.0}
23:08:42.935  {"type":"sample","target":"yellow","led":0,"n":44,"c":0,"r":0,"g":0,"b":0,"pta":142.0,"ptb":142.0}
23:08:42.935  {"type":"sample","target":"yellow","led":0,"n":45,"c":0,"r":0,"g":0,"b":0,"pta":142.0,"ptb":142.0}
23:08:42.936  {"type":"sample","target":"yellow","led":0,"n":46,"c":0,"r":0,"g":0,"b":0,"pta":142.0,"ptb":142.0}
23:08:43.250  {"type":"sample","target":"yellow","led":0,"n":47,"c":0,"r":0,"g":0,"b":0,"pta":142.0,"ptb":142.0}
23:08:43.250  {"type":"sample","target":"yellow","led":0,"n":48,"c":0,"r":0,"g":0,"b":0,"pta":142.0,"ptb":142.0}
23:08:43.272  {"type":"sample","target":"yellow","led":0,"n":49,"c":0,"r":0,"g":0,"b":0,"pta":142.0,"ptb":142.0}
23:08:43.501  {"type":"series","target":"yellow","light":"blue","gain":"16x","samples":50,"saturated":0,"on":{"C":[0.00,0.00],"R":[0.00,0.00],"G":[0.00,0.00],"B":[0.00,0.00],"PT-A":[142.00,0.00],"PT-B":[142.00,0.00]},"off":{"C":[0.00,0.00],"R":[0.00,0.00],"G":[0.00,0.00],"B":[0.00,0.00],"PT-A":[142.00,0.00],"PT-B":[142.00,0.00]},"signal":{"C":0.00,"R":0.00,"G":0.00,"B":0.00,"PT-A":0.00,"PT-B":0.00},"noise":{"C":0.00,"R":0.00,"G":0.00,"B":0.00,"PT-A":0.00,"PT-B":0.00}}
23:08:44.306  {"type":"live","t":1340226,"c":0,"r":0,"g":0,"b":0,"pta":142.0,"ptb":142.0,"sat":0,"light":"blue","gain":"16x"}
23:08:44.306  {"type":"live","t":1340628,"c":0,"r":0,"g":0,"b":0,"pta":142.0,"ptb":142.0,"sat":0,"light":"blue","gain":"16x"}
23:08:45.110  {"type":"live","t":1341029,"c":0,"r":0,"g":0,"b":0,"pta":142.0,"ptb":142.0,"sat":0,"light":"blue","gain":"16x"}
23:08:45.110  {"type":"live","t":1341430,"c":0,"r":0,"g":0,"b":0,"pta":142.0,"ptb":142.0,"sat":0,"light":"blue","gain":"16x"}
23:08:46.113  {"type":"live","t":1341831,"c":0,"r":0,"g":0,"b":0,"pta":142.0,"ptb":142.0,"sat":0,"light":"blue","gain":"16x"}
23:08:46.113  {"type":"live","t":1342232,"c":0,"r":0,"g":0,"b":0,"pta":142.0,"ptb":142.0,"sat":0,"light":"blue","gain":"16x"}
23:08:46.114  {"type":"live","t":1342633,"c":0,"r":0,"g":0,"b":0,"pta":142.0,"ptb":142.0,"sat":0,"light":"blue","gain":"16x"}
23:08:47.110  {"type":"live","t":1343034,"c":0,"r":0,"g":0,"b":0,"pta":142.0,"ptb":142.0,"sat":0,"light":"blue","gain":"16x"}
23:08:47.110  {"type":"live","t":1343435,"c":0,"r":0,"g":0,"b":0,"pta":142.0,"ptb":142.0,"sat":0,"light":"blue","gain":"16x"}
23:08:47.914  {"type":"live","t":1343836,"c":0,"r":0,"g":0,"b":0,"pta":142.0,"ptb":142.0,"sat":0,"light":"blue","gain":"16x"}
23:08:47.914  {"type":"live","t":1344237,"c":0,"r":0,"g":0,"b":0,"pta":142.0,"ptb":142.0,"sat":0,"light":"blue","gain":"16x"}
23:08:48.719  {"type":"live","t":1344638,"c":0,"r":0,"g":0,"b":0,"pta":142.0,"ptb":142.0,"sat":0,"light":"blue","gain":"16x"}
23:08:48.719  {"type":"live","t":1345039,"c":0,"r":0,"g":0,"b":0,"pta":142.0,"ptb":142.0,"sat":0,"light":"blue","gain":"16x"}
23:08:49.720  {"type":"live","t":1345440,"c":0,"r":0,"g":0,"b":0,"pta":142.0,"ptb":142.0,"sat":0,"light":"blue","gain":"16x"}
23:08:49.721  {"type":"live","t":1345841,"c":0,"r":0,"g":0,"b":0,"pta":142.0,"ptb":142.0,"sat":0,"light":"blue","gain":"16x"}
23:08:49.721  {"type":"live","t":1346242,"c":0,"r":0,"g":0,"b":0,"pta":142.0,"ptb":142.0,"sat":0,"light":"blue","gain":"16x"}
23:08:50.719  {"type":"live","t":1346643,"c":0,"r":0,"g":0,"b":0,"pta":142.0,"ptb":142.0,"sat":0,"light":"blue","gain":"16x"}
23:08:50.719  {"type":"live","t":1347044,"c":0,"r":0,"g":0,"b":0,"pta":142.0,"ptb":142.0,"sat":0,"light":"blue","gain":"16x"}
23:08:51.523  {"type":"live","t":1347445,"c":0,"r":0,"g":0,"b":0,"pta":142.0,"ptb":142.0,"sat":0,"light":"blue","gain":"16x"}
23:08:51.523  {"type":"live","t":1347846,"c":0,"r":0,"g":0,"b":0,"pta":142.0,"ptb":142.0,"sat":0,"light":"blue","gain":"16x"}
23:08:52.328  {"type":"live","t":1348247,"c":0,"r":0,"g":0,"b":0,"pta":142.0,"ptb":142.0,"sat":0,"light":"blue","gain":"16x"}
23:08:52.328  {"type":"live","t":1348648,"c":0,"r":0,"g":0,"b":0,"pta":142.0,"ptb":142.0,"sat":0,"light":"blue","gain":"16x"}
23:08:53.344  {"type":"live","t":1349049,"c":0,"r":0,"g":0,"b":0,"pta":142.0,"ptb":142.0,"sat":0,"light":"blue","gain":"16x"}
23:08:53.344  {"type":"live","t":1349450,"c":0,"r":0,"g":0,"b":0,"pta":142.0,"ptb":142.0,"sat":0,"light":"blue","gain":"16x"}
23:08:53.345  {"type":"live","t":1349851,"c":0,"r":0,"g":0,"b":0,"pta":142.0,"ptb":142.0,"sat":0,"light":"blue","gain":"16x"}
23:08:54.328  {"type":"live","t":1350252,"c":0,"r":0,"g":0,"b":0,"pta":142.0,"ptb":142.0,"sat":0,"light":"blue","gain":"16x"}
23:08:54.328  {"type":"live","t":1350653,"c":0,"r":0,"g":0,"b":0,"pta":142.0,"ptb":142.0,"sat":0,"light":"blue","gain":"16x"}
23:08:55.132  {"type":"live","t":1351054,"c":0,"r":0,"g":0,"b":0,"pta":142.0,"ptb":142.0,"sat":0,"light":"blue","gain":"16x"}
23:08:55.132  {"type":"live","t":1351455,"c":0,"r":0,"g":0,"b":0,"pta":142.0,"ptb":142.0,"sat":0,"light":"blue","gain":"16x"}
23:08:55.937  {"type":"live","t":1351856,"c":0,"r":0,"g":0,"b":0,"pta":142.0,"ptb":142.0,"sat":0,"light":"blue","gain":"16x"}
23:08:55.937  {"type":"live","t":1352257,"c":0,"r":0,"g":0,"b":0,"pta":142.0,"ptb":142.0,"sat":0,"light":"blue","gain":"16x"}
23:08:56.946  {"type":"live","t":1352658,"c":0,"r":0,"g":0,"b":0,"pta":142.0,"ptb":142.0,"sat":0,"light":"blue","gain":"16x"}
23:08:56.947  {"type":"live","t":1353059,"c":0,"r":0,"g":0,"b":0,"pta":142.0,"ptb":142.0,"sat":0,"light":"blue","gain":"16x"}
23:08:56.947  {"type":"live","t":1353460,"c":0,"r":0,"g":0,"b":0,"pta":142.0,"ptb":142.0,"sat":0,"light":"blue","gain":"16x"}
23:08:57.937  {"type":"live","t":1353861,"c":0,"r":0,"g":0,"b":0,"pta":142.0,"ptb":142.0,"sat":0,"light":"blue","gain":"16x"}
23:08:57.937  {"type":"live","t":1354262,"c":0,"r":0,"g":0,"b":0,"pta":142.0,"ptb":142.0,"sat":0,"light":"blue","gain":"16x"}
23:08:58.741  {"type":"live","t":1354663,"c":0,"r":0,"g":0,"b":0,"pta":142.0,"ptb":142.0,"sat":0,"light":"blue","gain":"16x"}
23:08:58.741  {"type":"live","t":1355064,"c":0,"r":0,"g":0,"b":0,"pta":142.0,"ptb":142.0,"sat":0,"light":"blue","gain":"16x"}
23:08:59.546  {"type":"live","t":1355465,"c":0,"r":0,"g":0,"b":0,"pta":142.0,"ptb":142.0,"sat":0,"light":"blue","gain":"16x"}
23:08:59.546  {"type":"live","t":1355866,"c":0,"r":0,"g":0,"b":0,"pta":142.0,"ptb":142.0,"sat":0,"light":"blue","gain":"16x"}
23:09:00.553  {"type":"live","t":1356267,"c":0,"r":0,"g":0,"b":0,"pta":142.0,"ptb":142.0,"sat":0,"light":"blue","gain":"16x"}
23:09:00.553  {"type":"live","t":1356668,"c":0,"r":0,"g":0,"b":0,"pta":142.0,"ptb":142.0,"sat":0,"light":"blue","gain":"16x"}
23:09:00.554  {"type":"live","t":1357069,"c":0,"r":0,"g":0,"b":0,"pta":142.0,"ptb":142.0,"sat":0,"light":"blue","gain":"16x"}
23:47:00.238  {"type":"hello","fw":"probe-0.2","tcs":0,"oled":1,"light":"blue","gain":"16x","samples":50}
23:47:00.239  {"type":"live","t":986,"c":0,"r":0,"g":0,"b":0,"pta":142.0,"ptb":142.0,"sat":0,"light":"blue","gain":"16x"}
23:47:01.001  {"type":"hello","fw":"probe-0.2","tcs":0,"oled":1,"light":"blue","gain":"16x","samples":50}
23:47:01.001  {"type":"hello","fw":"probe-0.2","tcs":0,"oled":1,"light":"blue","gain":"16x","samples":50}
23:47:01.002  {"type":"live","t":1386,"c":0,"r":0,"g":0,"b":0,"pta":142.0,"ptb":142.0,"sat":0,"light":"blue","gain":"16x"}
23:47:01.807  {"type":"live","t":1787,"c":0,"r":0,"g":0,"b":0,"pta":142.0,"ptb":142.0,"sat":0,"light":"blue","gain":"16x"}
23:47:01.807  {"type":"live","t":2188,"c":0,"r":0,"g":0,"b":0,"pta":142.0,"ptb":142.0,"sat":0,"light":"blue","gain":"16x"}
23:47:02.612  {"type":"live","t":2589,"c":0,"r":0,"g":0,"b":0,"pta":142.0,"ptb":142.0,"sat":0,"light":"blue","gain":"16x"}
23:47:02.612  {"type":"live","t":2990,"c":0,"r":0,"g":0,"b":0,"pta":142.0,"ptb":142.0,"sat":0,"light":"blue","gain":"16x"}
23:47:03.626  {"type":"live","t":3391,"c":0,"r":0,"g":0,"b":0,"pta":142.0,"ptb":142.0,"sat":0,"light":"blue","gain":"16x"}
23:47:03.627  {"type":"live","t":3792,"c":0,"r":0,"g":0,"b":0,"pta":142.0,"ptb":142.0,"sat":0,"light":"blue","gain":"16x"}
23:47:03.627  {"type":"live","t":4193,"c":0,"r":0,"g":0,"b":0,"pta":142.0,"ptb":142.0,"sat":0,"light":"blue","gain":"16x"}
23:47:04.612  {"type":"live","t":4594,"c":0,"r":0,"g":0,"b":0,"pta":142.0,"ptb":142.0,"sat":0,"light":"blue","gain":"16x"}
23:47:04.612  {"type":"live","t":4995,"c":0,"r":0,"g":0,"b":0,"pta":142.0,"ptb":142.0,"sat":0,"light":"blue","gain":"16x"}
23:47:05.417  {"type":"live","t":5396,"c":0,"r":0,"g":0,"b":0,"pta":142.0,"ptb":142.0,"sat":0,"light":"blue","gain":"16x"}
23:47:05.417  {"type":"live","t":5797,"c":0,"r":0,"g":0,"b":0,"pta":142.0,"ptb":142.0,"sat":0,"light":"blue","gain":"16x"}
23:47:06.418  {"type":"live","t":6198,"c":0,"r":0,"g":0,"b":0,"pta":142.0,"ptb":142.0,"sat":0,"light":"blue","gain":"16x"}
23:47:06.418  {"type":"live","t":6599,"c":0,"r":0,"g":0,"b":0,"pta":142.0,"ptb":142.0,"sat":0,"light":"blue","gain":"16x"}
23:47:06.419  {"type":"live","t":7000,"c":0,"r":0,"g":0,"b":0,"pta":142.0,"ptb":142.0,"sat":0,"light":"blue","gain":"16x"}
23:47:07.419  {"type":"live","t":7401,"c":0,"r":0,"g":0,"b":0,"pta":142.0,"ptb":142.0,"sat":0,"light":"blue","gain":"16x"}
23:47:07.419  {"type":"live","t":7802,"c":0,"r":0,"g":0,"b":0,"pta":142.0,"ptb":142.0,"sat":0,"light":"blue","gain":"16x"}
23:47:08.224  {"type":"live","t":8203,"c":0,"r":0,"g":0,"b":0,"pta":142.0,"ptb":142.0,"sat":0,"light":"blue","gain":"16x"}
23:47:08.224  {"type":"live","t":8604,"c":0,"r":0,"g":0,"b":0,"pta":142.0,"ptb":142.0,"sat":0,"light":"blue","gain":"16x"}
23:47:09.229  {"type":"live","t":9005,"c":0,"r":0,"g":0,"b":0,"pta":142.0,"ptb":142.0,"sat":0,"light":"blue","gain":"16x"}
23:47:09.229  {"type":"live","t":9406,"c":0,"r":0,"g":0,"b":0,"pta":142.0,"ptb":142.0,"sat":0,"light":"blue","gain":"16x"}
23:47:09.230  {"type":"live","t":9807,"c":0,"r":0,"g":0,"b":0,"pta":142.0,"ptb":142.0,"sat":0,"light":"blue","gain":"16x"}
23:47:10.226  {"type":"live","t":10208,"c":0,"r":0,"g":0,"b":0,"pta":142.0,"ptb":142.0,"sat":0,"light":"blue","gain":"16x"}
23:47:10.226  {"type":"live","t":10609,"c":0,"r":0,"g":0,"b":0,"pta":142.0,"ptb":142.0,"sat":0,"light":"blue","gain":"16x"}
23:47:11.031  {"type":"live","t":11010,"c":0,"r":0,"g":0,"b":0,"pta":142.0,"ptb":142.0,"sat":0,"light":"blue","gain":"16x"}
23:47:11.031  {"type":"live","t":11411,"c":0,"r":0,"g":0,"b":0,"pta":142.0,"ptb":142.0,"sat":0,"light":"blue","gain":"16x"}
23:47:11.836  {"type":"live","t":11812,"c":0,"r":0,"g":0,"b":0,"pta":142.0,"ptb":142.0,"sat":0,"light":"blue","gain":"16x"}
23:47:11.836  {"type":"live","t":12213,"c":0,"r":0,"g":0,"b":0,"pta":142.0,"ptb":142.0,"sat":0,"light":"blue","gain":"16x"}
23:47:12.843  {"type":"live","t":12614,"c":0,"r":0,"g":0,"b":0,"pta":142.0,"ptb":142.0,"sat":0,"light":"blue","gain":"16x"}
23:47:12.844  {"type":"live","t":13015,"c":0,"r":0,"g":0,"b":0,"pta":142.0,"ptb":142.0,"sat":0,"light":"blue","gain":"16x"}
23:47:12.844  {"type":"live","t":13416,"c":0,"r":0,"g":0,"b":0,"pta":142.0,"ptb":142.0,"sat":0,"light":"blue","gain":"16x"}
23:47:13.835  {"type":"live","t":13817,"c":0,"r":0,"g":0,"b":0,"pta":142.0,"ptb":142.0,"sat":0,"light":"blue","gain":"16x"}
23:47:13.835  {"type":"live","t":14218,"c":0,"r":0,"g":0,"b":0,"pta":142.0,"ptb":142.0,"sat":0,"light":"blue","gain":"16x"}
23:47:14.640  {"type":"live","t":14619,"c":0,"r":0,"g":0,"b":0,"pta":142.0,"ptb":142.0,"sat":0,"light":"blue","gain":"16x"}
23:47:14.640  {"type":"live","t":15020,"c":0,"r":0,"g":0,"b":0,"pta":142.0,"ptb":142.0,"sat":0,"light":"blue","gain":"16x"}
23:47:15.445  {"type":"live","t":15421,"c":0,"r":0,"g":0,"b":0,"pta":142.0,"ptb":142.0,"sat":0,"light":"blue","gain":"16x"}
23:47:15.445  {"type":"live","t":15822,"c":0,"r":0,"g":0,"b":0,"pta":142.0,"ptb":142.0,"sat":0,"light":"blue","gain":"16x"}
23:47:16.448  {"type":"live","t":16223,"c":0,"r":0,"g":0,"b":0,"pta":142.0,"ptb":142.0,"sat":0,"light":"blue","gain":"16x"}
23:47:16.448  {"type":"live","t":16624,"c":0,"r":0,"g":0,"b":0,"pta":142.0,"ptb":142.0,"sat":0,"light":"blue","gain":"16x"}
23:47:16.449  {"type":"live","t":17025,"c":0,"r":0,"g":0,"b":0,"pta":142.0,"ptb":142.0,"sat":0,"light":"blue","gain":"16x"}
23:47:17.444  {"type":"live","t":17426,"c":0,"r":0,"g":0,"b":0,"pta":142.0,"ptb":142.0,"sat":0,"light":"blue","gain":"16x"}
23:47:17.444  {"type":"live","t":17827,"c":0,"r":0,"g":0,"b":0,"pta":142.0,"ptb":142.0,"sat":0,"light":"blue","gain":"16x"}
23:47:18.041  {"type":"live","t":18228,"c":0,"r":0,"g":0,"b":0,"pta":142.0,"ptb":142.0,"sat":0,"light":"blue","gain":"16x"}
23:47:18.041  {"type":"run","target":"yellow","light":"blue","gain":"16x","samples":50}
23:47:18.041  {"type":"sample","target":"yellow","led":1,"n":0,"c":0,"r":0,"g":0,"b":0,"pta":478.1,"ptb":142.0}
23:47:18.356  {"type":"sample","target":"yellow","led":1,"n":1,"c":0,"r":0,"g":0,"b":0,"pta":469.4,"ptb":142.0}
23:47:18.356  {"type":"sample","target":"yellow","led":1,"n":2,"c":0,"r":0,"g":0,"b":0,"pta":475.8,"ptb":142.0}
23:47:18.817  {"type":"sample","target":"yellow","led":1,"n":3,"c":0,"r":0,"g":0,"b":0,"pta":476.7,"ptb":142.0}
23:47:18.817  {"type":"sample","target":"yellow","led":1,"n":4,"c":0,"r":0,"g":0,"b":0,"pta":472.6,"ptb":142.0}
23:47:18.817  {"type":"sample","target":"yellow","led":1,"n":5,"c":0,"r":0,"g":0,"b":0,"pta":472.6,"ptb":142.0}
23:47:19.133  {"type":"sample","target":"yellow","led":1,"n":6,"c":0,"r":0,"g":0,"b":0,"pta":479.6,"ptb":142.0}
23:47:19.133  {"type":"sample","target":"yellow","led":1,"n":7,"c":0,"r":0,"g":0,"b":0,"pta":484.0,"ptb":142.0}
23:47:19.594  {"type":"sample","target":"yellow","led":1,"n":8,"c":0,"r":0,"g":0,"b":0,"pta":472.0,"ptb":142.0}
23:47:19.594  {"type":"sample","target":"yellow","led":1,"n":9,"c":0,"r":0,"g":0,"b":0,"pta":474.4,"ptb":142.0}
23:47:19.595  {"type":"sample","target":"yellow","led":1,"n":10,"c":0,"r":0,"g":0,"b":0,"pta":482.2,"ptb":142.0}
23:47:20.056  {"type":"sample","target":"yellow","led":1,"n":11,"c":0,"r":0,"g":0,"b":0,"pta":484.9,"ptb":142.0}
23:47:20.056  {"type":"sample","target":"yellow","led":1,"n":12,"c":0,"r":0,"g":0,"b":0,"pta":473.0,"ptb":142.0}
23:47:20.056  {"type":"sample","target":"yellow","led":1,"n":13,"c":0,"r":0,"g":0,"b":0,"pta":475.9,"ptb":142.0}
23:47:20.371  {"type":"sample","target":"yellow","led":1,"n":14,"c":0,"r":0,"g":0,"b":0,"pta":480.2,"ptb":142.0}
23:47:20.371  {"type":"sample","target":"yellow","led":1,"n":15,"c":0,"r":0,"g":0,"b":0,"pta":488.4,"ptb":142.0}
23:47:20.832  {"type":"sample","target":"yellow","led":1,"n":16,"c":0,"r":0,"g":0,"b":0,"pta":467.2,"ptb":142.0}
23:47:20.832  {"type":"sample","target":"yellow","led":1,"n":17,"c":0,"r":0,"g":0,"b":0,"pta":468.9,"ptb":142.0}
23:47:20.833  {"type":"sample","target":"yellow","led":1,"n":18,"c":0,"r":0,"g":0,"b":0,"pta":473.7,"ptb":142.0}
23:47:21.147  {"type":"sample","target":"yellow","led":1,"n":19,"c":0,"r":0,"g":0,"b":0,"pta":477.7,"ptb":142.0}
23:47:21.147  {"type":"sample","target":"yellow","led":1,"n":20,"c":0,"r":0,"g":0,"b":0,"pta":478.8,"ptb":142.0}
23:47:21.609  {"type":"sample","target":"yellow","led":1,"n":21,"c":0,"r":0,"g":0,"b":0,"pta":471.9,"ptb":142.0}
23:47:21.610  {"type":"sample","target":"yellow","led":1,"n":22,"c":0,"r":0,"g":0,"b":0,"pta":473.2,"ptb":142.0}
23:47:21.610  {"type":"sample","target":"yellow","led":1,"n":23,"c":0,"r":0,"g":0,"b":0,"pta":474.8,"ptb":142.0}
23:47:22.070  {"type":"sample","target":"yellow","led":1,"n":24,"c":0,"r":0,"g":0,"b":0,"pta":483.6,"ptb":142.0}
23:47:22.070  {"type":"sample","target":"yellow","led":1,"n":25,"c":0,"r":0,"g":0,"b":0,"pta":481.1,"ptb":142.0}
23:47:22.070  {"type":"sample","target":"yellow","led":1,"n":26,"c":0,"r":0,"g":0,"b":0,"pta":476.5,"ptb":142.0}
23:47:22.385  {"type":"sample","target":"yellow","led":1,"n":27,"c":0,"r":0,"g":0,"b":0,"pta":483.8,"ptb":142.0}
23:47:22.385  {"type":"sample","target":"yellow","led":1,"n":28,"c":0,"r":0,"g":0,"b":0,"pta":472.9,"ptb":142.0}
23:47:22.847  {"type":"sample","target":"yellow","led":1,"n":29,"c":0,"r":0,"g":0,"b":0,"pta":485.5,"ptb":142.0}
23:47:22.847  {"type":"sample","target":"yellow","led":1,"n":30,"c":0,"r":0,"g":0,"b":0,"pta":485.2,"ptb":142.0}
23:47:22.848  {"type":"sample","target":"yellow","led":1,"n":31,"c":0,"r":0,"g":0,"b":0,"pta":477.1,"ptb":142.0}
23:47:23.162  {"type":"sample","target":"yellow","led":1,"n":32,"c":0,"r":0,"g":0,"b":0,"pta":481.3,"ptb":142.0}
23:47:23.162  {"type":"sample","target":"yellow","led":1,"n":33,"c":0,"r":0,"g":0,"b":0,"pta":476.7,"ptb":142.0}
23:47:23.623  {"type":"sample","target":"yellow","led":1,"n":34,"c":0,"r":0,"g":0,"b":0,"pta":462.0,"ptb":142.0}
23:47:23.623  {"type":"sample","target":"yellow","led":1,"n":35,"c":0,"r":0,"g":0,"b":0,"pta":475.2,"ptb":142.0}
23:47:23.624  {"type":"sample","target":"yellow","led":1,"n":36,"c":0,"r":0,"g":0,"b":0,"pta":480.9,"ptb":142.0}
23:47:23.938  {"type":"sample","target":"yellow","led":1,"n":37,"c":0,"r":0,"g":0,"b":0,"pta":470.2,"ptb":142.0}
23:47:23.938  {"type":"sample","target":"yellow","led":1,"n":38,"c":0,"r":0,"g":0,"b":0,"pta":485.4,"ptb":142.0}
23:47:24.400  {"type":"sample","target":"yellow","led":1,"n":39,"c":0,"r":0,"g":0,"b":0,"pta":475.8,"ptb":142.0}
23:47:24.400  {"type":"sample","target":"yellow","led":1,"n":40,"c":0,"r":0,"g":0,"b":0,"pta":481.1,"ptb":142.0}
23:47:24.400  {"type":"sample","target":"yellow","led":1,"n":41,"c":0,"r":0,"g":0,"b":0,"pta":478.4,"ptb":142.0}
23:47:24.861  {"type":"sample","target":"yellow","led":1,"n":42,"c":0,"r":0,"g":0,"b":0,"pta":480.9,"ptb":142.0}
23:47:24.861  {"type":"sample","target":"yellow","led":1,"n":43,"c":0,"r":0,"g":0,"b":0,"pta":479.1,"ptb":142.0}
23:47:24.862  {"type":"sample","target":"yellow","led":1,"n":44,"c":0,"r":0,"g":0,"b":0,"pta":474.6,"ptb":142.0}
23:47:25.176  {"type":"sample","target":"yellow","led":1,"n":45,"c":0,"r":0,"g":0,"b":0,"pta":475.7,"ptb":142.0}
23:47:25.176  {"type":"sample","target":"yellow","led":1,"n":46,"c":0,"r":0,"g":0,"b":0,"pta":481.4,"ptb":142.0}
23:47:25.887  {"type":"sample","target":"yellow","led":1,"n":47,"c":0,"r":0,"g":0,"b":0,"pta":475.2,"ptb":142.0}
23:47:25.887  {"type":"sample","target":"yellow","led":1,"n":48,"c":0,"r":0,"g":0,"b":0,"pta":484.1,"ptb":142.0}
23:47:25.888  {"type":"sample","target":"yellow","led":1,"n":49,"c":0,"r":0,"g":0,"b":0,"pta":474.7,"ptb":142.0}
23:47:26.203  {"type":"sample","target":"yellow","led":0,"n":0,"c":0,"r":0,"g":0,"b":0,"pta":142.0,"ptb":142.0}
23:47:26.204  {"type":"sample","target":"yellow","led":0,"n":1,"c":0,"r":0,"g":0,"b":0,"pta":142.0,"ptb":142.0}
23:47:26.664  {"type":"sample","target":"yellow","led":0,"n":2,"c":0,"r":0,"g":0,"b":0,"pta":142.0,"ptb":142.0}
23:47:26.664  {"type":"sample","target":"yellow","led":0,"n":3,"c":0,"r":0,"g":0,"b":0,"pta":142.0,"ptb":142.0}
23:47:26.664  {"type":"sample","target":"yellow","led":0,"n":4,"c":0,"r":0,"g":0,"b":0,"pta":142.0,"ptb":142.0}
23:47:27.126  {"type":"sample","target":"yellow","led":0,"n":5,"c":0,"r":0,"g":0,"b":0,"pta":142.0,"ptb":142.0}
23:47:27.126  {"type":"sample","target":"yellow","led":0,"n":6,"c":0,"r":0,"g":0,"b":0,"pta":142.0,"ptb":142.0}
23:47:27.127  {"type":"sample","target":"yellow","led":0,"n":7,"c":0,"r":0,"g":0,"b":0,"pta":142.0,"ptb":142.0}
23:47:27.441  {"type":"sample","target":"yellow","led":0,"n":8,"c":0,"r":0,"g":0,"b":0,"pta":142.0,"ptb":142.0}
23:47:27.441  {"type":"sample","target":"yellow","led":0,"n":9,"c":0,"r":0,"g":0,"b":0,"pta":142.0,"ptb":142.0}
23:47:27.903  {"type":"sample","target":"yellow","led":0,"n":10,"c":0,"r":0,"g":0,"b":0,"pta":142.0,"ptb":142.0}
23:47:27.903  {"type":"sample","target":"yellow","led":0,"n":11,"c":0,"r":0,"g":0,"b":0,"pta":142.0,"ptb":142.0}
23:47:27.904  {"type":"sample","target":"yellow","led":0,"n":12,"c":0,"r":0,"g":0,"b":0,"pta":142.0,"ptb":142.0}
23:47:28.218  {"type":"sample","target":"yellow","led":0,"n":13,"c":0,"r":0,"g":0,"b":0,"pta":142.0,"ptb":142.0}
23:47:28.218  {"type":"sample","target":"yellow","led":0,"n":14,"c":0,"r":0,"g":0,"b":0,"pta":142.0,"ptb":142.0}
23:47:28.679  {"type":"sample","target":"yellow","led":0,"n":15,"c":0,"r":0,"g":0,"b":0,"pta":142.0,"ptb":142.0}
23:47:28.679  {"type":"sample","target":"yellow","led":0,"n":16,"c":0,"r":0,"g":0,"b":0,"pta":142.0,"ptb":142.0}
23:47:28.680  {"type":"sample","target":"yellow","led":0,"n":17,"c":0,"r":0,"g":0,"b":0,"pta":142.0,"ptb":142.0}
23:47:29.141  {"type":"sample","target":"yellow","led":0,"n":18,"c":0,"r":0,"g":0,"b":0,"pta":142.0,"ptb":142.0}
23:47:29.141  {"type":"sample","target":"yellow","led":0,"n":19,"c":0,"r":0,"g":0,"b":0,"pta":142.0,"ptb":142.0}
23:47:29.142  {"type":"sample","target":"yellow","led":0,"n":20,"c":0,"r":0,"g":0,"b":0,"pta":142.0,"ptb":142.0}
23:47:29.456  {"type":"sample","target":"yellow","led":0,"n":21,"c":0,"r":0,"g":0,"b":0,"pta":142.0,"ptb":142.0}
23:47:29.456  {"type":"sample","target":"yellow","led":0,"n":22,"c":0,"r":0,"g":0,"b":0,"pta":142.0,"ptb":142.0}
23:47:29.917  {"type":"sample","target":"yellow","led":0,"n":23,"c":0,"r":0,"g":0,"b":0,"pta":142.0,"ptb":142.0}
23:47:29.917  {"type":"sample","target":"yellow","led":0,"n":24,"c":0,"r":0,"g":0,"b":0,"pta":142.0,"ptb":142.0}
23:47:29.918  {"type":"sample","target":"yellow","led":0,"n":25,"c":0,"r":0,"g":0,"b":0,"pta":142.0,"ptb":142.0}
23:47:30.232  {"type":"sample","target":"yellow","led":0,"n":26,"c":0,"r":0,"g":0,"b":0,"pta":142.0,"ptb":142.0}
23:47:30.232  {"type":"sample","target":"yellow","led":0,"n":27,"c":0,"r":0,"g":0,"b":0,"pta":142.0,"ptb":142.0}
23:47:30.693  {"type":"sample","target":"yellow","led":0,"n":28,"c":0,"r":0,"g":0,"b":0,"pta":142.0,"ptb":142.0}
23:47:30.693  {"type":"sample","target":"yellow","led":0,"n":29,"c":0,"r":0,"g":0,"b":0,"pta":142.0,"ptb":142.0}
23:47:30.694  {"type":"sample","target":"yellow","led":0,"n":30,"c":0,"r":0,"g":0,"b":0,"pta":142.0,"ptb":142.0}
23:47:31.155  {"type":"sample","target":"yellow","led":0,"n":31,"c":0,"r":0,"g":0,"b":0,"pta":142.0,"ptb":142.0}
23:47:31.155  {"type":"sample","target":"yellow","led":0,"n":32,"c":0,"r":0,"g":0,"b":0,"pta":142.0,"ptb":142.0}
23:47:31.156  {"type":"sample","target":"yellow","led":0,"n":33,"c":0,"r":0,"g":0,"b":0,"pta":142.0,"ptb":142.0}
23:47:31.470  {"type":"sample","target":"yellow","led":0,"n":34,"c":0,"r":0,"g":0,"b":0,"pta":142.0,"ptb":142.0}
23:47:31.470  {"type":"sample","target":"yellow","led":0,"n":35,"c":0,"r":0,"g":0,"b":0,"pta":142.0,"ptb":142.0}
23:47:31.931  {"type":"sample","target":"yellow","led":0,"n":36,"c":0,"r":0,"g":0,"b":0,"pta":142.0,"ptb":142.0}
23:47:31.931  {"type":"sample","target":"yellow","led":0,"n":37,"c":0,"r":0,"g":0,"b":0,"pta":142.0,"ptb":142.0}
23:47:31.932  {"type":"sample","target":"yellow","led":0,"n":38,"c":0,"r":0,"g":0,"b":0,"pta":142.0,"ptb":142.0}
23:47:32.246  {"type":"sample","target":"yellow","led":0,"n":39,"c":0,"r":0,"g":0,"b":0,"pta":142.0,"ptb":142.0}
23:47:32.246  {"type":"sample","target":"yellow","led":0,"n":40,"c":0,"r":0,"g":0,"b":0,"pta":142.0,"ptb":142.0}
23:47:32.708  {"type":"sample","target":"yellow","led":0,"n":41,"c":0,"r":0,"g":0,"b":0,"pta":142.0,"ptb":142.0}
23:47:32.708  {"type":"sample","target":"yellow","led":0,"n":42,"c":0,"r":0,"g":0,"b":0,"pta":142.0,"ptb":142.0}
23:47:32.709  {"type":"sample","target":"yellow","led":0,"n":43,"c":0,"r":0,"g":0,"b":0,"pta":142.0,"ptb":142.0}
23:47:33.023  {"type":"sample","target":"yellow","led":0,"n":44,"c":0,"r":0,"g":0,"b":0,"pta":142.0,"ptb":142.0}
23:47:33.023  {"type":"sample","target":"yellow","led":0,"n":45,"c":0,"r":0,"g":0,"b":0,"pta":142.0,"ptb":142.0}
23:47:33.484  {"type":"sample","target":"yellow","led":0,"n":46,"c":0,"r":0,"g":0,"b":0,"pta":142.0,"ptb":142.0}
23:47:33.485  {"type":"sample","target":"yellow","led":0,"n":47,"c":0,"r":0,"g":0,"b":0,"pta":142.0,"ptb":142.0}
23:47:33.485  {"type":"sample","target":"yellow","led":0,"n":48,"c":0,"r":0,"g":0,"b":0,"pta":142.0,"ptb":142.0}
23:47:33.507  {"type":"sample","target":"yellow","led":0,"n":49,"c":0,"r":0,"g":0,"b":0,"pta":142.0,"ptb":142.0}
23:47:33.735  {"type":"series","target":"yellow","light":"blue","gain":"16x","samples":50,"saturated":0,"on":{"C":[0.00,0.00],"R":[0.00,0.00],"G":[0.00,0.00],"B":[0.00,0.00],"PT-A":[477.30,5.39],"PT-B":[142.00,0.00]},"off":{"C":[0.00,0.00],"R":[0.00,0.00],"G":[0.00,0.00],"B":[0.00,0.00],"PT-A":[142.00,0.00],"PT-B":[142.00,0.00]},"signal":{"C":0.00,"R":0.00,"G":0.00,"B":0.00,"PT-A":335.30,"PT-B":0.00},"noise":{"C":0.00,"R":0.00,"G":0.00,"B":0.00,"PT-A":5.39,"PT-B":0.00}}
23:47:34.540  {"type":"live","t":34522,"c":0,"r":0,"g":0,"b":0,"pta":142.0,"ptb":142.0,"sat":0,"light":"blue","gain":"16x"}
23:47:34.540  {"type":"live","t":34923,"c":0,"r":0,"g":0,"b":0,"pta":142.0,"ptb":142.0,"sat":0,"light":"blue","gain":"16x"}
23:47:35.345  {"type":"live","t":35324,"c":0,"r":0,"g":0,"b":0,"pta":142.0,"ptb":142.0,"sat":0,"light":"blue","gain":"16x"}
23:47:35.345  {"type":"live","t":35725,"c":0,"r":0,"g":0,"b":0,"pta":142.0,"ptb":142.0,"sat":0,"light":"blue","gain":"16x"}
23:47:36.353  {"type":"live","t":36126,"c":0,"r":0,"g":0,"b":0,"pta":142.0,"ptb":142.0,"sat":0,"light":"blue","gain":"16x"}
23:47:36.354  {"type":"live","t":36527,"c":0,"r":0,"g":0,"b":0,"pta":142.0,"ptb":142.0,"sat":0,"light":"blue","gain":"16x"}
23:47:36.354  {"type":"live","t":36928,"c":0,"r":0,"g":0,"b":0,"pta":142.0,"ptb":142.0,"sat":0,"light":"blue","gain":"16x"}
23:47:37.346  {"type":"live","t":37329,"c":0,"r":0,"g":0,"b":0,"pta":142.0,"ptb":142.0,"sat":0,"light":"blue","gain":"16x"}
23:47:37.346  {"type":"live","t":37730,"c":0,"r":0,"g":0,"b":0,"pta":142.0,"ptb":142.0,"sat":0,"light":"blue","gain":"16x"}
23:47:38.152  {"type":"live","t":38131,"c":0,"r":0,"g":0,"b":0,"pta":142.0,"ptb":142.0,"sat":0,"light":"blue","gain":"16x"}
23:47:38.152  {"type":"live","t":38532,"c":0,"r":0,"g":0,"b":0,"pta":142.0,"ptb":142.0,"sat":0,"light":"blue","gain":"16x"}
23:47:38.957  {"type":"live","t":38933,"c":0,"r":0,"g":0,"b":0,"pta":142.0,"ptb":142.0,"sat":0,"light":"blue","gain":"16x"}
23:47:38.957  {"type":"live","t":39334,"c":0,"r":0,"g":0,"b":0,"pta":142.0,"ptb":142.0,"sat":0,"light":"blue","gain":"16x"}
23:47:39.967  {"type":"live","t":39735,"c":0,"r":0,"g":0,"b":0,"pta":142.0,"ptb":142.0,"sat":0,"light":"blue","gain":"16x"}
23:47:39.967  {"type":"live","t":40136,"c":0,"r":0,"g":0,"b":0,"pta":142.0,"ptb":142.0,"sat":0,"light":"blue","gain":"16x"}
23:47:39.968  {"type":"live","t":40537,"c":0,"r":0,"g":0,"b":0,"pta":142.0,"ptb":142.0,"sat":0,"light":"blue","gain":"16x"}
23:47:40.955  {"type":"live","t":40938,"c":0,"r":0,"g":0,"b":0,"pta":142.0,"ptb":142.0,"sat":0,"light":"blue","gain":"16x"}
23:47:40.955  {"type":"live","t":41339,"c":0,"r":0,"g":0,"b":0,"pta":142.0,"ptb":142.0,"sat":0,"light":"blue","gain":"16x"}
23:47:41.760  {"type":"live","t":41740,"c":0,"r":0,"g":0,"b":0,"pta":142.0,"ptb":142.0,"sat":0,"light":"blue","gain":"16x"}
23:47:41.760  {"type":"live","t":42141,"c":0,"r":0,"g":0,"b":0,"pta":142.0,"ptb":142.0,"sat":0,"light":"blue","gain":"16x"}
23:47:42.566  {"type":"live","t":42542,"c":0,"r":0,"g":0,"b":0,"pta":142.0,"ptb":142.0,"sat":0,"light":"blue","gain":"16x"}
23:47:42.566  {"type":"live","t":42943,"c":0,"r":0,"g":0,"b":0,"pta":142.0,"ptb":142.0,"sat":0,"light":"blue","gain":"16x"}
23:47:43.580  {"type":"live","t":43344,"c":0,"r":0,"g":0,"b":0,"pta":142.0,"ptb":142.0,"sat":0,"light":"blue","gain":"16x"}
23:47:43.580  {"type":"live","t":43745,"c":0,"r":0,"g":0,"b":0,"pta":142.0,"ptb":142.0,"sat":0,"light":"blue","gain":"16x"}
23:47:43.581  {"type":"live","t":44146,"c":0,"r":0,"g":0,"b":0,"pta":142.0,"ptb":142.0,"sat":0,"light":"blue","gain":"16x"}
23:47:44.564  {"type":"live","t":44547,"c":0,"r":0,"g":0,"b":0,"pta":142.0,"ptb":142.0,"sat":0,"light":"blue","gain":"16x"}
23:47:44.564  {"type":"live","t":44948,"c":0,"r":0,"g":0,"b":0,"pta":142.0,"ptb":142.0,"sat":0,"light":"blue","gain":"16x"}
23:47:45.369  {"type":"live","t":45349,"c":0,"r":0,"g":0,"b":0,"pta":142.0,"ptb":142.0,"sat":0,"light":"blue","gain":"16x"}
23:47:45.369  {"type":"live","t":45750,"c":0,"r":0,"g":0,"b":0,"pta":142.0,"ptb":142.0,"sat":0,"light":"blue","gain":"16x"}
23:47:46.175  {"type":"live","t":46151,"c":0,"r":0,"g":0,"b":0,"pta":142.0,"ptb":142.0,"sat":0,"light":"blue","gain":"16x"}
23:47:46.175  {"type":"live","t":46552,"c":0,"r":0,"g":0,"b":0,"pta":142.0,"ptb":142.0,"sat":0,"light":"blue","gain":"16x"}
23:47:47.190  {"type":"live","t":46953,"c":0,"r":0,"g":0,"b":0,"pta":142.0,"ptb":142.0,"sat":0,"light":"blue","gain":"16x"}
23:47:47.190  {"type":"live","t":47354,"c":0,"r":0,"g":0,"b":0,"pta":142.0,"ptb":142.0,"sat":0,"light":"blue","gain":"16x"}
23:47:47.191  {"type":"live","t":47755,"c":0,"r":0,"g":0,"b":0,"pta":142.0,"ptb":142.0,"sat":0,"light":"blue","gain":"16x"}
23:47:48.173  {"type":"live","t":48156,"c":0,"r":0,"g":0,"b":0,"pta":142.0,"ptb":142.0,"sat":0,"light":"blue","gain":"16x"}
23:47:48.173  {"type":"live","t":48557,"c":0,"r":0,"g":0,"b":0,"pta":142.0,"ptb":142.0,"sat":0,"light":"blue","gain":"16x"}
23:47:48.978  {"type":"live","t":48958,"c":0,"r":0,"g":0,"b":0,"pta":142.0,"ptb":142.0,"sat":0,"light":"blue","gain":"16x"}
23:47:48.978  {"type":"live","t":49359,"c":0,"r":0,"g":0,"b":0,"pta":142.0,"ptb":142.0,"sat":0,"light":"blue","gain":"16x"}
23:47:49.783  {"type":"live","t":49760,"c":0,"r":0,"g":0,"b":0,"pta":142.0,"ptb":142.0,"sat":0,"light":"blue","gain":"16x"}
23:47:49.783  {"type":"live","t":50161,"c":0,"r":0,"g":0,"b":0,"pta":142.0,"ptb":142.0,"sat":0,"light":"blue","gain":"16x"}
23:47:52.052  {"type":"hello","fw":"probe-0.2","tcs":0,"oled":1,"light":"blue","gain":"16x","samples":50}
23:47:52.052  {"type":"live","t":986,"c":0,"r":0,"g":0,"b":0,"pta":142.0,"ptb":142.0,"sat":0,"light":"blue","gain":"16x"}
23:47:52.410  {"type":"hello","fw":"probe-0.2","tcs":0,"oled":1,"light":"blue","gain":"16x","samples":50}
23:47:52.410  {"type":"hello","fw":"probe-0.2","tcs":0,"oled":1,"light":"blue","gain":"16x","samples":50}
23:47:52.410  {"type":"hello","fw":"probe-0.2","tcs":0,"oled":1,"light":"blue","gain":"16x","samples":50}
23:47:53.215  {"type":"live","t":1386,"c":0,"r":0,"g":0,"b":0,"pta":142.0,"ptb":142.0,"sat":0,"light":"blue","gain":"16x"}
23:47:53.215  {"type":"live","t":1787,"c":0,"r":0,"g":0,"b":0,"pta":142.0,"ptb":142.0,"sat":0,"light":"blue","gain":"16x"}
23:47:54.232  {"type":"live","t":2188,"c":0,"r":0,"g":0,"b":0,"pta":142.0,"ptb":142.0,"sat":0,"light":"blue","gain":"16x"}
23:47:54.232  {"type":"live","t":2589,"c":0,"r":0,"g":0,"b":0,"pta":142.0,"ptb":142.0,"sat":0,"light":"blue","gain":"16x"}
23:47:54.232  {"type":"live","t":2990,"c":0,"r":0,"g":0,"b":0,"pta":142.0,"ptb":142.0,"sat":0,"light":"blue","gain":"16x"}
23:47:55.217  {"type":"live","t":3391,"c":0,"r":0,"g":0,"b":0,"pta":142.0,"ptb":142.0,"sat":0,"light":"blue","gain":"16x"}
23:47:55.217  {"type":"live","t":3792,"c":0,"r":0,"g":0,"b":0,"pta":142.0,"ptb":142.0,"sat":0,"light":"blue","gain":"16x"}
23:47:56.022  {"type":"live","t":4193,"c":0,"r":0,"g":0,"b":0,"pta":142.0,"ptb":142.0,"sat":0,"light":"blue","gain":"16x"}
23:47:56.022  {"type":"live","t":4594,"c":0,"r":0,"g":0,"b":0,"pta":142.0,"ptb":142.0,"sat":0,"light":"blue","gain":"16x"}
23:47:56.619  {"type":"live","t":4995,"c":0,"r":0,"g":0,"b":0,"pta":142.0,"ptb":142.0,"sat":0,"light":"blue","gain":"16x"}
23:47:56.619  {"type":"run","target":"yellow","light":"blue","gain":"16x","samples":50}
23:47:56.620  {"type":"sample","target":"yellow","led":1,"n":0,"c":0,"r":0,"g":0,"b":0,"pta":473.8,"ptb":142.0}
23:47:57.081  {"type":"sample","target":"yellow","led":1,"n":1,"c":0,"r":0,"g":0,"b":0,"pta":475.4,"ptb":142.0}
23:47:57.081  {"type":"sample","target":"yellow","led":1,"n":2,"c":0,"r":0,"g":0,"b":0,"pta":468.5,"ptb":142.0}
23:47:57.082  {"type":"sample","target":"yellow","led":1,"n":3,"c":0,"r":0,"g":0,"b":0,"pta":479.6,"ptb":142.0}
23:47:57.396  {"type":"sample","target":"yellow","led":1,"n":4,"c":0,"r":0,"g":0,"b":0,"pta":478.8,"ptb":142.0}
23:47:57.396  {"type":"sample","target":"yellow","led":1,"n":5,"c":0,"r":0,"g":0,"b":0,"pta":480.9,"ptb":142.0}
23:47:57.858  {"type":"sample","target":"yellow","led":1,"n":6,"c":0,"r":0,"g":0,"b":0,"pta":483.2,"ptb":142.0}
23:47:57.858  {"type":"sample","target":"yellow","led":1,"n":7,"c":0,"r":0,"g":0,"b":0,"pta":483.3,"ptb":142.0}
23:47:57.859  {"type":"sample","target":"yellow","led":1,"n":8,"c":0,"r":0,"g":0,"b":0,"pta":482.2,"ptb":142.0}
23:47:58.173  {"type":"sample","target":"yellow","led":1,"n":9,"c":0,"r":0,"g":0,"b":0,"pta":469.8,"ptb":142.0}
23:47:58.173  {"type":"sample","target":"yellow","led":1,"n":10,"c":0,"r":0,"g":0,"b":0,"pta":484.6,"ptb":142.0}
23:47:58.634  {"type":"sample","target":"yellow","led":1,"n":11,"c":0,"r":0,"g":0,"b":0,"pta":482.1,"ptb":142.0}
23:47:58.634  {"type":"sample","target":"yellow","led":1,"n":12,"c":0,"r":0,"g":0,"b":0,"pta":474.8,"ptb":142.0}
23:47:58.635  {"type":"sample","target":"yellow","led":1,"n":13,"c":0,"r":0,"g":0,"b":0,"pta":472.1,"ptb":142.0}
23:47:59.096  {"type":"sample","target":"yellow","led":1,"n":14,"c":0,"r":0,"g":0,"b":0,"pta":458.8,"ptb":142.0}
23:47:59.096  {"type":"sample","target":"yellow","led":1,"n":15,"c":0,"r":0,"g":0,"b":0,"pta":485.2,"ptb":142.0}
23:47:59.097  {"type":"sample","target":"yellow","led":1,"n":16,"c":0,"r":0,"g":0,"b":0,"pta":471.6,"ptb":142.0}
23:47:59.411  {"type":"sample","target":"yellow","led":1,"n":17,"c":0,"r":0,"g":0,"b":0,"pta":468.5,"ptb":142.0}
23:47:59.411  {"type":"sample","target":"yellow","led":1,"n":18,"c":0,"r":0,"g":0,"b":0,"pta":482.1,"ptb":142.0}
23:47:59.872  {"type":"sample","target":"yellow","led":1,"n":19,"c":0,"r":0,"g":0,"b":0,"pta":473.5,"ptb":142.0}
23:47:59.872  {"type":"sample","target":"yellow","led":1,"n":20,"c":0,"r":0,"g":0,"b":0,"pta":478.1,"ptb":142.0}
23:47:59.873  {"type":"sample","target":"yellow","led":1,"n":21,"c":0,"r":0,"g":0,"b":0,"pta":478.7,"ptb":142.0}
23:48:00.187  {"type":"sample","target":"yellow","led":1,"n":22,"c":0,"r":0,"g":0,"b":0,"pta":474.1,"ptb":142.0}
23:48:00.187  {"type":"sample","target":"yellow","led":1,"n":23,"c":0,"r":0,"g":0,"b":0,"pta":477.7,"ptb":142.0}
23:48:00.648  {"type":"sample","target":"yellow","led":1,"n":24,"c":0,"r":0,"g":0,"b":0,"pta":477.5,"ptb":142.0}
23:48:00.648  {"type":"sample","target":"yellow","led":1,"n":25,"c":0,"r":0,"g":0,"b":0,"pta":474.5,"ptb":142.0}
23:48:00.649  {"type":"sample","target":"yellow","led":1,"n":26,"c":0,"r":0,"g":0,"b":0,"pta":473.4,"ptb":142.0}
23:48:01.110  {"type":"sample","target":"yellow","led":1,"n":27,"c":0,"r":0,"g":0,"b":0,"pta":471.2,"ptb":142.0}
23:48:01.110  {"type":"sample","target":"yellow","led":1,"n":28,"c":0,"r":0,"g":0,"b":0,"pta":481.2,"ptb":142.0}
23:48:01.111  {"type":"sample","target":"yellow","led":1,"n":29,"c":0,"r":0,"g":0,"b":0,"pta":487.4,"ptb":142.0}
23:48:01.425  {"type":"sample","target":"yellow","led":1,"n":30,"c":0,"r":0,"g":0,"b":0,"pta":481.5,"ptb":142.0}
23:48:01.425  {"type":"sample","target":"yellow","led":1,"n":31,"c":0,"r":0,"g":0,"b":0,"pta":484.5,"ptb":142.0}
23:48:01.886  {"type":"sample","target":"yellow","led":1,"n":32,"c":0,"r":0,"g":0,"b":0,"pta":485.8,"ptb":142.0}
23:48:01.886  {"type":"sample","target":"yellow","led":1,"n":33,"c":0,"r":0,"g":0,"b":0,"pta":483.8,"ptb":142.0}
23:48:01.887  {"type":"sample","target":"yellow","led":1,"n":34,"c":0,"r":0,"g":0,"b":0,"pta":478.9,"ptb":142.0}
23:48:02.201  {"type":"sample","target":"yellow","led":1,"n":35,"c":0,"r":0,"g":0,"b":0,"pta":474.1,"ptb":142.0}
23:48:02.201  {"type":"sample","target":"yellow","led":1,"n":36,"c":0,"r":0,"g":0,"b":0,"pta":484.9,"ptb":142.0}
23:48:02.663  {"type":"sample","target":"yellow","led":1,"n":37,"c":0,"r":0,"g":0,"b":0,"pta":471.1,"ptb":142.0}
23:48:02.663  {"type":"sample","target":"yellow","led":1,"n":38,"c":0,"r":0,"g":0,"b":0,"pta":463.5,"ptb":142.0}
23:48:02.663  {"type":"sample","target":"yellow","led":1,"n":39,"c":0,"r":0,"g":0,"b":0,"pta":483.2,"ptb":142.0}
23:48:02.978  {"type":"sample","target":"yellow","led":1,"n":40,"c":0,"r":0,"g":0,"b":0,"pta":472.2,"ptb":142.0}
23:48:02.978  {"type":"sample","target":"yellow","led":1,"n":41,"c":0,"r":0,"g":0,"b":0,"pta":484.9,"ptb":142.0}
23:48:03.439  {"type":"sample","target":"yellow","led":1,"n":42,"c":0,"r":0,"g":0,"b":0,"pta":477.6,"ptb":142.0}
23:48:03.439  {"type":"sample","target":"yellow","led":1,"n":43,"c":0,"r":0,"g":0,"b":0,"pta":472.5,"ptb":142.0}
23:48:03.439  {"type":"sample","target":"yellow","led":1,"n":44,"c":0,"r":0,"g":0,"b":0,"pta":475.1,"ptb":142.0}
23:48:03.901  {"type":"sample","target":"yellow","led":1,"n":45,"c":0,"r":0,"g":0,"b":0,"pta":473.1,"ptb":142.0}
23:48:03.901  {"type":"sample","target":"yellow","led":1,"n":46,"c":0,"r":0,"g":0,"b":0,"pta":472.2,"ptb":142.0}
23:48:03.902  {"type":"sample","target":"yellow","led":1,"n":47,"c":0,"r":0,"g":0,"b":0,"pta":485.5,"ptb":142.0}
23:48:04.466  {"type":"sample","target":"yellow","led":1,"n":48,"c":0,"r":0,"g":0,"b":0,"pta":478.2,"ptb":142.0}
23:48:04.466  {"type":"sample","target":"yellow","led":1,"n":49,"c":0,"r":0,"g":0,"b":0,"pta":480.8,"ptb":142.0}
23:48:04.927  {"type":"sample","target":"yellow","led":0,"n":0,"c":0,"r":0,"g":0,"b":0,"pta":142.0,"ptb":142.0}
23:48:04.927  {"type":"sample","target":"yellow","led":0,"n":1,"c":0,"r":0,"g":0,"b":0,"pta":142.0,"ptb":142.0}
23:48:04.928  {"type":"sample","target":"yellow","led":0,"n":2,"c":0,"r":0,"g":0,"b":0,"pta":142.0,"ptb":142.0}
23:48:05.243  {"type":"sample","target":"yellow","led":0,"n":3,"c":0,"r":0,"g":0,"b":0,"pta":142.0,"ptb":142.0}
23:48:05.243  {"type":"sample","target":"yellow","led":0,"n":4,"c":0,"r":0,"g":0,"b":0,"pta":142.0,"ptb":142.0}
23:48:05.704  {"type":"sample","target":"yellow","led":0,"n":5,"c":0,"r":0,"g":0,"b":0,"pta":142.0,"ptb":142.0}
23:48:05.704  {"type":"sample","target":"yellow","led":0,"n":6,"c":0,"r":0,"g":0,"b":0,"pta":142.0,"ptb":142.0}
23:48:05.705  {"type":"sample","target":"yellow","led":0,"n":7,"c":0,"r":0,"g":0,"b":0,"pta":142.0,"ptb":142.0}
23:48:06.166  {"type":"sample","target":"yellow","led":0,"n":8,"c":0,"r":0,"g":0,"b":0,"pta":142.0,"ptb":142.0}
23:48:06.166  {"type":"sample","target":"yellow","led":0,"n":9,"c":0,"r":0,"g":0,"b":0,"pta":142.0,"ptb":142.0}
23:48:06.167  {"type":"sample","target":"yellow","led":0,"n":10,"c":0,"r":0,"g":0,"b":0,"pta":142.0,"ptb":142.0}
23:48:06.481  {"type":"sample","target":"yellow","led":0,"n":11,"c":0,"r":0,"g":0,"b":0,"pta":142.0,"ptb":142.0}
23:48:06.481  {"type":"sample","target":"yellow","led":0,"n":12,"c":0,"r":0,"g":0,"b":0,"pta":142.0,"ptb":142.0}
23:48:06.942  {"type":"sample","target":"yellow","led":0,"n":13,"c":0,"r":0,"g":0,"b":0,"pta":142.0,"ptb":142.0}
23:48:06.942  {"type":"sample","target":"yellow","led":0,"n":14,"c":0,"r":0,"g":0,"b":0,"pta":142.0,"ptb":142.0}
23:48:06.943  {"type":"sample","target":"yellow","led":0,"n":15,"c":0,"r":0,"g":0,"b":0,"pta":142.0,"ptb":142.0}
23:48:07.257  {"type":"sample","target":"yellow","led":0,"n":16,"c":0,"r":0,"g":0,"b":0,"pta":142.0,"ptb":142.0}
23:48:07.257  {"type":"sample","target":"yellow","led":0,"n":17,"c":0,"r":0,"g":0,"b":0,"pta":142.0,"ptb":142.0}
23:48:07.719  {"type":"sample","target":"yellow","led":0,"n":18,"c":0,"r":0,"g":0,"b":0,"pta":142.0,"ptb":142.0}
23:48:07.719  {"type":"sample","target":"yellow","led":0,"n":19,"c":0,"r":0,"g":0,"b":0,"pta":142.0,"ptb":142.0}
23:48:07.720  {"type":"sample","target":"yellow","led":0,"n":20,"c":0,"r":0,"g":0,"b":0,"pta":142.0,"ptb":142.0}
23:48:08.180  {"type":"sample","target":"yellow","led":0,"n":21,"c":0,"r":0,"g":0,"b":0,"pta":142.0,"ptb":142.0}
23:48:08.180  {"type":"sample","target":"yellow","led":0,"n":22,"c":0,"r":0,"g":0,"b":0,"pta":142.0,"ptb":142.0}
23:48:08.181  {"type":"sample","target":"yellow","led":0,"n":23,"c":0,"r":0,"g":0,"b":0,"pta":142.0,"ptb":142.0}
23:48:08.495  {"type":"sample","target":"yellow","led":0,"n":24,"c":0,"r":0,"g":0,"b":0,"pta":142.0,"ptb":142.0}
23:48:08.495  {"type":"sample","target":"yellow","led":0,"n":25,"c":0,"r":0,"g":0,"b":0,"pta":142.0,"ptb":142.0}
23:48:08.957  {"type":"sample","target":"yellow","led":0,"n":26,"c":0,"r":0,"g":0,"b":0,"pta":142.0,"ptb":142.0}
23:48:08.957  {"type":"sample","target":"yellow","led":0,"n":27,"c":0,"r":0,"g":0,"b":0,"pta":142.0,"ptb":142.0}
23:48:08.958  {"type":"sample","target":"yellow","led":0,"n":28,"c":0,"r":0,"g":0,"b":0,"pta":142.0,"ptb":142.0}
23:48:09.272  {"type":"sample","target":"yellow","led":0,"n":29,"c":0,"r":0,"g":0,"b":0,"pta":142.0,"ptb":142.0}
23:48:09.272  {"type":"sample","target":"yellow","led":0,"n":30,"c":0,"r":0,"g":0,"b":0,"pta":142.0,"ptb":142.0}
23:48:09.733  {"type":"sample","target":"yellow","led":0,"n":31,"c":0,"r":0,"g":0,"b":0,"pta":142.0,"ptb":142.0}
23:48:09.733  {"type":"sample","target":"yellow","led":0,"n":32,"c":0,"r":0,"g":0,"b":0,"pta":142.0,"ptb":142.0}
23:48:09.734  {"type":"sample","target":"yellow","led":0,"n":33,"c":0,"r":0,"g":0,"b":0,"pta":142.0,"ptb":142.0}
23:48:10.195  {"type":"sample","target":"yellow","led":0,"n":34,"c":0,"r":0,"g":0,"b":0,"pta":142.0,"ptb":142.0}
23:48:10.195  {"type":"sample","target":"yellow","led":0,"n":35,"c":0,"r":0,"g":0,"b":0,"pta":142.0,"ptb":142.0}
23:48:10.195  {"type":"sample","target":"yellow","led":0,"n":36,"c":0,"r":0,"g":0,"b":0,"pta":142.0,"ptb":142.0}
23:48:10.510  {"type":"sample","target":"yellow","led":0,"n":37,"c":0,"r":0,"g":0,"b":0,"pta":142.0,"ptb":142.0}
23:48:10.510  {"type":"sample","target":"yellow","led":0,"n":38,"c":0,"r":0,"g":0,"b":0,"pta":142.0,"ptb":142.0}
23:48:10.971  {"type":"sample","target":"yellow","led":0,"n":39,"c":0,"r":0,"g":0,"b":0,"pta":142.0,"ptb":142.0}
23:48:10.971  {"type":"sample","target":"yellow","led":0,"n":40,"c":0,"r":0,"g":0,"b":0,"pta":142.0,"ptb":142.0}
23:48:10.972  {"type":"sample","target":"yellow","led":0,"n":41,"c":0,"r":0,"g":0,"b":0,"pta":142.0,"ptb":142.0}
23:48:11.286  {"type":"sample","target":"yellow","led":0,"n":42,"c":0,"r":0,"g":0,"b":0,"pta":142.0,"ptb":142.0}
23:48:11.286  {"type":"sample","target":"yellow","led":0,"n":43,"c":0,"r":0,"g":0,"b":0,"pta":142.0,"ptb":142.0}
23:48:11.748  {"type":"sample","target":"yellow","led":0,"n":44,"c":0,"r":0,"g":0,"b":0,"pta":142.0,"ptb":142.0}
23:48:11.748  {"type":"sample","target":"yellow","led":0,"n":45,"c":0,"r":0,"g":0,"b":0,"pta":142.0,"ptb":142.0}
23:48:11.748  {"type":"sample","target":"yellow","led":0,"n":46,"c":0,"r":0,"g":0,"b":0,"pta":142.0,"ptb":142.0}
23:48:12.063  {"type":"sample","target":"yellow","led":0,"n":47,"c":0,"r":0,"g":0,"b":0,"pta":142.0,"ptb":142.0}
23:48:12.063  {"type":"sample","target":"yellow","led":0,"n":48,"c":0,"r":0,"g":0,"b":0,"pta":142.0,"ptb":142.0}
23:48:12.085  {"type":"sample","target":"yellow","led":0,"n":49,"c":0,"r":0,"g":0,"b":0,"pta":142.0,"ptb":142.0}
23:48:12.313  {"type":"series","target":"yellow","light":"blue","gain":"16x","samples":50,"saturated":0,"on":{"C":[0.00,0.00],"R":[0.00,0.00],"G":[0.00,0.00],"B":[0.00,0.00],"PT-A":[477.32,6.18],"PT-B":[142.00,0.00]},"off":{"C":[0.00,0.00],"R":[0.00,0.00],"G":[0.00,0.00],"B":[0.00,0.00],"PT-A":[142.00,0.00],"PT-B":[142.00,0.00]},"signal":{"C":0.00,"R":0.00,"G":0.00,"B":0.00,"PT-A":335.32,"PT-B":0.00},"noise":{"C":0.00,"R":0.00,"G":0.00,"B":0.00,"PT-A":6.18,"PT-B":0.00}}
23:48:13.118  {"type":"live","t":21289,"c":0,"r":0,"g":0,"b":0,"pta":142.0,"ptb":142.0,"sat":0,"light":"blue","gain":"16x"}
23:48:13.118  {"type":"live","t":21690,"c":0,"r":0,"g":0,"b":0,"pta":142.0,"ptb":142.0,"sat":0,"light":"blue","gain":"16x"}
23:48:14.127  {"type":"live","t":22091,"c":0,"r":0,"g":0,"b":0,"pta":142.0,"ptb":142.0,"sat":0,"light":"blue","gain":"16x"}
23:48:14.128  {"type":"live","t":22492,"c":0,"r":0,"g":0,"b":0,"pta":142.0,"ptb":142.0,"sat":0,"light":"blue","gain":"16x"}
23:48:14.128  {"type":"live","t":22893,"c":0,"r":0,"g":0,"b":0,"pta":142.0,"ptb":142.0,"sat":0,"light":"blue","gain":"16x"}
23:48:15.119  {"type":"live","t":23294,"c":0,"r":0,"g":0,"b":0,"pta":142.0,"ptb":142.0,"sat":0,"light":"blue","gain":"16x"}
23:48:15.119  {"type":"live","t":23695,"c":0,"r":0,"g":0,"b":0,"pta":142.0,"ptb":142.0,"sat":0,"light":"blue","gain":"16x"}
23:48:15.924  {"type":"live","t":24096,"c":0,"r":0,"g":0,"b":0,"pta":142.0,"ptb":142.0,"sat":0,"light":"blue","gain":"16x"}
23:48:15.924  {"type":"live","t":24497,"c":0,"r":0,"g":0,"b":0,"pta":142.0,"ptb":142.0,"sat":0,"light":"blue","gain":"16x"}
23:48:16.729  {"type":"live","t":24898,"c":0,"r":0,"g":0,"b":0,"pta":142.0,"ptb":142.0,"sat":0,"light":"blue","gain":"16x"}
23:48:16.729  {"type":"live","t":25299,"c":0,"r":0,"g":0,"b":0,"pta":142.0,"ptb":142.0,"sat":0,"light":"blue","gain":"16x"}
23:48:17.744  {"type":"live","t":25700,"c":0,"r":0,"g":0,"b":0,"pta":142.0,"ptb":142.0,"sat":0,"light":"blue","gain":"16x"}
23:48:17.744  {"type":"live","t":26101,"c":0,"r":0,"g":0,"b":0,"pta":142.0,"ptb":142.0,"sat":0,"light":"blue","gain":"16x"}
23:48:17.745  {"type":"live","t":26502,"c":0,"r":0,"g":0,"b":0,"pta":142.0,"ptb":142.0,"sat":0,"light":"blue","gain":"16x"}
23:48:18.728  {"type":"live","t":26903,"c":0,"r":0,"g":0,"b":0,"pta":142.0,"ptb":142.0,"sat":0,"light":"blue","gain":"16x"}
23:48:18.728  {"type":"live","t":27304,"c":0,"r":0,"g":0,"b":0,"pta":142.0,"ptb":142.0,"sat":0,"light":"blue","gain":"16x"}
23:48:19.533  {"type":"live","t":27705,"c":0,"r":0,"g":0,"b":0,"pta":142.0,"ptb":142.0,"sat":0,"light":"blue","gain":"16x"}
23:48:19.533  {"type":"live","t":28106,"c":0,"r":0,"g":0,"b":0,"pta":142.0,"ptb":142.0,"sat":0,"light":"blue","gain":"16x"}
23:48:20.338  {"type":"live","t":28507,"c":0,"r":0,"g":0,"b":0,"pta":142.0,"ptb":142.0,"sat":0,"light":"blue","gain":"16x"}
23:48:20.338  {"type":"live","t":28908,"c":0,"r":0,"g":0,"b":0,"pta":142.0,"ptb":142.0,"sat":0,"light":"blue","gain":"16x"}
23:48:21.350  {"type":"live","t":29309,"c":0,"r":0,"g":0,"b":0,"pta":142.0,"ptb":142.0,"sat":0,"light":"blue","gain":"16x"}
23:48:21.351  {"type":"live","t":29710,"c":0,"r":0,"g":0,"b":0,"pta":142.0,"ptb":142.0,"sat":0,"light":"blue","gain":"16x"}
23:48:21.351  {"type":"live","t":30111,"c":0,"r":0,"g":0,"b":0,"pta":142.0,"ptb":142.0,"sat":0,"light":"blue","gain":"16x"}
23:48:22.337  {"type":"live","t":30512,"c":0,"r":0,"g":0,"b":0,"pta":142.0,"ptb":142.0,"sat":0,"light":"blue","gain":"16x"}
23:48:22.337  {"type":"live","t":30913,"c":0,"r":0,"g":0,"b":0,"pta":142.0,"ptb":142.0,"sat":0,"light":"blue","gain":"16x"}
23:48:23.142  {"type":"live","t":31314,"c":0,"r":0,"g":0,"b":0,"pta":142.0,"ptb":142.0,"sat":0,"light":"blue","gain":"16x"}
23:48:23.142  {"type":"live","t":31715,"c":0,"r":0,"g":0,"b":0,"pta":142.0,"ptb":142.0,"sat":0,"light":"blue","gain":"16x"}
23:48:23.947  {"type":"live","t":32116,"c":0,"r":0,"g":0,"b":0,"pta":142.0,"ptb":142.0,"sat":0,"light":"blue","gain":"16x"}
23:48:23.947  {"type":"live","t":32517,"c":0,"r":0,"g":0,"b":0,"pta":142.0,"ptb":142.0,"sat":0,"light":"blue","gain":"16x"}
23:48:24.962  {"type":"live","t":32918,"c":0,"r":0,"g":0,"b":0,"pta":142.0,"ptb":142.0,"sat":0,"light":"blue","gain":"16x"}
23:48:24.962  {"type":"live","t":33319,"c":0,"r":0,"g":0,"b":0,"pta":142.0,"ptb":142.0,"sat":0,"light":"blue","gain":"16x"}
23:48:24.962  {"type":"live","t":33720,"c":0,"r":0,"g":0,"b":0,"pta":142.0,"ptb":142.0,"sat":0,"light":"blue","gain":"16x"}
23:48:25.946  {"type":"live","t":34121,"c":0,"r":0,"g":0,"b":0,"pta":142.0,"ptb":142.0,"sat":0,"light":"blue","gain":"16x"}
23:48:25.946  {"type":"live","t":34522,"c":0,"r":0,"g":0,"b":0,"pta":142.0,"ptb":142.0,"sat":0,"light":"blue","gain":"16x"}
23:48:26.751  {"type":"live","t":34923,"c":0,"r":0,"g":0,"b":0,"pta":142.0,"ptb":142.0,"sat":0,"light":"blue","gain":"16x"}
23:48:26.751  {"type":"live","t":35324,"c":0,"r":0,"g":0,"b":0,"pta":142.0,"ptb":142.0,"sat":0,"light":"blue","gain":"16x"}
23:48:27.556  {"type":"live","t":35725,"c":0,"r":0,"g":0,"b":0,"pta":142.0,"ptb":142.0,"sat":0,"light":"blue","gain":"16x"}
23:48:27.556  {"type":"live","t":36126,"c":0,"r":0,"g":0,"b":0,"pta":142.0,"ptb":142.0,"sat":0,"light":"blue","gain":"16x"}
23:48:28.572  {"type":"live","t":36527,"c":0,"r":0,"g":0,"b":0,"pta":142.0,"ptb":142.0,"sat":0,"light":"blue","gain":"16x"}
23:48:28.572  {"type":"live","t":36928,"c":0,"r":0,"g":0,"b":0,"pta":142.0,"ptb":142.0,"sat":0,"light":"blue","gain":"16x"}
23:48:28.573  {"type":"live","t":37329,"c":0,"r":0,"g":0,"b":0,"pta":142.0,"ptb":142.0,"sat":0,"light":"blue","gain":"16x"}
23:48:29.555  {"type":"live","t":37730,"c":0,"r":0,"g":0,"b":0,"pta":142.0,"ptb":142.0,"sat":0,"light":"blue","gain":"16x"}
23:48:29.555  {"type":"live","t":38131,"c":0,"r":0,"g":0,"b":0,"pta":142.0,"ptb":142.0,"sat":0,"light":"blue","gain":"16x"}
23:48:30.360  {"type":"live","t":38532,"c":0,"r":0,"g":0,"b":0,"pta":142.0,"ptb":142.0,"sat":0,"light":"blue","gain":"16x"}
23:48:30.360  {"type":"live","t":38933,"c":0,"r":0,"g":0,"b":0,"pta":142.0,"ptb":142.0,"sat":0,"light":"blue","gain":"16x"}
23:48:31.165  {"type":"live","t":39334,"c":0,"r":0,"g":0,"b":0,"pta":142.0,"ptb":142.0,"sat":0,"light":"blue","gain":"16x"}
23:48:31.165  {"type":"live","t":39735,"c":0,"r":0,"g":0,"b":0,"pta":142.0,"ptb":142.0,"sat":0,"light":"blue","gain":"16x"}
23:48:32.175  {"type":"live","t":40136,"c":0,"r":0,"g":0,"b":0,"pta":142.0,"ptb":142.0,"sat":0,"light":"blue","gain":"16x"}
23:48:32.175  {"type":"live","t":40537,"c":0,"r":0,"g":0,"b":0,"pta":142.0,"ptb":142.0,"sat":0,"light":"blue","gain":"16x"}
23:48:32.176  {"type":"live","t":40938,"c":0,"r":0,"g":0,"b":0,"pta":142.0,"ptb":142.0,"sat":0,"light":"blue","gain":"16x"}
23:48:33.164  {"type":"live","t":41339,"c":0,"r":0,"g":0,"b":0,"pta":142.0,"ptb":142.0,"sat":0,"light":"blue","gain":"16x"}
23:48:33.164  {"type":"live","t":41740,"c":0,"r":0,"g":0,"b":0,"pta":142.0,"ptb":142.0,"sat":0,"light":"blue","gain":"16x"}
23:48:33.969  {"type":"live","t":42141,"c":0,"r":0,"g":0,"b":0,"pta":142.0,"ptb":142.0,"sat":0,"light":"blue","gain":"16x"}
23:48:33.969  {"type":"live","t":42542,"c":0,"r":0,"g":0,"b":0,"pta":142.0,"ptb":142.0,"sat":0,"light":"blue","gain":"16x"}
23:48:34.774  {"type":"live","t":42943,"c":0,"r":0,"g":0,"b":0,"pta":142.0,"ptb":142.0,"sat":0,"light":"blue","gain":"16x"}
23:48:34.774  {"type":"live","t":43344,"c":0,"r":0,"g":0,"b":0,"pta":142.0,"ptb":142.0,"sat":0,"light":"blue","gain":"16x"}
23:48:35.787  {"type":"live","t":43745,"c":0,"r":0,"g":0,"b":0,"pta":142.0,"ptb":142.0,"sat":0,"light":"blue","gain":"16x"}
23:48:35.787  {"type":"live","t":44146,"c":0,"r":0,"g":0,"b":0,"pta":142.0,"ptb":142.0,"sat":0,"light":"blue","gain":"16x"}
23:48:35.787  {"type":"live","t":44547,"c":0,"r":0,"g":0,"b":0,"pta":142.0,"ptb":142.0,"sat":0,"light":"blue","gain":"16x"}
23:48:36.773  {"type":"live","t":44948,"c":0,"r":0,"g":0,"b":0,"pta":142.0,"ptb":142.0,"sat":0,"light":"blue","gain":"16x"}
23:48:36.773  {"type":"live","t":45349,"c":0,"r":0,"g":0,"b":0,"pta":142.0,"ptb":142.0,"sat":0,"light":"blue","gain":"16x"}
23:48:37.578  {"type":"live","t":45750,"c":0,"r":0,"g":0,"b":0,"pta":142.0,"ptb":142.0,"sat":0,"light":"blue","gain":"16x"}
23:48:37.578  {"type":"live","t":46151,"c":0,"r":0,"g":0,"b":0,"pta":142.0,"ptb":142.0,"sat":0,"light":"blue","gain":"16x"}
23:48:38.383  {"type":"live","t":46552,"c":0,"r":0,"g":0,"b":0,"pta":142.0,"ptb":142.0,"sat":0,"light":"blue","gain":"16x"}
23:48:38.383  {"type":"live","t":46953,"c":0,"r":0,"g":0,"b":0,"pta":142.0,"ptb":142.0,"sat":0,"light":"blue","gain":"16x"}
23:48:39.387  {"type":"live","t":47354,"c":0,"r":0,"g":0,"b":0,"pta":142.0,"ptb":142.0,"sat":0,"light":"blue","gain":"16x"}
23:48:39.387  {"type":"live","t":47755,"c":0,"r":0,"g":0,"b":0,"pta":142.0,"ptb":142.0,"sat":0,"light":"blue","gain":"16x"}
23:48:39.388  {"type":"live","t":48156,"c":0,"r":0,"g":0,"b":0,"pta":142.0,"ptb":142.0,"sat":0,"light":"blue","gain":"16x"}
23:48:40.382  {"type":"live","t":48557,"c":0,"r":0,"g":0,"b":0,"pta":142.0,"ptb":142.0,"sat":0,"light":"blue","gain":"16x"}
23:48:40.382  {"type":"live","t":48958,"c":0,"r":0,"g":0,"b":0,"pta":142.0,"ptb":142.0,"sat":0,"light":"blue","gain":"16x"}
23:48:41.187  {"type":"live","t":49359,"c":0,"r":0,"g":0,"b":0,"pta":142.0,"ptb":142.0,"sat":0,"light":"blue","gain":"16x"}
23:48:41.187  {"type":"live","t":49760,"c":0,"r":0,"g":0,"b":0,"pta":142.0,"ptb":142.0,"sat":0,"light":"blue","gain":"16x"}
23:48:41.992  {"type":"live","t":50161,"c":0,"r":0,"g":0,"b":0,"pta":142.0,"ptb":142.0,"sat":0,"light":"blue","gain":"16x"}
23:48:41.992  {"type":"live","t":50562,"c":0,"r":0,"g":0,"b":0,"pta":142.0,"ptb":142.0,"sat":0,"light":"blue","gain":"16x"}
23:48:42.999  {"type":"live","t":50963,"c":0,"r":0,"g":0,"b":0,"pta":142.0,"ptb":142.0,"sat":0,"light":"blue","gain":"16x"}
23:48:42.999  {"type":"live","t":51364,"c":0,"r":0,"g":0,"b":0,"pta":142.0,"ptb":142.0,"sat":0,"light":"blue","gain":"16x"}
23:48:43.000  {"type":"live","t":51765,"c":0,"r":0,"g":0,"b":0,"pta":142.0,"ptb":142.0,"sat":0,"light":"blue","gain":"16x"}
23:48:43.991  {"type":"live","t":52166,"c":0,"r":0,"g":0,"b":0,"pta":142.0,"ptb":142.0,"sat":0,"light":"blue","gain":"16x"}
23:48:43.991  {"type":"live","t":52567,"c":0,"r":0,"g":0,"b":0,"pta":142.0,"ptb":142.0,"sat":0,"light":"blue","gain":"16x"}
23:48:44.796  {"type":"live","t":52968,"c":0,"r":0,"g":0,"b":0,"pta":142.0,"ptb":142.0,"sat":0,"light":"blue","gain":"16x"}
23:48:44.796  {"type":"live","t":53369,"c":0,"r":0,"g":0,"b":0,"pta":142.0,"ptb":142.0,"sat":0,"light":"blue","gain":"16x"}
23:48:45.601  {"type":"live","t":53770,"c":0,"r":0,"g":0,"b":0,"pta":142.0,"ptb":142.0,"sat":0,"light":"blue","gain":"16x"}
23:48:45.601  {"type":"live","t":54171,"c":0,"r":0,"g":0,"b":0,"pta":142.0,"ptb":142.0,"sat":0,"light":"blue","gain":"16x"}
23:48:46.612  {"type":"live","t":54572,"c":0,"r":0,"g":0,"b":0,"pta":142.0,"ptb":142.0,"sat":0,"light":"blue","gain":"16x"}
23:48:46.613  {"type":"live","t":54973,"c":0,"r":0,"g":0,"b":0,"pta":142.0,"ptb":142.0,"sat":0,"light":"blue","gain":"16x"}
23:48:46.613  {"type":"live","t":55374,"c":0,"r":0,"g":0,"b":0,"pta":142.0,"ptb":142.0,"sat":0,"light":"blue","gain":"16x"}
23:48:47.600  {"type":"live","t":55775,"c":0,"r":0,"g":0,"b":0,"pta":142.0,"ptb":142.0,"sat":0,"light":"blue","gain":"16x"}
23:48:47.600  {"type":"live","t":56176,"c":0,"r":0,"g":0,"b":0,"pta":142.0,"ptb":142.0,"sat":0,"light":"blue","gain":"16x"}
23:48:48.405  {"type":"live","t":56577,"c":0,"r":0,"g":0,"b":0,"pta":142.0,"ptb":142.0,"sat":0,"light":"blue","gain":"16x"}
23:48:48.405  {"type":"live","t":56978,"c":0,"r":0,"g":0,"b":0,"pta":142.0,"ptb":142.0,"sat":0,"light":"blue","gain":"16x"}
23:48:49.210  {"type":"live","t":57379,"c":0,"r":0,"g":0,"b":0,"pta":142.0,"ptb":142.0,"sat":0,"light":"blue","gain":"16x"}
23:48:49.210  {"type":"live","t":57780,"c":0,"r":0,"g":0,"b":0,"pta":142.0,"ptb":142.0,"sat":0,"light":"blue","gain":"16x"}
23:48:50.214  {"type":"live","t":58181,"c":0,"r":0,"g":0,"b":0,"pta":142.0,"ptb":142.0,"sat":0,"light":"blue","gain":"16x"}
23:48:50.215  {"type":"live","t":58582,"c":0,"r":0,"g":0,"b":0,"pta":142.0,"ptb":142.0,"sat":0,"light":"blue","gain":"16x"}
23:48:50.215  {"type":"live","t":58983,"c":0,"r":0,"g":0,"b":0,"pta":142.0,"ptb":142.0,"sat":0,"light":"blue","gain":"16x"}
23:48:51.209  {"type":"live","t":59384,"c":0,"r":0,"g":0,"b":0,"pta":142.0,"ptb":142.0,"sat":0,"light":"blue","gain":"16x"}
23:48:51.209  {"type":"live","t":59785,"c":0,"r":0,"g":0,"b":0,"pta":142.0,"ptb":142.0,"sat":0,"light":"blue","gain":"16x"}
23:48:52.014  {"type":"live","t":60186,"c":0,"r":0,"g":0,"b":0,"pta":142.0,"ptb":142.0,"sat":0,"light":"blue","gain":"16x"}
23:48:52.014  {"type":"live","t":60587,"c":0,"r":0,"g":0,"b":0,"pta":142.0,"ptb":142.0,"sat":0,"light":"blue","gain":"16x"}
23:48:52.819  {"type":"live","t":60988,"c":0,"r":0,"g":0,"b":0,"pta":142.0,"ptb":142.0,"sat":0,"light":"blue","gain":"16x"}
23:48:52.819  {"type":"live","t":61389,"c":0,"r":0,"g":0,"b":0,"pta":142.0,"ptb":142.0,"sat":0,"light":"blue","gain":"16x"}
23:48:53.826  {"type":"live","t":61790,"c":0,"r":0,"g":0,"b":0,"pta":142.0,"ptb":142.0,"sat":0,"light":"blue","gain":"16x"}
23:48:53.827  {"type":"live","t":62191,"c":0,"r":0,"g":0,"b":0,"pta":142.0,"ptb":142.0,"sat":0,"light":"blue","gain":"16x"}
23:48:53.827  {"type":"live","t":62592,"c":0,"r":0,"g":0,"b":0,"pta":142.0,"ptb":142.0,"sat":0,"light":"blue","gain":"16x"}
23:48:54.818  {"type":"live","t":62993,"c":0,"r":0,"g":0,"b":0,"pta":142.0,"ptb":142.0,"sat":0,"light":"blue","gain":"16x"}
23:48:54.818  {"type":"live","t":63394,"c":0,"r":0,"g":0,"b":0,"pta":142.0,"ptb":142.0,"sat":0,"light":"blue","gain":"16x"}
23:48:55.623  {"type":"live","t":63795,"c":0,"r":0,"g":0,"b":0,"pta":142.0,"ptb":142.0,"sat":0,"light":"blue","gain":"16x"}
23:48:55.623  {"type":"live","t":64196,"c":0,"r":0,"g":0,"b":0,"pta":142.0,"ptb":142.0,"sat":0,"light":"blue","gain":"16x"}
23:48:56.428  {"type":"live","t":64597,"c":0,"r":0,"g":0,"b":0,"pta":142.0,"ptb":142.0,"sat":0,"light":"blue","gain":"16x"}
23:48:56.428  {"type":"live","t":64998,"c":0,"r":0,"g":0,"b":0,"pta":142.0,"ptb":142.0,"sat":0,"light":"blue","gain":"16x"}
23:48:57.442  {"type":"live","t":65399,"c":0,"r":0,"g":0,"b":0,"pta":142.0,"ptb":142.0,"sat":0,"light":"blue","gain":"16x"}
23:48:57.443  {"type":"live","t":65800,"c":0,"r":0,"g":0,"b":0,"pta":142.0,"ptb":142.0,"sat":0,"light":"blue","gain":"16x"}
23:48:57.443  {"type":"live","t":66201,"c":0,"r":0,"g":0,"b":0,"pta":142.0,"ptb":142.0,"sat":0,"light":"blue","gain":"16x"}
23:48:58.427  {"type":"live","t":66602,"c":0,"r":0,"g":0,"b":0,"pta":142.0,"ptb":142.0,"sat":0,"light":"blue","gain":"16x"}
23:48:58.427  {"type":"live","t":67003,"c":0,"r":0,"g":0,"b":0,"pta":142.0,"ptb":142.0,"sat":0,"light":"blue","gain":"16x"}
23:48:59.232  {"type":"live","t":67404,"c":0,"r":0,"g":0,"b":0,"pta":142.0,"ptb":142.0,"sat":0,"light":"blue","gain":"16x"}
23:48:59.232  {"type":"live","t":67805,"c":0,"r":0,"g":0,"b":0,"pta":142.0,"ptb":142.0,"sat":0,"light":"blue","gain":"16x"}
23:49:00.037  {"type":"live","t":68206,"c":0,"r":0,"g":0,"b":0,"pta":142.0,"ptb":142.0,"sat":0,"light":"blue","gain":"16x"}
23:49:00.038  {"type":"live","t":68607,"c":0,"r":0,"g":0,"b":0,"pta":142.0,"ptb":142.0,"sat":0,"light":"blue","gain":"16x"}
23:49:01.043  {"type":"live","t":69008,"c":0,"r":0,"g":0,"b":0,"pta":142.0,"ptb":142.0,"sat":0,"light":"blue","gain":"16x"}
23:49:01.044  {"type":"live","t":69409,"c":0,"r":0,"g":0,"b":0,"pta":142.0,"ptb":142.0,"sat":0,"light":"blue","gain":"16x"}
23:49:01.044  {"type":"live","t":69810,"c":0,"r":0,"g":0,"b":0,"pta":142.0,"ptb":142.0,"sat":0,"light":"blue","gain":"16x"}
23:49:02.035  {"type":"live","t":70211,"c":0,"r":0,"g":0,"b":0,"pta":142.0,"ptb":142.0,"sat":0,"light":"blue","gain":"16x"}
23:49:02.035  {"type":"live","t":70612,"c":0,"r":0,"g":0,"b":0,"pta":142.0,"ptb":142.0,"sat":0,"light":"blue","gain":"16x"}
23:49:02.841  {"type":"live","t":71013,"c":0,"r":0,"g":0,"b":0,"pta":142.0,"ptb":142.0,"sat":0,"light":"blue","gain":"16x"}
23:49:02.841  {"type":"live","t":71414,"c":0,"r":0,"g":0,"b":0,"pta":142.0,"ptb":142.0,"sat":0,"light":"blue","gain":"16x"}
23:49:03.646  {"type":"live","t":71815,"c":0,"r":0,"g":0,"b":0,"pta":142.0,"ptb":142.0,"sat":0,"light":"blue","gain":"16x"}
23:49:03.646  {"type":"live","t":72216,"c":0,"r":0,"g":0,"b":0,"pta":142.0,"ptb":142.0,"sat":0,"light":"blue","gain":"16x"}
23:49:04.658  {"type":"live","t":72617,"c":0,"r":0,"g":0,"b":0,"pta":142.0,"ptb":142.0,"sat":0,"light":"blue","gain":"16x"}
23:49:04.658  {"type":"live","t":73018,"c":0,"r":0,"g":0,"b":0,"pta":142.0,"ptb":142.0,"sat":0,"light":"blue","gain":"16x"}
23:49:04.659  {"type":"live","t":73419,"c":0,"r":0,"g":0,"b":0,"pta":142.0,"ptb":142.0,"sat":0,"light":"blue","gain":"16x"}
23:49:05.644  {"type":"live","t":73820,"c":0,"r":0,"g":0,"b":0,"pta":142.0,"ptb":142.0,"sat":0,"light":"blue","gain":"16x"}
23:49:05.644  {"type":"live","t":74221,"c":0,"r":0,"g":0,"b":0,"pta":142.0,"ptb":142.0,"sat":0,"light":"blue","gain":"16x"}
23:49:06.450  {"type":"live","t":74622,"c":0,"r":0,"g":0,"b":0,"pta":142.0,"ptb":142.0,"sat":0,"light":"blue","gain":"16x"}
23:49:06.450  {"type":"live","t":75023,"c":0,"r":0,"g":0,"b":0,"pta":142.0,"ptb":142.0,"sat":0,"light":"blue","gain":"16x"}
23:49:07.255  {"type":"live","t":75424,"c":0,"r":0,"g":0,"b":0,"pta":142.0,"ptb":142.0,"sat":0,"light":"blue","gain":"16x"}
23:49:07.255  {"type":"live","t":75825,"c":0,"r":0,"g":0,"b":0,"pta":142.0,"ptb":142.0,"sat":0,"light":"blue","gain":"16x"}
23:49:08.262  {"type":"live","t":76226,"c":0,"r":0,"g":0,"b":0,"pta":142.0,"ptb":142.0,"sat":0,"light":"blue","gain":"16x"}
23:49:08.262  {"type":"live","t":76627,"c":0,"r":0,"g":0,"b":0,"pta":142.0,"ptb":142.0,"sat":0,"light":"blue","gain":"16x"}
23:49:08.262  {"type":"live","t":77028,"c":0,"r":0,"g":0,"b":0,"pta":142.0,"ptb":142.0,"sat":0,"light":"blue","gain":"16x"}
23:49:09.253  {"type":"live","t":77429,"c":0,"r":0,"g":0,"b":0,"pta":142.0,"ptb":142.0,"sat":0,"light":"blue","gain":"16x"}
23:49:09.253  {"type":"live","t":77830,"c":0,"r":0,"g":0,"b":0,"pta":142.0,"ptb":142.0,"sat":0,"light":"blue","gain":"16x"}
23:49:10.058  {"type":"live","t":78231,"c":0,"r":0,"g":0,"b":0,"pta":142.0,"ptb":142.0,"sat":0,"light":"blue","gain":"16x"}
23:49:10.058  {"type":"live","t":78632,"c":0,"r":0,"g":0,"b":0,"pta":142.0,"ptb":142.0,"sat":0,"light":"blue","gain":"16x"}
23:49:10.864  {"type":"live","t":79033,"c":0,"r":0,"g":0,"b":0,"pta":142.0,"ptb":142.0,"sat":0,"light":"blue","gain":"16x"}
23:49:10.864  {"type":"live","t":79434,"c":0,"r":0,"g":0,"b":0,"pta":142.0,"ptb":142.0,"sat":0,"light":"blue","gain":"16x"}
23:49:11.872  {"type":"live","t":79835,"c":0,"r":0,"g":0,"b":0,"pta":142.0,"ptb":142.0,"sat":0,"light":"blue","gain":"16x"}
23:49:11.872  {"type":"live","t":80236,"c":0,"r":0,"g":0,"b":0,"pta":142.0,"ptb":142.0,"sat":0,"light":"blue","gain":"16x"}
23:49:11.873  {"type":"live","t":80637,"c":0,"r":0,"g":0,"b":0,"pta":142.0,"ptb":142.0,"sat":0,"light":"blue","gain":"16x"}
23:49:12.862  {"type":"live","t":81038,"c":0,"r":0,"g":0,"b":0,"pta":142.0,"ptb":142.0,"sat":0,"light":"blue","gain":"16x"}
23:49:12.862  {"type":"live","t":81439,"c":0,"r":0,"g":0,"b":0,"pta":142.0,"ptb":142.0,"sat":0,"light":"blue","gain":"16x"}
23:49:13.667  {"type":"live","t":81840,"c":0,"r":0,"g":0,"b":0,"pta":142.0,"ptb":142.0,"sat":0,"light":"blue","gain":"16x"}
23:49:13.667  {"type":"live","t":82241,"c":0,"r":0,"g":0,"b":0,"pta":142.0,"ptb":142.0,"sat":0,"light":"blue","gain":"16x"}
23:49:14.473  {"type":"live","t":82642,"c":0,"r":0,"g":0,"b":0,"pta":142.0,"ptb":142.0,"sat":0,"light":"blue","gain":"16x"}
23:49:14.473  {"type":"live","t":83043,"c":0,"r":0,"g":0,"b":0,"pta":142.0,"ptb":142.0,"sat":0,"light":"blue","gain":"16x"}
23:49:15.476  {"type":"live","t":83444,"c":0,"r":0,"g":0,"b":0,"pta":142.0,"ptb":142.0,"sat":0,"light":"blue","gain":"16x"}
23:49:15.476  {"type":"live","t":83845,"c":0,"r":0,"g":0,"b":0,"pta":142.0,"ptb":142.0,"sat":0,"light":"blue","gain":"16x"}
23:49:15.476  {"type":"live","t":84246,"c":0,"r":0,"g":0,"b":0,"pta":142.0,"ptb":142.0,"sat":0,"light":"blue","gain":"16x"}
23:49:16.471  {"type":"live","t":84647,"c":0,"r":0,"g":0,"b":0,"pta":142.0,"ptb":142.0,"sat":0,"light":"blue","gain":"16x"}
23:49:16.471  {"type":"live","t":85048,"c":0,"r":0,"g":0,"b":0,"pta":142.0,"ptb":142.0,"sat":0,"light":"blue","gain":"16x"}
23:49:17.276  {"type":"live","t":85449,"c":0,"r":0,"g":0,"b":0,"pta":142.0,"ptb":142.0,"sat":0,"light":"blue","gain":"16x"}
23:49:17.276  {"type":"live","t":85850,"c":0,"r":0,"g":0,"b":0,"pta":142.0,"ptb":142.0,"sat":0,"light":"blue","gain":"16x"}
23:49:18.081  {"type":"live","t":86251,"c":0,"r":0,"g":0,"b":0,"pta":142.0,"ptb":142.0,"sat":0,"light":"blue","gain":"16x"}
23:49:18.081  {"type":"live","t":86652,"c":0,"r":0,"g":0,"b":0,"pta":142.0,"ptb":142.0,"sat":0,"light":"blue","gain":"16x"}
23:49:19.097  {"type":"live","t":87053,"c":0,"r":0,"g":0,"b":0,"pta":142.0,"ptb":142.0,"sat":0,"light":"blue","gain":"16x"}
23:49:19.098  {"type":"live","t":87454,"c":0,"r":0,"g":0,"b":0,"pta":142.0,"ptb":142.0,"sat":0,"light":"blue","gain":"16x"}
23:49:19.098  {"type":"live","t":87855,"c":0,"r":0,"g":0,"b":0,"pta":142.0,"ptb":142.0,"sat":0,"light":"blue","gain":"16x"}
23:49:20.080  {"type":"live","t":88256,"c":0,"r":0,"g":0,"b":0,"pta":142.0,"ptb":142.0,"sat":0,"light":"blue","gain":"16x"}
23:49:20.080  {"type":"live","t":88657,"c":0,"r":0,"g":0,"b":0,"pta":142.0,"ptb":142.0,"sat":0,"light":"blue","gain":"16x"}
23:49:20.885  {"type":"live","t":89058,"c":0,"r":0,"g":0,"b":0,"pta":142.0,"ptb":142.0,"sat":0,"light":"blue","gain":"16x"}
23:49:20.885  {"type":"live","t":89459,"c":0,"r":0,"g":0,"b":0,"pta":142.0,"ptb":142.0,"sat":0,"light":"blue","gain":"16x"}
23:49:21.690  {"type":"live","t":89860,"c":0,"r":0,"g":0,"b":0,"pta":142.0,"ptb":142.0,"sat":0,"light":"blue","gain":"16x"}
23:49:21.690  {"type":"live","t":90261,"c":0,"r":0,"g":0,"b":0,"pta":142.0,"ptb":142.0,"sat":0,"light":"blue","gain":"16x"}
23:49:22.698  {"type":"live","t":90662,"c":0,"r":0,"g":0,"b":0,"pta":142.0,"ptb":142.0,"sat":0,"light":"blue","gain":"16x"}
23:49:22.699  {"type":"live","t":91063,"c":0,"r":0,"g":0,"b":0,"pta":142.0,"ptb":142.0,"sat":0,"light":"blue","gain":"16x"}
23:49:22.699  {"type":"live","t":91464,"c":0,"r":0,"g":0,"b":0,"pta":142.0,"ptb":142.0,"sat":0,"light":"blue","gain":"16x"}
23:49:23.689  {"type":"live","t":91865,"c":0,"r":0,"g":0,"b":0,"pta":142.0,"ptb":142.0,"sat":0,"light":"blue","gain":"16x"}
23:49:23.689  {"type":"live","t":92266,"c":0,"r":0,"g":0,"b":0,"pta":142.0,"ptb":142.0,"sat":0,"light":"blue","gain":"16x"}
23:49:24.494  {"type":"live","t":92667,"c":0,"r":0,"g":0,"b":0,"pta":142.0,"ptb":142.0,"sat":0,"light":"blue","gain":"16x"}
23:49:24.494  {"type":"live","t":93068,"c":0,"r":0,"g":0,"b":0,"pta":142.0,"ptb":142.0,"sat":0,"light":"blue","gain":"16x"}
23:49:25.299  {"type":"live","t":93469,"c":0,"r":0,"g":0,"b":0,"pta":142.0,"ptb":142.0,"sat":0,"light":"blue","gain":"16x"}
23:49:25.299  {"type":"live","t":93870,"c":0,"r":0,"g":0,"b":0,"pta":142.0,"ptb":142.0,"sat":0,"light":"blue","gain":"16x"}
23:49:26.310  {"type":"live","t":94271,"c":0,"r":0,"g":0,"b":0,"pta":142.0,"ptb":142.0,"sat":0,"light":"blue","gain":"16x"}
23:49:26.310  {"type":"live","t":94672,"c":0,"r":0,"g":0,"b":0,"pta":142.0,"ptb":142.0,"sat":0,"light":"blue","gain":"16x"}
23:49:26.311  {"type":"live","t":95073,"c":0,"r":0,"g":0,"b":0,"pta":142.0,"ptb":142.0,"sat":0,"light":"blue","gain":"16x"}
23:49:27.298  {"type":"live","t":95474,"c":0,"r":0,"g":0,"b":0,"pta":142.0,"ptb":142.0,"sat":0,"light":"blue","gain":"16x"}
23:49:27.298  {"type":"live","t":95875,"c":0,"r":0,"g":0,"b":0,"pta":142.0,"ptb":142.0,"sat":0,"light":"blue","gain":"16x"}
23:49:28.103  {"type":"live","t":96276,"c":0,"r":0,"g":0,"b":0,"pta":142.0,"ptb":142.0,"sat":0,"light":"blue","gain":"16x"}
23:49:28.103  {"type":"live","t":96677,"c":0,"r":0,"g":0,"b":0,"pta":142.0,"ptb":142.0,"sat":0,"light":"blue","gain":"16x"}
23:49:28.908  {"type":"live","t":97078,"c":0,"r":0,"g":0,"b":0,"pta":142.0,"ptb":142.0,"sat":0,"light":"blue","gain":"16x"}
23:49:28.908  {"type":"live","t":97479,"c":0,"r":0,"g":0,"b":0,"pta":142.0,"ptb":142.0,"sat":0,"light":"blue","gain":"16x"}
23:49:29.909  {"type":"live","t":97880,"c":0,"r":0,"g":0,"b":0,"pta":142.0,"ptb":142.0,"sat":0,"light":"blue","gain":"16x"}
23:49:29.910  {"type":"live","t":98281,"c":0,"r":0,"g":0,"b":0,"pta":142.0,"ptb":142.0,"sat":0,"light":"blue","gain":"16x"}
23:49:29.910  {"type":"live","t":98682,"c":0,"r":0,"g":0,"b":0,"pta":142.0,"ptb":142.0,"sat":0,"light":"blue","gain":"16x"}
23:49:30.907  {"type":"live","t":99083,"c":0,"r":0,"g":0,"b":0,"pta":142.0,"ptb":142.0,"sat":0,"light":"blue","gain":"16x"}
23:49:30.907  {"type":"live","t":99484,"c":0,"r":0,"g":0,"b":0,"pta":142.0,"ptb":142.0,"sat":0,"light":"blue","gain":"16x"}
23:49:31.712  {"type":"live","t":99885,"c":0,"r":0,"g":0,"b":0,"pta":142.0,"ptb":142.0,"sat":0,"light":"blue","gain":"16x"}
23:49:31.712  {"type":"live","t":100286,"c":0,"r":0,"g":0,"b":0,"pta":142.0,"ptb":142.0,"sat":0,"light":"blue","gain":"16x"}
23:49:32.517  {"type":"live","t":100687,"c":0,"r":0,"g":0,"b":0,"pta":142.0,"ptb":142.0,"sat":0,"light":"blue","gain":"16x"}
23:49:32.517  {"type":"live","t":101088,"c":0,"r":0,"g":0,"b":0,"pta":142.0,"ptb":142.0,"sat":0,"light":"blue","gain":"16x"}
23:49:33.522  {"type":"live","t":101489,"c":0,"r":0,"g":0,"b":0,"pta":142.0,"ptb":142.0,"sat":0,"light":"blue","gain":"16x"}
23:49:33.522  {"type":"live","t":101890,"c":0,"r":0,"g":0,"b":0,"pta":142.0,"ptb":142.0,"sat":0,"light":"blue","gain":"16x"}
23:49:33.523  {"type":"live","t":102291,"c":0,"r":0,"g":0,"b":0,"pta":142.0,"ptb":142.0,"sat":0,"light":"blue","gain":"16x"}
23:49:34.516  {"type":"live","t":102692,"c":0,"r":0,"g":0,"b":0,"pta":142.0,"ptb":142.0,"sat":0,"light":"blue","gain":"16x"}
23:49:34.517  {"type":"live","t":103093,"c":0,"r":0,"g":0,"b":0,"pta":142.0,"ptb":142.0,"sat":0,"light":"blue","gain":"16x"}
23:49:35.321  {"type":"live","t":103494,"c":0,"r":0,"g":0,"b":0,"pta":142.0,"ptb":142.0,"sat":0,"light":"blue","gain":"16x"}
23:49:35.321  {"type":"live","t":103895,"c":0,"r":0,"g":0,"b":0,"pta":142.0,"ptb":142.0,"sat":0,"light":"blue","gain":"16x"}
23:49:36.126  {"type":"live","t":104296,"c":0,"r":0,"g":0,"b":0,"pta":142.0,"ptb":142.0,"sat":0,"light":"blue","gain":"16x"}
23:49:36.126  {"type":"live","t":104697,"c":0,"r":0,"g":0,"b":0,"pta":142.0,"ptb":142.0,"sat":0,"light":"blue","gain":"16x"}
23:49:37.134  {"type":"live","t":105098,"c":0,"r":0,"g":0,"b":0,"pta":142.0,"ptb":142.0,"sat":0,"light":"blue","gain":"16x"}
23:49:37.134  {"type":"live","t":105499,"c":0,"r":0,"g":0,"b":0,"pta":142.0,"ptb":142.0,"sat":0,"light":"blue","gain":"16x"}
23:49:37.135  {"type":"live","t":105900,"c":0,"r":0,"g":0,"b":0,"pta":142.0,"ptb":142.0,"sat":0,"light":"blue","gain":"16x"}
23:49:38.125  {"type":"live","t":106301,"c":0,"r":0,"g":0,"b":0,"pta":142.0,"ptb":142.0,"sat":0,"light":"blue","gain":"16x"}
23:49:38.125  {"type":"live","t":106702,"c":0,"r":0,"g":0,"b":0,"pta":142.0,"ptb":142.0,"sat":0,"light":"blue","gain":"16x"}
23:49:38.930  {"type":"live","t":107103,"c":0,"r":0,"g":0,"b":0,"pta":142.0,"ptb":142.0,"sat":0,"light":"blue","gain":"16x"}
23:49:38.930  {"type":"live","t":107504,"c":0,"r":0,"g":0,"b":0,"pta":142.0,"ptb":142.0,"sat":0,"light":"blue","gain":"16x"}
23:49:39.735  {"type":"live","t":107905,"c":0,"r":0,"g":0,"b":0,"pta":142.0,"ptb":142.0,"sat":0,"light":"blue","gain":"16x"}
23:49:39.735  {"type":"live","t":108306,"c":0,"r":0,"g":0,"b":0,"pta":142.0,"ptb":142.0,"sat":0,"light":"blue","gain":"16x"}
23:49:40.743  {"type":"live","t":108707,"c":0,"r":0,"g":0,"b":0,"pta":142.0,"ptb":142.0,"sat":0,"light":"blue","gain":"16x"}
23:49:40.743  {"type":"live","t":109108,"c":0,"r":0,"g":0,"b":0,"pta":142.0,"ptb":142.0,"sat":0,"light":"blue","gain":"16x"}
23:49:40.744  {"type":"live","t":109509,"c":0,"r":0,"g":0,"b":0,"pta":142.0,"ptb":142.0,"sat":0,"light":"blue","gain":"16x"}
23:49:41.734  {"type":"live","t":109910,"c":0,"r":0,"g":0,"b":0,"pta":142.0,"ptb":142.0,"sat":0,"light":"blue","gain":"16x"}
23:49:41.734  {"type":"live","t":110311,"c":0,"r":0,"g":0,"b":0,"pta":142.0,"ptb":142.0,"sat":0,"light":"blue","gain":"16x"}
23:49:42.539  {"type":"live","t":110712,"c":0,"r":0,"g":0,"b":0,"pta":142.0,"ptb":142.0,"sat":0,"light":"blue","gain":"16x"}
23:49:42.539  {"type":"live","t":111113,"c":0,"r":0,"g":0,"b":0,"pta":142.0,"ptb":142.0,"sat":0,"light":"blue","gain":"16x"}
23:49:43.344  {"type":"live","t":111514,"c":0,"r":0,"g":0,"b":0,"pta":142.0,"ptb":142.0,"sat":0,"light":"blue","gain":"16x"}
23:49:43.344  {"type":"live","t":111915,"c":0,"r":0,"g":0,"b":0,"pta":142.0,"ptb":142.0,"sat":0,"light":"blue","gain":"16x"}
23:49:44.360  {"type":"live","t":112316,"c":0,"r":0,"g":0,"b":0,"pta":142.0,"ptb":142.0,"sat":0,"light":"blue","gain":"16x"}
23:49:44.360  {"type":"live","t":112717,"c":0,"r":0,"g":0,"b":0,"pta":142.0,"ptb":142.0,"sat":0,"light":"blue","gain":"16x"}
23:49:44.361  {"type":"live","t":113118,"c":0,"r":0,"g":0,"b":0,"pta":142.0,"ptb":142.0,"sat":0,"light":"blue","gain":"16x"}
23:49:45.343  {"type":"live","t":113519,"c":0,"r":0,"g":0,"b":0,"pta":142.0,"ptb":142.0,"sat":0,"light":"blue","gain":"16x"}
23:49:45.343  {"type":"live","t":113920,"c":0,"r":0,"g":0,"b":0,"pta":142.0,"ptb":142.0,"sat":0,"light":"blue","gain":"16x"}
23:49:46.148  {"type":"live","t":114321,"c":0,"r":0,"g":0,"b":0,"pta":142.0,"ptb":142.0,"sat":0,"light":"blue","gain":"16x"}
23:49:46.148  {"type":"live","t":114722,"c":0,"r":0,"g":0,"b":0,"pta":142.0,"ptb":142.0,"sat":0,"light":"blue","gain":"16x"}
23:49:46.953  {"type":"live","t":115123,"c":0,"r":0,"g":0,"b":0,"pta":142.0,"ptb":142.0,"sat":0,"light":"blue","gain":"16x"}
23:49:46.953  {"type":"live","t":115524,"c":0,"r":0,"g":0,"b":0,"pta":142.0,"ptb":142.0,"sat":0,"light":"blue","gain":"16x"}
23:49:47.963  {"type":"live","t":115925,"c":0,"r":0,"g":0,"b":0,"pta":142.0,"ptb":142.0,"sat":0,"light":"blue","gain":"16x"}
23:49:47.963  {"type":"live","t":116326,"c":0,"r":0,"g":0,"b":0,"pta":142.0,"ptb":142.0,"sat":0,"light":"blue","gain":"16x"}
23:49:47.964  {"type":"live","t":116727,"c":0,"r":0,"g":0,"b":0,"pta":142.0,"ptb":142.0,"sat":0,"light":"blue","gain":"16x"}
23:49:48.952  {"type":"live","t":117128,"c":0,"r":0,"g":0,"b":0,"pta":142.0,"ptb":142.0,"sat":0,"light":"blue","gain":"16x"}
23:49:48.952  {"type":"live","t":117529,"c":0,"r":0,"g":0,"b":0,"pta":142.0,"ptb":142.0,"sat":0,"light":"blue","gain":"16x"}
23:49:49.756  {"type":"live","t":117930,"c":0,"r":0,"g":0,"b":0,"pta":142.0,"ptb":142.0,"sat":0,"light":"blue","gain":"16x"}
23:49:49.756  {"type":"live","t":118331,"c":0,"r":0,"g":0,"b":0,"pta":142.0,"ptb":142.0,"sat":0,"light":"blue","gain":"16x"}
23:49:50.561  {"type":"live","t":118732,"c":0,"r":0,"g":0,"b":0,"pta":142.0,"ptb":142.0,"sat":0,"light":"blue","gain":"16x"}
23:49:50.561  {"type":"live","t":119133,"c":0,"r":0,"g":0,"b":0,"pta":142.0,"ptb":142.0,"sat":0,"light":"blue","gain":"16x"}
23:49:51.573  {"type":"live","t":119534,"c":0,"r":0,"g":0,"b":0,"pta":142.0,"ptb":142.0,"sat":0,"light":"blue","gain":"16x"}
23:49:51.573  {"type":"live","t":119935,"c":0,"r":0,"g":0,"b":0,"pta":142.0,"ptb":142.0,"sat":0,"light":"blue","gain":"16x"}
23:49:51.573  {"type":"live","t":120336,"c":0,"r":0,"g":0,"b":0,"pta":142.0,"ptb":142.0,"sat":0,"light":"blue","gain":"16x"}
23:49:52.561  {"type":"live","t":120737,"c":0,"r":0,"g":0,"b":0,"pta":142.0,"ptb":142.0,"sat":0,"light":"blue","gain":"16x"}
23:49:52.561  {"type":"live","t":121138,"c":0,"r":0,"g":0,"b":0,"pta":142.0,"ptb":142.0,"sat":0,"light":"blue","gain":"16x"}
23:49:53.365  {"type":"live","t":121539,"c":0,"r":0,"g":0,"b":0,"pta":142.0,"ptb":142.0,"sat":0,"light":"blue","gain":"16x"}
23:49:53.365  {"type":"live","t":121940,"c":0,"r":0,"g":0,"b":0,"pta":142.0,"ptb":142.0,"sat":0,"light":"blue","gain":"16x"}
23:49:54.170  {"type":"live","t":122341,"c":0,"r":0,"g":0,"b":0,"pta":142.0,"ptb":142.0,"sat":0,"light":"blue","gain":"16x"}
23:49:54.170  {"type":"live","t":122742,"c":0,"r":0,"g":0,"b":0,"pta":142.0,"ptb":142.0,"sat":0,"light":"blue","gain":"16x"}
23:49:55.181  {"type":"live","t":123143,"c":0,"r":0,"g":0,"b":0,"pta":142.0,"ptb":142.0,"sat":0,"light":"blue","gain":"16x"}
23:49:55.182  {"type":"live","t":123544,"c":0,"r":0,"g":0,"b":0,"pta":142.0,"ptb":142.0,"sat":0,"light":"blue","gain":"16x"}
23:49:55.182  {"type":"live","t":123945,"c":0,"r":0,"g":0,"b":0,"pta":142.0,"ptb":142.0,"sat":0,"light":"blue","gain":"16x"}
23:49:56.169  {"type":"live","t":124346,"c":0,"r":0,"g":0,"b":0,"pta":142.0,"ptb":142.0,"sat":0,"light":"blue","gain":"16x"}
23:49:56.169  {"type":"live","t":124747,"c":0,"r":0,"g":0,"b":0,"pta":142.0,"ptb":142.0,"sat":0,"light":"blue","gain":"16x"}
23:49:56.974  {"type":"live","t":125148,"c":0,"r":0,"g":0,"b":0,"pta":142.0,"ptb":142.0,"sat":0,"light":"blue","gain":"16x"}
23:49:56.974  {"type":"live","t":125549,"c":0,"r":0,"g":0,"b":0,"pta":142.0,"ptb":142.0,"sat":0,"light":"blue","gain":"16x"}
23:49:57.779  {"type":"live","t":125950,"c":0,"r":0,"g":0,"b":0,"pta":142.0,"ptb":142.0,"sat":0,"light":"blue","gain":"16x"}
23:49:57.779  {"type":"live","t":126351,"c":0,"r":0,"g":0,"b":0,"pta":142.0,"ptb":142.0,"sat":0,"light":"blue","gain":"16x"}
23:49:58.793  {"type":"live","t":126752,"c":0,"r":0,"g":0,"b":0,"pta":142.0,"ptb":142.0,"sat":0,"light":"blue","gain":"16x"}
23:49:58.793  {"type":"live","t":127153,"c":0,"r":0,"g":0,"b":0,"pta":142.0,"ptb":142.0,"sat":0,"light":"blue","gain":"16x"}
23:49:58.794  {"type":"live","t":127554,"c":0,"r":0,"g":0,"b":0,"pta":142.0,"ptb":142.0,"sat":0,"light":"blue","gain":"16x"}
23:49:59.778  {"type":"live","t":127955,"c":0,"r":0,"g":0,"b":0,"pta":142.0,"ptb":142.0,"sat":0,"light":"blue","gain":"16x"}
23:49:59.778  {"type":"live","t":128356,"c":0,"r":0,"g":0,"b":0,"pta":142.0,"ptb":142.0,"sat":0,"light":"blue","gain":"16x"}
23:50:00.583  {"type":"live","t":128757,"c":0,"r":0,"g":0,"b":0,"pta":142.0,"ptb":142.0,"sat":0,"light":"blue","gain":"16x"}
23:50:00.583  {"type":"live","t":129158,"c":0,"r":0,"g":0,"b":0,"pta":142.0,"ptb":142.0,"sat":0,"light":"blue","gain":"16x"}
23:50:01.388  {"type":"live","t":129559,"c":0,"r":0,"g":0,"b":0,"pta":142.0,"ptb":142.0,"sat":0,"light":"blue","gain":"16x"}
23:50:01.388  {"type":"live","t":129960,"c":0,"r":0,"g":0,"b":0,"pta":142.0,"ptb":142.0,"sat":0,"light":"blue","gain":"16x"}
23:50:02.403  {"type":"live","t":130361,"c":0,"r":0,"g":0,"b":0,"pta":142.0,"ptb":142.0,"sat":0,"light":"blue","gain":"16x"}
23:50:02.403  {"type":"live","t":130762,"c":0,"r":0,"g":0,"b":0,"pta":142.0,"ptb":142.0,"sat":0,"light":"blue","gain":"16x"}
23:50:02.404  {"type":"live","t":131163,"c":0,"r":0,"g":0,"b":0,"pta":142.0,"ptb":142.0,"sat":0,"light":"blue","gain":"16x"}
23:50:03.387  {"type":"live","t":131564,"c":0,"r":0,"g":0,"b":0,"pta":142.0,"ptb":142.0,"sat":0,"light":"blue","gain":"16x"}
23:50:03.387  {"type":"live","t":131965,"c":0,"r":0,"g":0,"b":0,"pta":142.0,"ptb":142.0,"sat":0,"light":"blue","gain":"16x"}
23:50:04.192  {"type":"live","t":132366,"c":0,"r":0,"g":0,"b":0,"pta":142.0,"ptb":142.0,"sat":0,"light":"blue","gain":"16x"}
23:50:04.192  {"type":"live","t":132767,"c":0,"r":0,"g":0,"b":0,"pta":142.0,"ptb":142.0,"sat":0,"light":"blue","gain":"16x"}
23:50:04.997  {"type":"live","t":133168,"c":0,"r":0,"g":0,"b":0,"pta":142.0,"ptb":142.0,"sat":0,"light":"blue","gain":"16x"}
23:50:04.997  {"type":"live","t":133569,"c":0,"r":0,"g":0,"b":0,"pta":142.0,"ptb":142.0,"sat":0,"light":"blue","gain":"16x"}
23:50:06.003  {"type":"live","t":133970,"c":0,"r":0,"g":0,"b":0,"pta":142.0,"ptb":142.0,"sat":0,"light":"blue","gain":"16x"}
23:50:06.004  {"type":"live","t":134371,"c":0,"r":0,"g":0,"b":0,"pta":142.0,"ptb":142.0,"sat":0,"light":"blue","gain":"16x"}
23:50:06.004  {"type":"live","t":134772,"c":0,"r":0,"g":0,"b":0,"pta":142.0,"ptb":142.0,"sat":0,"light":"blue","gain":"16x"}
23:50:06.996  {"type":"live","t":135173,"c":0,"r":0,"g":0,"b":0,"pta":142.0,"ptb":142.0,"sat":0,"light":"blue","gain":"16x"}
23:50:06.996  {"type":"live","t":135574,"c":0,"r":0,"g":0,"b":0,"pta":142.0,"ptb":142.0,"sat":0,"light":"blue","gain":"16x"}
23:50:07.801  {"type":"live","t":135975,"c":0,"r":0,"g":0,"b":0,"pta":142.0,"ptb":142.0,"sat":0,"light":"blue","gain":"16x"}
23:50:07.801  {"type":"live","t":136376,"c":0,"r":0,"g":0,"b":0,"pta":142.0,"ptb":142.0,"sat":0,"light":"blue","gain":"16x"}
23:50:08.606  {"type":"live","t":136777,"c":0,"r":0,"g":0,"b":0,"pta":142.0,"ptb":142.0,"sat":0,"light":"blue","gain":"16x"}
23:50:08.606  {"type":"live","t":137178,"c":0,"r":0,"g":0,"b":0,"pta":142.0,"ptb":142.0,"sat":0,"light":"blue","gain":"16x"}
23:50:09.621  {"type":"live","t":137579,"c":0,"r":0,"g":0,"b":0,"pta":142.0,"ptb":142.0,"sat":0,"light":"blue","gain":"16x"}
23:50:09.621  {"type":"live","t":137980,"c":0,"r":0,"g":0,"b":0,"pta":142.0,"ptb":142.0,"sat":0,"light":"blue","gain":"16x"}
23:50:09.622  {"type":"live","t":138381,"c":0,"r":0,"g":0,"b":0,"pta":142.0,"ptb":142.0,"sat":0,"light":"blue","gain":"16x"}
23:50:10.605  {"type":"live","t":138782,"c":0,"r":0,"g":0,"b":0,"pta":142.0,"ptb":142.0,"sat":0,"light":"blue","gain":"16x"}
23:50:10.605  {"type":"live","t":139183,"c":0,"r":0,"g":0,"b":0,"pta":142.0,"ptb":142.0,"sat":0,"light":"blue","gain":"16x"}
23:50:11.410  {"type":"live","t":139584,"c":0,"r":0,"g":0,"b":0,"pta":142.0,"ptb":142.0,"sat":0,"light":"blue","gain":"16x"}
23:50:11.410  {"type":"live","t":139985,"c":0,"r":0,"g":0,"b":0,"pta":142.0,"ptb":142.0,"sat":0,"light":"blue","gain":"16x"}
23:50:12.215  {"type":"live","t":140386,"c":0,"r":0,"g":0,"b":0,"pta":142.0,"ptb":142.0,"sat":0,"light":"blue","gain":"16x"}
23:50:12.215  {"type":"live","t":140787,"c":0,"r":0,"g":0,"b":0,"pta":142.0,"ptb":142.0,"sat":0,"light":"blue","gain":"16x"}
23:50:13.226  {"type":"live","t":141188,"c":0,"r":0,"g":0,"b":0,"pta":142.0,"ptb":142.0,"sat":0,"light":"blue","gain":"16x"}
23:50:13.227  {"type":"live","t":141589,"c":0,"r":0,"g":0,"b":0,"pta":142.0,"ptb":142.0,"sat":0,"light":"blue","gain":"16x"}
23:50:13.227  {"type":"live","t":141990,"c":0,"r":0,"g":0,"b":0,"pta":142.0,"ptb":142.0,"sat":0,"light":"blue","gain":"16x"}
23:50:14.214  {"type":"live","t":142391,"c":0,"r":0,"g":0,"b":0,"pta":142.0,"ptb":142.0,"sat":0,"light":"blue","gain":"16x"}
23:50:14.214  {"type":"live","t":142792,"c":0,"r":0,"g":0,"b":0,"pta":142.0,"ptb":142.0,"sat":0,"light":"blue","gain":"16x"}
23:50:15.019  {"type":"live","t":143193,"c":0,"r":0,"g":0,"b":0,"pta":142.0,"ptb":142.0,"sat":0,"light":"blue","gain":"16x"}
23:50:15.020  {"type":"live","t":143594,"c":0,"r":0,"g":0,"b":0,"pta":142.0,"ptb":142.0,"sat":0,"light":"blue","gain":"16x"}
23:50:15.824  {"type":"live","t":143995,"c":0,"r":0,"g":0,"b":0,"pta":142.0,"ptb":142.0,"sat":0,"light":"blue","gain":"16x"}
23:50:15.825  {"type":"live","t":144396,"c":0,"r":0,"g":0,"b":0,"pta":142.0,"ptb":142.0,"sat":0,"light":"blue","gain":"16x"}
23:50:16.832  {"type":"live","t":144797,"c":0,"r":0,"g":0,"b":0,"pta":142.0,"ptb":142.0,"sat":0,"light":"blue","gain":"16x"}
23:50:16.832  {"type":"live","t":145198,"c":0,"r":0,"g":0,"b":0,"pta":142.0,"ptb":142.0,"sat":0,"light":"blue","gain":"16x"}
23:50:16.833  {"type":"live","t":145599,"c":0,"r":0,"g":0,"b":0,"pta":142.0,"ptb":142.0,"sat":0,"light":"blue","gain":"16x"}
23:50:17.823  {"type":"live","t":146000,"c":0,"r":0,"g":0,"b":0,"pta":142.0,"ptb":142.0,"sat":0,"light":"blue","gain":"16x"}
23:50:17.823  {"type":"live","t":146401,"c":0,"r":0,"g":0,"b":0,"pta":142.0,"ptb":142.0,"sat":0,"light":"blue","gain":"16x"}
23:50:18.628  {"type":"live","t":146802,"c":0,"r":0,"g":0,"b":0,"pta":142.0,"ptb":142.0,"sat":0,"light":"blue","gain":"16x"}
23:50:18.628  {"type":"live","t":147203,"c":0,"r":0,"g":0,"b":0,"pta":142.0,"ptb":142.0,"sat":0,"light":"blue","gain":"16x"}
23:50:19.433  {"type":"live","t":147604,"c":0,"r":0,"g":0,"b":0,"pta":142.0,"ptb":142.0,"sat":0,"light":"blue","gain":"16x"}
23:50:19.433  {"type":"live","t":148005,"c":0,"r":0,"g":0,"b":0,"pta":142.0,"ptb":142.0,"sat":0,"light":"blue","gain":"16x"}
23:50:20.445  {"type":"live","t":148406,"c":0,"r":0,"g":0,"b":0,"pta":142.0,"ptb":142.0,"sat":0,"light":"blue","gain":"16x"}
23:50:20.446  {"type":"live","t":148807,"c":0,"r":0,"g":0,"b":0,"pta":142.0,"ptb":142.0,"sat":0,"light":"blue","gain":"16x"}
23:50:20.446  {"type":"live","t":149208,"c":0,"r":0,"g":0,"b":0,"pta":142.0,"ptb":142.0,"sat":0,"light":"blue","gain":"16x"}
23:50:21.432  {"type":"live","t":149609,"c":0,"r":0,"g":0,"b":0,"pta":142.0,"ptb":142.0,"sat":0,"light":"blue","gain":"16x"}
23:50:21.432  {"type":"live","t":150010,"c":0,"r":0,"g":0,"b":0,"pta":142.0,"ptb":142.0,"sat":0,"light":"blue","gain":"16x"}
23:50:22.237  {"type":"live","t":150411,"c":0,"r":0,"g":0,"b":0,"pta":142.0,"ptb":142.0,"sat":0,"light":"blue","gain":"16x"}
23:50:22.237  {"type":"live","t":150812,"c":0,"r":0,"g":0,"b":0,"pta":142.0,"ptb":142.0,"sat":0,"light":"blue","gain":"16x"}
23:50:23.042  {"type":"live","t":151213,"c":0,"r":0,"g":0,"b":0,"pta":142.0,"ptb":142.0,"sat":0,"light":"blue","gain":"16x"}
23:50:23.042  {"type":"live","t":151614,"c":0,"r":0,"g":0,"b":0,"pta":142.0,"ptb":142.0,"sat":0,"light":"blue","gain":"16x"}
23:50:24.054  {"type":"live","t":152015,"c":0,"r":0,"g":0,"b":0,"pta":142.0,"ptb":142.0,"sat":0,"light":"blue","gain":"16x"}
23:50:24.055  {"type":"live","t":152416,"c":0,"r":0,"g":0,"b":0,"pta":142.0,"ptb":142.0,"sat":0,"light":"blue","gain":"16x"}
23:50:24.055  {"type":"live","t":152817,"c":0,"r":0,"g":0,"b":0,"pta":142.0,"ptb":142.0,"sat":0,"light":"blue","gain":"16x"}
23:50:25.041  {"type":"live","t":153218,"c":0,"r":0,"g":0,"b":0,"pta":142.0,"ptb":142.0,"sat":0,"light":"blue","gain":"16x"}
23:50:25.041  {"type":"live","t":153619,"c":0,"r":0,"g":0,"b":0,"pta":142.0,"ptb":142.0,"sat":0,"light":"blue","gain":"16x"}
23:50:25.846  {"type":"live","t":154020,"c":0,"r":0,"g":0,"b":0,"pta":142.0,"ptb":142.0,"sat":0,"light":"blue","gain":"16x"}
23:50:25.846  {"type":"live","t":154421,"c":0,"r":0,"g":0,"b":0,"pta":142.0,"ptb":142.0,"sat":0,"light":"blue","gain":"16x"}
23:50:26.651  {"type":"live","t":154822,"c":0,"r":0,"g":0,"b":0,"pta":142.0,"ptb":142.0,"sat":0,"light":"blue","gain":"16x"}
23:50:26.651  {"type":"live","t":155223,"c":0,"r":0,"g":0,"b":0,"pta":142.0,"ptb":142.0,"sat":0,"light":"blue","gain":"16x"}
23:50:27.657  {"type":"live","t":155624,"c":0,"r":0,"g":0,"b":0,"pta":142.0,"ptb":142.0,"sat":0,"light":"blue","gain":"16x"}
23:50:27.657  {"type":"live","t":156025,"c":0,"r":0,"g":0,"b":0,"pta":142.0,"ptb":142.0,"sat":0,"light":"blue","gain":"16x"}
23:50:27.658  {"type":"live","t":156426,"c":0,"r":0,"g":0,"b":0,"pta":142.0,"ptb":142.0,"sat":0,"light":"blue","gain":"16x"}
23:50:28.650  {"type":"live","t":156827,"c":0,"r":0,"g":0,"b":0,"pta":142.0,"ptb":142.0,"sat":0,"light":"blue","gain":"16x"}
23:50:28.650  {"type":"live","t":157228,"c":0,"r":0,"g":0,"b":0,"pta":142.0,"ptb":142.0,"sat":0,"light":"blue","gain":"16x"}
23:50:29.455  {"type":"live","t":157629,"c":0,"r":0,"g":0,"b":0,"pta":142.0,"ptb":142.0,"sat":0,"light":"blue","gain":"16x"}
23:50:29.455  {"type":"live","t":158030,"c":0,"r":0,"g":0,"b":0,"pta":142.0,"ptb":142.0,"sat":0,"light":"blue","gain":"16x"}
23:50:30.260  {"type":"live","t":158431,"c":0,"r":0,"g":0,"b":0,"pta":142.0,"ptb":142.0,"sat":0,"light":"blue","gain":"16x"}
23:50:30.260  {"type":"live","t":158832,"c":0,"r":0,"g":0,"b":0,"pta":142.0,"ptb":142.0,"sat":0,"light":"blue","gain":"16x"}
23:50:31.270  {"type":"live","t":159233,"c":0,"r":0,"g":0,"b":0,"pta":142.0,"ptb":142.0,"sat":0,"light":"blue","gain":"16x"}
23:50:31.270  {"type":"live","t":159634,"c":0,"r":0,"g":0,"b":0,"pta":142.0,"ptb":142.0,"sat":0,"light":"blue","gain":"16x"}
23:50:31.271  {"type":"live","t":160035,"c":0,"r":0,"g":0,"b":0,"pta":142.0,"ptb":142.0,"sat":0,"light":"blue","gain":"16x"}
23:50:32.259  {"type":"live","t":160436,"c":0,"r":0,"g":0,"b":0,"pta":142.0,"ptb":142.0,"sat":0,"light":"blue","gain":"16x"}
23:50:32.259  {"type":"live","t":160837,"c":0,"r":0,"g":0,"b":0,"pta":142.0,"ptb":142.0,"sat":0,"light":"blue","gain":"16x"}
23:50:33.064  {"type":"live","t":161238,"c":0,"r":0,"g":0,"b":0,"pta":142.0,"ptb":142.0,"sat":0,"light":"blue","gain":"16x"}
23:50:33.064  {"type":"live","t":161639,"c":0,"r":0,"g":0,"b":0,"pta":142.0,"ptb":142.0,"sat":0,"light":"blue","gain":"16x"}
23:50:33.869  {"type":"live","t":162040,"c":0,"r":0,"g":0,"b":0,"pta":142.0,"ptb":142.0,"sat":0,"light":"blue","gain":"16x"}
23:50:33.869  {"type":"live","t":162441,"c":0,"r":0,"g":0,"b":0,"pta":142.0,"ptb":142.0,"sat":0,"light":"blue","gain":"16x"}
23:50:34.878  {"type":"live","t":162842,"c":0,"r":0,"g":0,"b":0,"pta":142.0,"ptb":142.0,"sat":0,"light":"blue","gain":"16x"}
23:50:34.889  {"type":"live","t":163243,"c":0,"r":0,"g":0,"b":0,"pta":142.0,"ptb":142.0,"sat":0,"light":"blue","gain":"16x"}
23:50:34.889  {"type":"live","t":163644,"c":0,"r":0,"g":0,"b":0,"pta":142.0,"ptb":142.0,"sat":0,"light":"blue","gain":"16x"}
23:50:35.868  {"type":"live","t":164045,"c":0,"r":0,"g":0,"b":0,"pta":142.0,"ptb":142.0,"sat":0,"light":"blue","gain":"16x"}
23:50:35.868  {"type":"live","t":164446,"c":0,"r":0,"g":0,"b":0,"pta":142.0,"ptb":142.0,"sat":0,"light":"blue","gain":"16x"}
23:50:36.673  {"type":"live","t":164847,"c":0,"r":0,"g":0,"b":0,"pta":142.0,"ptb":142.0,"sat":0,"light":"blue","gain":"16x"}
23:50:36.673  {"type":"live","t":165248,"c":0,"r":0,"g":0,"b":0,"pta":142.0,"ptb":142.0,"sat":0,"light":"blue","gain":"16x"}
23:50:37.478  {"type":"live","t":165649,"c":0,"r":0,"g":0,"b":0,"pta":142.0,"ptb":142.0,"sat":0,"light":"blue","gain":"16x"}
23:50:37.478  {"type":"live","t":166050,"c":0,"r":0,"g":0,"b":0,"pta":142.0,"ptb":142.0,"sat":0,"light":"blue","gain":"16x"}
23:50:38.483  {"type":"live","t":166451,"c":0,"r":0,"g":0,"b":0,"pta":142.0,"ptb":142.0,"sat":0,"light":"blue","gain":"16x"}
23:50:38.483  {"type":"live","t":166852,"c":0,"r":0,"g":0,"b":0,"pta":142.0,"ptb":142.0,"sat":0,"light":"blue","gain":"16x"}
23:50:38.484  {"type":"live","t":167253,"c":0,"r":0,"g":0,"b":0,"pta":142.0,"ptb":142.0,"sat":0,"light":"blue","gain":"16x"}
23:50:39.477  {"type":"live","t":167654,"c":0,"r":0,"g":0,"b":0,"pta":142.0,"ptb":142.0,"sat":0,"light":"blue","gain":"16x"}
23:50:39.477  {"type":"live","t":168055,"c":0,"r":0,"g":0,"b":0,"pta":142.0,"ptb":142.0,"sat":0,"light":"blue","gain":"16x"}
23:50:40.282  {"type":"live","t":168456,"c":0,"r":0,"g":0,"b":0,"pta":142.0,"ptb":142.0,"sat":0,"light":"blue","gain":"16x"}
23:50:40.282  {"type":"live","t":168857,"c":0,"r":0,"g":0,"b":0,"pta":142.0,"ptb":142.0,"sat":0,"light":"blue","gain":"16x"}
23:50:41.087  {"type":"live","t":169258,"c":0,"r":0,"g":0,"b":0,"pta":142.0,"ptb":142.0,"sat":0,"light":"blue","gain":"16x"}
23:50:41.087  {"type":"live","t":169659,"c":0,"r":0,"g":0,"b":0,"pta":142.0,"ptb":142.0,"sat":0,"light":"blue","gain":"16x"}
23:50:42.092  {"type":"live","t":170060,"c":0,"r":0,"g":0,"b":0,"pta":142.0,"ptb":142.0,"sat":0,"light":"blue","gain":"16x"}
23:50:42.092  {"type":"live","t":170461,"c":0,"r":0,"g":0,"b":0,"pta":142.0,"ptb":142.0,"sat":0,"light":"blue","gain":"16x"}
23:50:42.093  {"type":"live","t":170862,"c":0,"r":0,"g":0,"b":0,"pta":142.0,"ptb":142.0,"sat":0,"light":"blue","gain":"16x"}
23:50:43.086  {"type":"live","t":171263,"c":0,"r":0,"g":0,"b":0,"pta":142.0,"ptb":142.0,"sat":0,"light":"blue","gain":"16x"}
23:50:43.086  {"type":"live","t":171664,"c":0,"r":0,"g":0,"b":0,"pta":142.0,"ptb":142.0,"sat":0,"light":"blue","gain":"16x"}
23:50:43.891  {"type":"live","t":172065,"c":0,"r":0,"g":0,"b":0,"pta":142.0,"ptb":142.0,"sat":0,"light":"blue","gain":"16x"}
23:50:43.891  {"type":"live","t":172466,"c":0,"r":0,"g":0,"b":0,"pta":142.0,"ptb":142.0,"sat":0,"light":"blue","gain":"16x"}
23:50:44.696  {"type":"live","t":172867,"c":0,"r":0,"g":0,"b":0,"pta":142.0,"ptb":142.0,"sat":0,"light":"blue","gain":"16x"}
23:50:44.696  {"type":"live","t":173268,"c":0,"r":0,"g":0,"b":0,"pta":142.0,"ptb":142.0,"sat":0,"light":"blue","gain":"16x"}
23:50:45.709  {"type":"live","t":173669,"c":0,"r":0,"g":0,"b":0,"pta":142.0,"ptb":142.0,"sat":0,"light":"blue","gain":"16x"}
23:50:45.710  {"type":"live","t":174070,"c":0,"r":0,"g":0,"b":0,"pta":142.0,"ptb":142.0,"sat":0,"light":"blue","gain":"16x"}
23:50:45.710  {"type":"live","t":174471,"c":0,"r":0,"g":0,"b":0,"pta":142.0,"ptb":142.0,"sat":0,"light":"blue","gain":"16x"}
23:50:46.695  {"type":"live","t":174872,"c":0,"r":0,"g":0,"b":0,"pta":142.0,"ptb":142.0,"sat":0,"light":"blue","gain":"16x"}
23:50:46.695  {"type":"live","t":175273,"c":0,"r":0,"g":0,"b":0,"pta":142.0,"ptb":142.0,"sat":0,"light":"blue","gain":"16x"}
23:50:47.500  {"type":"live","t":175674,"c":0,"r":0,"g":0,"b":0,"pta":142.0,"ptb":142.0,"sat":0,"light":"blue","gain":"16x"}
23:50:47.500  {"type":"live","t":176075,"c":0,"r":0,"g":0,"b":0,"pta":142.0,"ptb":142.0,"sat":0,"light":"blue","gain":"16x"}
23:50:48.305  {"type":"live","t":176476,"c":0,"r":0,"g":0,"b":0,"pta":142.0,"ptb":142.0,"sat":0,"light":"blue","gain":"16x"}
23:50:48.305  {"type":"live","t":176877,"c":0,"r":0,"g":0,"b":0,"pta":142.0,"ptb":142.0,"sat":0,"light":"blue","gain":"16x"}
23:50:49.313  {"type":"live","t":177278,"c":0,"r":0,"g":0,"b":0,"pta":142.0,"ptb":142.0,"sat":0,"light":"blue","gain":"16x"}
23:50:49.313  {"type":"live","t":177679,"c":0,"r":0,"g":0,"b":0,"pta":142.0,"ptb":142.0,"sat":0,"light":"blue","gain":"16x"}
23:50:49.314  {"type":"live","t":178080,"c":0,"r":0,"g":0,"b":0,"pta":142.0,"ptb":142.0,"sat":0,"light":"blue","gain":"16x"}
23:50:50.304  {"type":"live","t":178481,"c":0,"r":0,"g":0,"b":0,"pta":142.0,"ptb":142.0,"sat":0,"light":"blue","gain":"16x"}
23:50:50.304  {"type":"live","t":178882,"c":0,"r":0,"g":0,"b":0,"pta":142.0,"ptb":142.0,"sat":0,"light":"blue","gain":"16x"}
23:50:51.109  {"type":"live","t":179283,"c":0,"r":0,"g":0,"b":0,"pta":142.0,"ptb":142.0,"sat":0,"light":"blue","gain":"16x"}
23:50:51.109  {"type":"live","t":179684,"c":0,"r":0,"g":0,"b":0,"pta":142.0,"ptb":142.0,"sat":0,"light":"blue","gain":"16x"}
23:50:51.913  {"type":"live","t":180085,"c":0,"r":0,"g":0,"b":0,"pta":142.0,"ptb":142.0,"sat":0,"light":"blue","gain":"16x"}
23:50:51.913  {"type":"live","t":180486,"c":0,"r":0,"g":0,"b":0,"pta":142.0,"ptb":142.0,"sat":0,"light":"blue","gain":"16x"}
23:50:52.925  {"type":"live","t":180887,"c":0,"r":0,"g":0,"b":0,"pta":142.0,"ptb":142.0,"sat":0,"light":"blue","gain":"16x"}
23:50:52.926  {"type":"live","t":181288,"c":0,"r":0,"g":0,"b":0,"pta":142.0,"ptb":142.0,"sat":0,"light":"blue","gain":"16x"}
23:50:52.926  {"type":"live","t":181689,"c":0,"r":0,"g":0,"b":0,"pta":142.0,"ptb":142.0,"sat":0,"light":"blue","gain":"16x"}
23:50:53.913  {"type":"live","t":182090,"c":0,"r":0,"g":0,"b":0,"pta":142.0,"ptb":142.0,"sat":0,"light":"blue","gain":"16x"}
23:50:53.913  {"type":"live","t":182491,"c":0,"r":0,"g":0,"b":0,"pta":142.0,"ptb":142.0,"sat":0,"light":"blue","gain":"16x"}
23:50:54.717  {"type":"live","t":182892,"c":0,"r":0,"g":0,"b":0,"pta":142.0,"ptb":142.0,"sat":0,"light":"blue","gain":"16x"}
23:50:54.717  {"type":"live","t":183293,"c":0,"r":0,"g":0,"b":0,"pta":142.0,"ptb":142.0,"sat":0,"light":"blue","gain":"16x"}
23:50:55.522  {"type":"live","t":183694,"c":0,"r":0,"g":0,"b":0,"pta":142.0,"ptb":142.0,"sat":0,"light":"blue","gain":"16x"}
23:50:55.522  {"type":"live","t":184095,"c":0,"r":0,"g":0,"b":0,"pta":142.0,"ptb":142.0,"sat":0,"light":"blue","gain":"16x"}
23:50:56.533  {"type":"live","t":184496,"c":0,"r":0,"g":0,"b":0,"pta":142.0,"ptb":142.0,"sat":0,"light":"blue","gain":"16x"}
23:50:56.534  {"type":"live","t":184897,"c":0,"r":0,"g":0,"b":0,"pta":142.0,"ptb":142.0,"sat":0,"light":"blue","gain":"16x"}
23:50:56.534  {"type":"live","t":185298,"c":0,"r":0,"g":0,"b":0,"pta":142.0,"ptb":142.0,"sat":0,"light":"blue","gain":"16x"}
23:50:57.521  {"type":"live","t":185699,"c":0,"r":0,"g":0,"b":0,"pta":142.0,"ptb":142.0,"sat":0,"light":"blue","gain":"16x"}
23:50:57.521  {"type":"live","t":186100,"c":0,"r":0,"g":0,"b":0,"pta":142.0,"ptb":142.0,"sat":0,"light":"blue","gain":"16x"}
23:50:57.927  {"type":"live","t":186501,"c":0,"r":0,"g":0,"b":0,"pta":142.0,"ptb":142.0,"sat":0,"light":"blue","gain":"16x"}
23:50:57.927  {"type":"hello","fw":"probe-0.2","tcs":0,"oled":1,"light":"blue","gain":"16x","samples":50}
23:50:58.934  {"type":"live","t":186902,"c":0,"r":0,"g":0,"b":0,"pta":142.0,"ptb":142.0,"sat":0,"light":"blue","gain":"16x"}
23:50:58.934  {"type":"live","t":187303,"c":0,"r":0,"g":0,"b":0,"pta":142.0,"ptb":142.0,"sat":0,"light":"blue","gain":"16x"}
23:50:58.935  {"type":"live","t":187704,"c":0,"r":0,"g":0,"b":0,"pta":142.0,"ptb":142.0,"sat":0,"light":"blue","gain":"16x"}
23:50:59.927  {"type":"live","t":188105,"c":0,"r":0,"g":0,"b":0,"pta":142.0,"ptb":142.0,"sat":0,"light":"blue","gain":"16x"}
23:50:59.927  {"type":"live","t":188506,"c":0,"r":0,"g":0,"b":0,"pta":142.0,"ptb":142.0,"sat":0,"light":"blue","gain":"16x"}
23:51:00.732  {"type":"live","t":188907,"c":0,"r":0,"g":0,"b":0,"pta":142.0,"ptb":142.0,"sat":0,"light":"blue","gain":"16x"}
23:51:00.732  {"type":"live","t":189308,"c":0,"r":0,"g":0,"b":0,"pta":142.0,"ptb":142.0,"sat":0,"light":"blue","gain":"16x"}
23:51:01.537  {"type":"live","t":189709,"c":0,"r":0,"g":0,"b":0,"pta":142.0,"ptb":142.0,"sat":0,"light":"blue","gain":"16x"}
23:51:01.537  {"type":"live","t":190110,"c":0,"r":0,"g":0,"b":0,"pta":142.0,"ptb":142.0,"sat":0,"light":"blue","gain":"16x"}
23:51:02.548  {"type":"live","t":190511,"c":0,"r":0,"g":0,"b":0,"pta":142.0,"ptb":142.0,"sat":0,"light":"blue","gain":"16x"}
23:51:02.548  {"type":"live","t":190912,"c":0,"r":0,"g":0,"b":0,"pta":142.0,"ptb":142.0,"sat":0,"light":"blue","gain":"16x"}
23:51:02.548  {"type":"live","t":191313,"c":0,"r":0,"g":0,"b":0,"pta":142.0,"ptb":142.0,"sat":0,"light":"blue","gain":"16x"}
23:51:03.536  {"type":"live","t":191714,"c":0,"r":0,"g":0,"b":0,"pta":142.0,"ptb":142.0,"sat":0,"light":"blue","gain":"16x"}
23:51:03.537  {"type":"live","t":192115,"c":0,"r":0,"g":0,"b":0,"pta":142.0,"ptb":142.0,"sat":0,"light":"blue","gain":"16x"}
23:51:04.341  {"type":"live","t":192516,"c":0,"r":0,"g":0,"b":0,"pta":142.0,"ptb":142.0,"sat":0,"light":"blue","gain":"16x"}
23:51:04.341  {"type":"live","t":192917,"c":0,"r":0,"g":0,"b":0,"pta":142.0,"ptb":142.0,"sat":0,"light":"blue","gain":"16x"}
23:51:05.146  {"type":"live","t":193318,"c":0,"r":0,"g":0,"b":0,"pta":142.0,"ptb":142.0,"sat":0,"light":"blue","gain":"16x"}
23:51:05.146  {"type":"live","t":193719,"c":0,"r":0,"g":0,"b":0,"pta":142.0,"ptb":142.0,"sat":0,"light":"blue","gain":"16x"}
23:51:06.154  {"type":"live","t":194120,"c":0,"r":0,"g":0,"b":0,"pta":142.0,"ptb":142.0,"sat":0,"light":"blue","gain":"16x"}
23:51:06.154  {"type":"live","t":194521,"c":0,"r":0,"g":0,"b":0,"pta":142.0,"ptb":142.0,"sat":0,"light":"blue","gain":"16x"}
23:51:06.155  {"type":"live","t":194922,"c":0,"r":0,"g":0,"b":0,"pta":142.0,"ptb":142.0,"sat":0,"light":"blue","gain":"16x"}
23:51:07.145  {"type":"live","t":195323,"c":0,"r":0,"g":0,"b":0,"pta":142.0,"ptb":142.0,"sat":0,"light":"blue","gain":"16x"}
23:51:07.145  {"type":"live","t":195724,"c":0,"r":0,"g":0,"b":0,"pta":142.0,"ptb":142.0,"sat":0,"light":"blue","gain":"16x"}
23:51:07.950  {"type":"live","t":196125,"c":0,"r":0,"g":0,"b":0,"pta":142.0,"ptb":142.0,"sat":0,"light":"blue","gain":"16x"}
23:51:07.950  {"type":"live","t":196526,"c":0,"r":0,"g":0,"b":0,"pta":142.0,"ptb":142.0,"sat":0,"light":"blue","gain":"16x"}
23:51:08.862  {"type":"live","t":196927,"c":0,"r":0,"g":0,"b":0,"pta":142.0,"ptb":142.0,"sat":0,"light":"blue","gain":"16x"}
23:51:08.862  {"type":"live","t":197328,"c":0,"r":0,"g":0,"b":0,"pta":142.0,"ptb":142.0,"sat":0,"light":"blue","gain":"16x"}
23:51:08.863  {"type":"run","target":"yellow","light":"blue","gain":"16x","samples":50}
23:51:09.177  {"type":"sample","target":"yellow","led":1,"n":0,"c":0,"r":0,"g":0,"b":0,"pta":470.9,"ptb":142.0}
23:51:09.177  {"type":"sample","target":"yellow","led":1,"n":1,"c":0,"r":0,"g":0,"b":0,"pta":473.1,"ptb":142.0}
23:51:09.639  {"type":"sample","target":"yellow","led":1,"n":2,"c":0,"r":0,"g":0,"b":0,"pta":475.2,"ptb":142.0}
23:51:09.639  {"type":"sample","target":"yellow","led":1,"n":3,"c":0,"r":0,"g":0,"b":0,"pta":470.9,"ptb":142.0}
23:51:09.640  {"type":"sample","target":"yellow","led":1,"n":4,"c":0,"r":0,"g":0,"b":0,"pta":470.2,"ptb":142.0}
23:51:10.101  {"type":"sample","target":"yellow","led":1,"n":5,"c":0,"r":0,"g":0,"b":0,"pta":477.9,"ptb":142.0}
23:51:10.101  {"type":"sample","target":"yellow","led":1,"n":6,"c":0,"r":0,"g":0,"b":0,"pta":482.7,"ptb":142.0}
23:51:10.102  {"type":"sample","target":"yellow","led":1,"n":7,"c":0,"r":0,"g":0,"b":0,"pta":470.4,"ptb":142.0}
23:51:10.416  {"type":"sample","target":"yellow","led":1,"n":8,"c":0,"r":0,"g":0,"b":0,"pta":473.0,"ptb":142.0}
23:51:10.416  {"type":"sample","target":"yellow","led":1,"n":9,"c":0,"r":0,"g":0,"b":0,"pta":468.4,"ptb":142.0}
23:51:10.877  {"type":"sample","target":"yellow","led":1,"n":10,"c":0,"r":0,"g":0,"b":0,"pta":471.8,"ptb":142.0}
23:51:10.877  {"type":"sample","target":"yellow","led":1,"n":11,"c":0,"r":0,"g":0,"b":0,"pta":474.9,"ptb":142.0}
23:51:10.878  {"type":"sample","target":"yellow","led":1,"n":12,"c":0,"r":0,"g":0,"b":0,"pta":481.1,"ptb":142.0}
23:51:11.192  {"type":"sample","target":"yellow","led":1,"n":13,"c":0,"r":0,"g":0,"b":0,"pta":471.8,"ptb":142.0}
23:51:11.192  {"type":"sample","target":"yellow","led":1,"n":14,"c":0,"r":0,"g":0,"b":0,"pta":476.4,"ptb":142.0}
23:51:11.654  {"type":"sample","target":"yellow","led":1,"n":15,"c":0,"r":0,"g":0,"b":0,"pta":482.2,"ptb":142.0}
23:51:11.654  {"type":"sample","target":"yellow","led":1,"n":16,"c":0,"r":0,"g":0,"b":0,"pta":468.8,"ptb":142.0}
23:51:11.655  {"type":"sample","target":"yellow","led":1,"n":17,"c":0,"r":0,"g":0,"b":0,"pta":480.2,"ptb":142.0}
23:51:12.115  {"type":"sample","target":"yellow","led":1,"n":18,"c":0,"r":0,"g":0,"b":0,"pta":479.3,"ptb":142.0}
23:51:12.115  {"type":"sample","target":"yellow","led":1,"n":19,"c":0,"r":0,"g":0,"b":0,"pta":470.1,"ptb":142.0}
23:51:12.116  {"type":"sample","target":"yellow","led":1,"n":20,"c":0,"r":0,"g":0,"b":0,"pta":475.4,"ptb":142.0}
23:51:12.430  {"type":"sample","target":"yellow","led":1,"n":21,"c":0,"r":0,"g":0,"b":0,"pta":457.8,"ptb":142.0}
23:51:12.431  {"type":"sample","target":"yellow","led":1,"n":22,"c":0,"r":0,"g":0,"b":0,"pta":482.8,"ptb":142.0}
23:51:12.892  {"type":"sample","target":"yellow","led":1,"n":23,"c":0,"r":0,"g":0,"b":0,"pta":469.5,"ptb":142.0}
23:51:12.892  {"type":"sample","target":"yellow","led":1,"n":24,"c":0,"r":0,"g":0,"b":0,"pta":466.5,"ptb":142.0}
23:51:12.893  {"type":"sample","target":"yellow","led":1,"n":25,"c":0,"r":0,"g":0,"b":0,"pta":472.6,"ptb":142.0}
23:51:13.207  {"type":"sample","target":"yellow","led":1,"n":26,"c":0,"r":0,"g":0,"b":0,"pta":474.6,"ptb":142.0}
23:51:13.207  {"type":"sample","target":"yellow","led":1,"n":27,"c":0,"r":0,"g":0,"b":0,"pta":471.1,"ptb":142.0}
23:51:13.668  {"type":"sample","target":"yellow","led":1,"n":28,"c":0,"r":0,"g":0,"b":0,"pta":486.7,"ptb":142.0}
23:51:13.668  {"type":"sample","target":"yellow","led":1,"n":29,"c":0,"r":0,"g":0,"b":0,"pta":474.5,"ptb":142.0}
23:51:13.669  {"type":"sample","target":"yellow","led":1,"n":30,"c":0,"r":0,"g":0,"b":0,"pta":480.2,"ptb":142.0}
23:51:13.983  {"type":"sample","target":"yellow","led":1,"n":31,"c":0,"r":0,"g":0,"b":0,"pta":484.9,"ptb":142.0}
23:51:13.983  {"type":"sample","target":"yellow","led":1,"n":32,"c":0,"r":0,"g":0,"b":0,"pta":472.9,"ptb":142.0}
23:51:13.984  {"type":"sample","target":"yellow","led":1,"n":33,"c":0,"r":0,"g":0,"b":0,"pta":483.9,"ptb":142.0}
23:51:14.444  {"type":"sample","target":"yellow","led":1,"n":34,"c":0,"r":0,"g":0,"b":0,"pta":483.9,"ptb":142.0}
23:51:14.444  {"type":"sample","target":"yellow","led":1,"n":35,"c":0,"r":0,"g":0,"b":0,"pta":478.9,"ptb":142.0}
23:51:14.906  {"type":"sample","target":"yellow","led":1,"n":36,"c":0,"r":0,"g":0,"b":0,"pta":472.1,"ptb":142.0}
23:51:14.906  {"type":"sample","target":"yellow","led":1,"n":37,"c":0,"r":0,"g":0,"b":0,"pta":478.4,"ptb":142.0}
23:51:14.907  {"type":"sample","target":"yellow","led":1,"n":38,"c":0,"r":0,"g":0,"b":0,"pta":484.8,"ptb":142.0}
23:51:15.221  {"type":"sample","target":"yellow","led":1,"n":39,"c":0,"r":0,"g":0,"b":0,"pta":472.1,"ptb":142.0}
23:51:15.221  {"type":"sample","target":"yellow","led":1,"n":40,"c":0,"r":0,"g":0,"b":0,"pta":472.5,"ptb":142.0}
23:51:15.682  {"type":"sample","target":"yellow","led":1,"n":41,"c":0,"r":0,"g":0,"b":0,"pta":479.1,"ptb":142.0}
23:51:15.682  {"type":"sample","target":"yellow","led":1,"n":42,"c":0,"r":0,"g":0,"b":0,"pta":473.4,"ptb":142.0}
23:51:15.683  {"type":"sample","target":"yellow","led":1,"n":43,"c":0,"r":0,"g":0,"b":0,"pta":472.9,"ptb":142.0}
23:51:15.997  {"type":"sample","target":"yellow","led":1,"n":44,"c":0,"r":0,"g":0,"b":0,"pta":484.1,"ptb":142.0}
23:51:15.998  {"type":"sample","target":"yellow","led":1,"n":45,"c":0,"r":0,"g":0,"b":0,"pta":476.4,"ptb":142.0}
23:51:16.459  {"type":"sample","target":"yellow","led":1,"n":46,"c":0,"r":0,"g":0,"b":0,"pta":470.7,"ptb":142.0}
23:51:16.459  {"type":"sample","target":"yellow","led":1,"n":47,"c":0,"r":0,"g":0,"b":0,"pta":482.8,"ptb":142.0}
23:51:16.460  {"type":"sample","target":"yellow","led":1,"n":48,"c":0,"r":0,"g":0,"b":0,"pta":481.4,"ptb":142.0}
23:51:17.170  {"type":"sample","target":"yellow","led":1,"n":49,"c":0,"r":0,"g":0,"b":0,"pta":465.2,"ptb":142.0}
23:51:17.170  {"type":"sample","target":"yellow","led":0,"n":0,"c":0,"r":0,"g":0,"b":0,"pta":142.0,"ptb":142.0}
23:51:17.171  {"type":"sample","target":"yellow","led":0,"n":1,"c":0,"r":0,"g":0,"b":0,"pta":142.0,"ptb":142.0}
23:51:17.486  {"type":"sample","target":"yellow","led":0,"n":2,"c":0,"r":0,"g":0,"b":0,"pta":142.0,"ptb":142.0}
23:51:17.487  {"type":"sample","target":"yellow","led":0,"n":3,"c":0,"r":0,"g":0,"b":0,"pta":142.0,"ptb":142.0}
23:51:17.947  {"type":"sample","target":"yellow","led":0,"n":4,"c":0,"r":0,"g":0,"b":0,"pta":142.0,"ptb":142.0}
23:51:17.947  {"type":"sample","target":"yellow","led":0,"n":5,"c":0,"r":0,"g":0,"b":0,"pta":142.0,"ptb":142.0}
23:51:17.948  {"type":"sample","target":"yellow","led":0,"n":6,"c":0,"r":0,"g":0,"b":0,"pta":142.0,"ptb":142.0}
23:51:18.263  {"type":"sample","target":"yellow","led":0,"n":7,"c":0,"r":0,"g":0,"b":0,"pta":142.0,"ptb":142.0}
23:51:18.263  {"type":"sample","target":"yellow","led":0,"n":8,"c":0,"r":0,"g":0,"b":0,"pta":142.0,"ptb":142.0}
23:51:18.724  {"type":"sample","target":"yellow","led":0,"n":9,"c":0,"r":0,"g":0,"b":0,"pta":142.0,"ptb":142.0}
23:51:18.724  {"type":"sample","target":"yellow","led":0,"n":10,"c":0,"r":0,"g":0,"b":0,"pta":142.0,"ptb":142.0}
23:51:18.725  {"type":"sample","target":"yellow","led":0,"n":11,"c":0,"r":0,"g":0,"b":0,"pta":142.0,"ptb":142.0}
23:51:19.186  {"type":"sample","target":"yellow","led":0,"n":12,"c":0,"r":0,"g":0,"b":0,"pta":142.0,"ptb":142.0}
23:51:19.186  {"type":"sample","target":"yellow","led":0,"n":13,"c":0,"r":0,"g":0,"b":0,"pta":142.0,"ptb":142.0}
23:51:19.187  {"type":"sample","target":"yellow","led":0,"n":14,"c":0,"r":0,"g":0,"b":0,"pta":142.0,"ptb":142.0}
23:51:19.501  {"type":"sample","target":"yellow","led":0,"n":15,"c":0,"r":0,"g":0,"b":0,"pta":142.0,"ptb":142.0}
23:51:19.501  {"type":"sample","target":"yellow","led":0,"n":16,"c":0,"r":0,"g":0,"b":0,"pta":142.0,"ptb":142.0}
23:51:19.962  {"type":"sample","target":"yellow","led":0,"n":17,"c":0,"r":0,"g":0,"b":0,"pta":142.0,"ptb":142.0}
23:51:19.962  {"type":"sample","target":"yellow","led":0,"n":18,"c":0,"r":0,"g":0,"b":0,"pta":142.0,"ptb":142.0}
23:51:19.963  {"type":"sample","target":"yellow","led":0,"n":19,"c":0,"r":0,"g":0,"b":0,"pta":142.0,"ptb":142.0}
23:51:20.277  {"type":"sample","target":"yellow","led":0,"n":20,"c":0,"r":0,"g":0,"b":0,"pta":142.0,"ptb":142.0}
23:51:20.278  {"type":"sample","target":"yellow","led":0,"n":21,"c":0,"r":0,"g":0,"b":0,"pta":142.0,"ptb":142.0}
23:51:20.738  {"type":"sample","target":"yellow","led":0,"n":22,"c":0,"r":0,"g":0,"b":0,"pta":142.0,"ptb":142.0}
23:51:20.739  {"type":"sample","target":"yellow","led":0,"n":23,"c":0,"r":0,"g":0,"b":0,"pta":142.0,"ptb":142.0}
23:51:20.739  {"type":"sample","target":"yellow","led":0,"n":24,"c":0,"r":0,"g":0,"b":0,"pta":142.0,"ptb":142.0}
23:51:21.200  {"type":"sample","target":"yellow","led":0,"n":25,"c":0,"r":0,"g":0,"b":0,"pta":142.0,"ptb":142.0}
23:51:21.200  {"type":"sample","target":"yellow","led":0,"n":26,"c":0,"r":0,"g":0,"b":0,"pta":142.0,"ptb":142.0}
23:51:21.201  {"type":"sample","target":"yellow","led":0,"n":27,"c":0,"r":0,"g":0,"b":0,"pta":142.0,"ptb":142.0}
23:51:21.515  {"type":"sample","target":"yellow","led":0,"n":28,"c":0,"r":0,"g":0,"b":0,"pta":142.0,"ptb":142.0}
23:51:21.515  {"type":"sample","target":"yellow","led":0,"n":29,"c":0,"r":0,"g":0,"b":0,"pta":142.0,"ptb":142.0}
23:51:21.976  {"type":"sample","target":"yellow","led":0,"n":30,"c":0,"r":0,"g":0,"b":0,"pta":142.0,"ptb":142.0}
23:51:21.976  {"type":"sample","target":"yellow","led":0,"n":31,"c":0,"r":0,"g":0,"b":0,"pta":142.0,"ptb":142.0}
23:51:21.977  {"type":"sample","target":"yellow","led":0,"n":32,"c":0,"r":0,"g":0,"b":0,"pta":142.0,"ptb":142.0}
23:51:22.291  {"type":"sample","target":"yellow","led":0,"n":33,"c":0,"r":0,"g":0,"b":0,"pta":142.0,"ptb":142.0}
23:51:22.291  {"type":"sample","target":"yellow","led":0,"n":34,"c":0,"r":0,"g":0,"b":0,"pta":142.0,"ptb":142.0}
23:51:22.753  {"type":"sample","target":"yellow","led":0,"n":35,"c":0,"r":0,"g":0,"b":0,"pta":142.0,"ptb":142.0}
23:51:22.753  {"type":"sample","target":"yellow","led":0,"n":36,"c":0,"r":0,"g":0,"b":0,"pta":142.0,"ptb":142.0}
23:51:22.754  {"type":"sample","target":"yellow","led":0,"n":37,"c":0,"r":0,"g":0,"b":0,"pta":142.0,"ptb":142.0}
23:51:23.068  {"type":"sample","target":"yellow","led":0,"n":38,"c":0,"r":0,"g":0,"b":0,"pta":142.0,"ptb":142.0}
23:51:23.068  {"type":"sample","target":"yellow","led":0,"n":39,"c":0,"r":0,"g":0,"b":0,"pta":142.0,"ptb":142.0}
23:51:23.529  {"type":"sample","target":"yellow","led":0,"n":40,"c":0,"r":0,"g":0,"b":0,"pta":142.0,"ptb":142.0}
23:51:23.530  {"type":"sample","target":"yellow","led":0,"n":41,"c":0,"r":0,"g":0,"b":0,"pta":142.0,"ptb":142.0}
23:51:23.530  {"type":"sample","target":"yellow","led":0,"n":42,"c":0,"r":0,"g":0,"b":0,"pta":142.0,"ptb":142.0}
23:51:23.991  {"type":"sample","target":"yellow","led":0,"n":43,"c":0,"r":0,"g":0,"b":0,"pta":142.0,"ptb":142.0}
23:51:23.991  {"type":"sample","target":"yellow","led":0,"n":44,"c":0,"r":0,"g":0,"b":0,"pta":142.0,"ptb":142.0}
23:51:23.992  {"type":"sample","target":"yellow","led":0,"n":45,"c":0,"r":0,"g":0,"b":0,"pta":142.0,"ptb":142.0}
23:51:24.306  {"type":"sample","target":"yellow","led":0,"n":46,"c":0,"r":0,"g":0,"b":0,"pta":142.0,"ptb":142.0}
23:51:24.306  {"type":"sample","target":"yellow","led":0,"n":47,"c":0,"r":0,"g":0,"b":0,"pta":142.0,"ptb":142.0}
23:51:24.474  {"type":"sample","target":"yellow","led":0,"n":48,"c":0,"r":0,"g":0,"b":0,"pta":142.0,"ptb":142.0}
23:51:24.474  {"type":"sample","target":"yellow","led":0,"n":49,"c":0,"r":0,"g":0,"b":0,"pta":142.0,"ptb":142.0}
23:51:25.116  {"type":"series","target":"yellow","light":"blue","gain":"16x","samples":50,"saturated":0,"on":{"C":[0.00,0.00],"R":[0.00,0.00],"G":[0.00,0.00],"B":[0.00,0.00],"PT-A":[475.43,6.04],"PT-B":[142.00,0.00]},"off":{"C":[0.00,0.00],"R":[0.00,0.00],"G":[0.00,0.00],"B":[0.00,0.00],"PT-A":[142.00,0.00],"PT-B":[142.00,0.00]},"signal":{"C":0.00,"R":0.00,"G":0.00,"B":0.00,"PT-A":333.43,"PT-B":0.00},"noise":{"C":0.00,"R":0.00,"G":0.00,"B":0.00,"PT-A":6.04,"PT-B":0.00}}
23:51:25.117  {"type":"live","t":213692,"c":0,"r":0,"g":0,"b":0,"pta":142.0,"ptb":142.0,"sat":0,"light":"blue","gain":"16x"}
23:51:25.921  {"type":"live","t":214093,"c":0,"r":0,"g":0,"b":0,"pta":142.0,"ptb":142.0,"sat":0,"light":"blue","gain":"16x"}
23:51:25.921  {"type":"live","t":214494,"c":0,"r":0,"g":0,"b":0,"pta":142.0,"ptb":142.0,"sat":0,"light":"blue","gain":"16x"}
23:51:26.935  {"type":"live","t":214895,"c":0,"r":0,"g":0,"b":0,"pta":142.0,"ptb":142.0,"sat":0,"light":"blue","gain":"16x"}
23:51:26.935  {"type":"live","t":215296,"c":0,"r":0,"g":0,"b":0,"pta":142.0,"ptb":142.0,"sat":0,"light":"blue","gain":"16x"}
23:51:26.936  {"type":"live","t":215697,"c":0,"r":0,"g":0,"b":0,"pta":142.0,"ptb":142.0,"sat":0,"light":"blue","gain":"16x"}
23:51:27.920  {"type":"live","t":216098,"c":0,"r":0,"g":0,"b":0,"pta":142.0,"ptb":142.0,"sat":0,"light":"blue","gain":"16x"}
23:51:27.920  {"type":"live","t":216499,"c":0,"r":0,"g":0,"b":0,"pta":142.0,"ptb":142.0,"sat":0,"light":"blue","gain":"16x"}
23:51:28.725  {"type":"live","t":216900,"c":0,"r":0,"g":0,"b":0,"pta":142.0,"ptb":142.0,"sat":0,"light":"blue","gain":"16x"}
23:51:28.725  {"type":"live","t":217301,"c":0,"r":0,"g":0,"b":0,"pta":142.0,"ptb":142.0,"sat":0,"light":"blue","gain":"16x"}
23:51:29.530  {"type":"live","t":217702,"c":0,"r":0,"g":0,"b":0,"pta":142.0,"ptb":142.0,"sat":0,"light":"blue","gain":"16x"}
23:51:29.530  {"type":"live","t":218103,"c":0,"r":0,"g":0,"b":0,"pta":142.0,"ptb":142.0,"sat":0,"light":"blue","gain":"16x"}
23:51:30.541  {"type":"live","t":218504,"c":0,"r":0,"g":0,"b":0,"pta":142.0,"ptb":142.0,"sat":0,"light":"blue","gain":"16x"}
23:51:30.542  {"type":"live","t":218905,"c":0,"r":0,"g":0,"b":0,"pta":142.0,"ptb":142.0,"sat":0,"light":"blue","gain":"16x"}
23:51:30.543  {"type":"live","t":219306,"c":0,"r":0,"g":0,"b":0,"pta":142.0,"ptb":142.0,"sat":0,"light":"blue","gain":"16x"}
23:51:31.529  {"type":"live","t":219707,"c":0,"r":0,"g":0,"b":0,"pta":142.0,"ptb":142.0,"sat":0,"light":"blue","gain":"16x"}
23:51:31.530  {"type":"live","t":220108,"c":0,"r":0,"g":0,"b":0,"pta":142.0,"ptb":142.0,"sat":0,"light":"blue","gain":"16x"}
23:51:32.334  {"type":"live","t":220509,"c":0,"r":0,"g":0,"b":0,"pta":142.0,"ptb":142.0,"sat":0,"light":"blue","gain":"16x"}
23:51:32.334  {"type":"live","t":220910,"c":0,"r":0,"g":0,"b":0,"pta":142.0,"ptb":142.0,"sat":0,"light":"blue","gain":"16x"}
23:51:33.139  {"type":"live","t":221311,"c":0,"r":0,"g":0,"b":0,"pta":142.0,"ptb":142.0,"sat":0,"light":"blue","gain":"16x"}
23:51:33.139  {"type":"live","t":221712,"c":0,"r":0,"g":0,"b":0,"pta":142.0,"ptb":142.0,"sat":0,"light":"blue","gain":"16x"}
23:51:34.154  {"type":"live","t":222113,"c":0,"r":0,"g":0,"b":0,"pta":142.0,"ptb":142.0,"sat":0,"light":"blue","gain":"16x"}
23:51:34.155  {"type":"live","t":222514,"c":0,"r":0,"g":0,"b":0,"pta":142.0,"ptb":142.0,"sat":0,"light":"blue","gain":"16x"}
23:51:34.155  {"type":"live","t":222915,"c":0,"r":0,"g":0,"b":0,"pta":142.0,"ptb":142.0,"sat":0,"light":"blue","gain":"16x"}
23:51:35.138  {"type":"live","t":223316,"c":0,"r":0,"g":0,"b":0,"pta":142.0,"ptb":142.0,"sat":0,"light":"blue","gain":"16x"}
23:51:35.138  {"type":"live","t":223717,"c":0,"r":0,"g":0,"b":0,"pta":142.0,"ptb":142.0,"sat":0,"light":"blue","gain":"16x"}
23:51:35.943  {"type":"live","t":224118,"c":0,"r":0,"g":0,"b":0,"pta":142.0,"ptb":142.0,"sat":0,"light":"blue","gain":"16x"}
23:51:35.943  {"type":"live","t":224519,"c":0,"r":0,"g":0,"b":0,"pta":142.0,"ptb":142.0,"sat":0,"light":"blue","gain":"16x"}
23:51:36.748  {"type":"live","t":224920,"c":0,"r":0,"g":0,"b":0,"pta":142.0,"ptb":142.0,"sat":0,"light":"blue","gain":"16x"}
23:51:36.748  {"type":"live","t":225321,"c":0,"r":0,"g":0,"b":0,"pta":142.0,"ptb":142.0,"sat":0,"light":"blue","gain":"16x"}
23:51:37.750  {"type":"live","t":225722,"c":0,"r":0,"g":0,"b":0,"pta":142.0,"ptb":142.0,"sat":0,"light":"blue","gain":"16x"}
23:51:37.750  {"type":"live","t":226123,"c":0,"r":0,"g":0,"b":0,"pta":142.0,"ptb":142.0,"sat":0,"light":"blue","gain":"16x"}
23:51:37.751  {"type":"live","t":226524,"c":0,"r":0,"g":0,"b":0,"pta":142.0,"ptb":142.0,"sat":0,"light":"blue","gain":"16x"}
23:51:38.747  {"type":"live","t":226925,"c":0,"r":0,"g":0,"b":0,"pta":142.0,"ptb":142.0,"sat":0,"light":"blue","gain":"16x"}
23:51:38.747  {"type":"live","t":227326,"c":0,"r":0,"g":0,"b":0,"pta":142.0,"ptb":142.0,"sat":0,"light":"blue","gain":"16x"}
23:51:39.552  {"type":"live","t":227727,"c":0,"r":0,"g":0,"b":0,"pta":142.0,"ptb":142.0,"sat":0,"light":"blue","gain":"16x"}
23:51:39.552  {"type":"live","t":228128,"c":0,"r":0,"g":0,"b":0,"pta":142.0,"ptb":142.0,"sat":0,"light":"blue","gain":"16x"}
23:51:40.357  {"type":"live","t":228529,"c":0,"r":0,"g":0,"b":0,"pta":142.0,"ptb":142.0,"sat":0,"light":"blue","gain":"16x"}
23:51:40.357  {"type":"live","t":228930,"c":0,"r":0,"g":0,"b":0,"pta":142.0,"ptb":142.0,"sat":0,"light":"blue","gain":"16x"}
23:51:41.361  {"type":"live","t":229331,"c":0,"r":0,"g":0,"b":0,"pta":142.0,"ptb":142.0,"sat":0,"light":"blue","gain":"16x"}
23:51:41.361  {"type":"live","t":229732,"c":0,"r":0,"g":0,"b":0,"pta":142.0,"ptb":142.0,"sat":0,"light":"blue","gain":"16x"}
23:51:41.362  {"type":"live","t":230133,"c":0,"r":0,"g":0,"b":0,"pta":142.0,"ptb":142.0,"sat":0,"light":"blue","gain":"16x"}
23:51:42.356  {"type":"live","t":230534,"c":0,"r":0,"g":0,"b":0,"pta":142.0,"ptb":142.0,"sat":0,"light":"blue","gain":"16x"}
23:51:42.356  {"type":"live","t":230935,"c":0,"r":0,"g":0,"b":0,"pta":142.0,"ptb":142.0,"sat":0,"light":"blue","gain":"16x"}
23:51:43.161  {"type":"live","t":231336,"c":0,"r":0,"g":0,"b":0,"pta":142.0,"ptb":142.0,"sat":0,"light":"blue","gain":"16x"}
23:51:43.162  {"type":"live","t":231737,"c":0,"r":0,"g":0,"b":0,"pta":142.0,"ptb":142.0,"sat":0,"light":"blue","gain":"16x"}
23:51:43.966  {"type":"live","t":232138,"c":0,"r":0,"g":0,"b":0,"pta":142.0,"ptb":142.0,"sat":0,"light":"blue","gain":"16x"}
23:51:43.967  {"type":"live","t":232539,"c":0,"r":0,"g":0,"b":0,"pta":142.0,"ptb":142.0,"sat":0,"light":"blue","gain":"16x"}
23:51:44.980  {"type":"live","t":232940,"c":0,"r":0,"g":0,"b":0,"pta":142.0,"ptb":142.0,"sat":0,"light":"blue","gain":"16x"}
23:51:44.981  {"type":"live","t":233341,"c":0,"r":0,"g":0,"b":0,"pta":142.0,"ptb":142.0,"sat":0,"light":"blue","gain":"16x"}
23:51:44.981  {"type":"live","t":233742,"c":0,"r":0,"g":0,"b":0,"pta":142.0,"ptb":142.0,"sat":0,"light":"blue","gain":"16x"}
23:51:45.965  {"type":"live","t":234143,"c":0,"r":0,"g":0,"b":0,"pta":142.0,"ptb":142.0,"sat":0,"light":"blue","gain":"16x"}
23:51:45.965  {"type":"live","t":234544,"c":0,"r":0,"g":0,"b":0,"pta":142.0,"ptb":142.0,"sat":0,"light":"blue","gain":"16x"}
23:51:46.770  {"type":"live","t":234945,"c":0,"r":0,"g":0,"b":0,"pta":142.0,"ptb":142.0,"sat":0,"light":"blue","gain":"16x"}
23:51:46.770  {"type":"live","t":235346,"c":0,"r":0,"g":0,"b":0,"pta":142.0,"ptb":142.0,"sat":0,"light":"blue","gain":"16x"}
23:51:47.575  {"type":"live","t":235747,"c":0,"r":0,"g":0,"b":0,"pta":142.0,"ptb":142.0,"sat":0,"light":"blue","gain":"16x"}
23:51:47.576  {"type":"live","t":236148,"c":0,"r":0,"g":0,"b":0,"pta":142.0,"ptb":142.0,"sat":0,"light":"blue","gain":"16x"}
23:51:48.584  {"type":"live","t":236549,"c":0,"r":0,"g":0,"b":0,"pta":142.0,"ptb":142.0,"sat":0,"light":"blue","gain":"16x"}
23:51:48.585  {"type":"live","t":236950,"c":0,"r":0,"g":0,"b":0,"pta":142.0,"ptb":142.0,"sat":0,"light":"blue","gain":"16x"}
23:51:48.585  {"type":"live","t":237351,"c":0,"r":0,"g":0,"b":0,"pta":142.0,"ptb":142.0,"sat":0,"light":"blue","gain":"16x"}
23:51:49.574  {"type":"live","t":237752,"c":0,"r":0,"g":0,"b":0,"pta":142.0,"ptb":142.0,"sat":0,"light":"blue","gain":"16x"}
23:51:49.574  {"type":"live","t":238153,"c":0,"r":0,"g":0,"b":0,"pta":142.0,"ptb":142.0,"sat":0,"light":"blue","gain":"16x"}
23:51:50.379  {"type":"live","t":238554,"c":0,"r":0,"g":0,"b":0,"pta":142.0,"ptb":142.0,"sat":0,"light":"blue","gain":"16x"}
23:51:50.379  {"type":"live","t":238955,"c":0,"r":0,"g":0,"b":0,"pta":142.0,"ptb":142.0,"sat":0,"light":"blue","gain":"16x"}
23:51:51.184  {"type":"live","t":239356,"c":0,"r":0,"g":0,"b":0,"pta":142.0,"ptb":142.0,"sat":0,"light":"blue","gain":"16x"}
23:51:51.184  {"type":"live","t":239757,"c":0,"r":0,"g":0,"b":0,"pta":142.0,"ptb":142.0,"sat":0,"light":"blue","gain":"16x"}
23:51:52.198  {"type":"live","t":240158,"c":0,"r":0,"g":0,"b":0,"pta":142.0,"ptb":142.0,"sat":0,"light":"blue","gain":"16x"}
23:51:52.198  {"type":"live","t":240559,"c":0,"r":0,"g":0,"b":0,"pta":142.0,"ptb":142.0,"sat":0,"light":"blue","gain":"16x"}
23:51:52.198  {"type":"live","t":240960,"c":0,"r":0,"g":0,"b":0,"pta":142.0,"ptb":142.0,"sat":0,"light":"blue","gain":"16x"}
23:51:53.183  {"type":"live","t":241361,"c":0,"r":0,"g":0,"b":0,"pta":142.0,"ptb":142.0,"sat":0,"light":"blue","gain":"16x"}
23:51:53.183  {"type":"live","t":241762,"c":0,"r":0,"g":0,"b":0,"pta":142.0,"ptb":142.0,"sat":0,"light":"blue","gain":"16x"}
23:51:53.988  {"type":"live","t":242163,"c":0,"r":0,"g":0,"b":0,"pta":142.0,"ptb":142.0,"sat":0,"light":"blue","gain":"16x"}
23:51:53.988  {"type":"live","t":242564,"c":0,"r":0,"g":0,"b":0,"pta":142.0,"ptb":142.0,"sat":0,"light":"blue","gain":"16x"}
23:51:54.793  {"type":"live","t":242965,"c":0,"r":0,"g":0,"b":0,"pta":142.0,"ptb":142.0,"sat":0,"light":"blue","gain":"16x"}
23:51:54.793  {"type":"live","t":243366,"c":0,"r":0,"g":0,"b":0,"pta":142.0,"ptb":142.0,"sat":0,"light":"blue","gain":"16x"}
23:51:55.800  {"type":"live","t":243767,"c":0,"r":0,"g":0,"b":0,"pta":142.0,"ptb":142.0,"sat":0,"light":"blue","gain":"16x"}
23:51:55.801  {"type":"live","t":244168,"c":0,"r":0,"g":0,"b":0,"pta":142.0,"ptb":142.0,"sat":0,"light":"blue","gain":"16x"}
23:51:55.801  {"type":"live","t":244569,"c":0,"r":0,"g":0,"b":0,"pta":142.0,"ptb":142.0,"sat":0,"light":"blue","gain":"16x"}
23:51:56.792  {"type":"live","t":244970,"c":0,"r":0,"g":0,"b":0,"pta":142.0,"ptb":142.0,"sat":0,"light":"blue","gain":"16x"}
23:51:56.792  {"type":"live","t":245371,"c":0,"r":0,"g":0,"b":0,"pta":142.0,"ptb":142.0,"sat":0,"light":"blue","gain":"16x"}
23:51:57.596  {"type":"live","t":245772,"c":0,"r":0,"g":0,"b":0,"pta":142.0,"ptb":142.0,"sat":0,"light":"blue","gain":"16x"}
23:51:57.596  {"type":"live","t":246173,"c":0,"r":0,"g":0,"b":0,"pta":142.0,"ptb":142.0,"sat":0,"light":"blue","gain":"16x"}
23:51:58.401  {"type":"live","t":246574,"c":0,"r":0,"g":0,"b":0,"pta":142.0,"ptb":142.0,"sat":0,"light":"blue","gain":"16x"}
23:51:58.401  {"type":"live","t":246975,"c":0,"r":0,"g":0,"b":0,"pta":142.0,"ptb":142.0,"sat":0,"light":"blue","gain":"16x"}
23:51:59.414  {"type":"live","t":247376,"c":0,"r":0,"g":0,"b":0,"pta":142.0,"ptb":142.0,"sat":0,"light":"blue","gain":"16x"}
23:51:59.414  {"type":"live","t":247777,"c":0,"r":0,"g":0,"b":0,"pta":142.0,"ptb":142.0,"sat":0,"light":"blue","gain":"16x"}
23:51:59.415  {"type":"live","t":248178,"c":0,"r":0,"g":0,"b":0,"pta":142.0,"ptb":142.0,"sat":0,"light":"blue","gain":"16x"}
23:52:00.401  {"type":"live","t":248579,"c":0,"r":0,"g":0,"b":0,"pta":142.0,"ptb":142.0,"sat":0,"light":"blue","gain":"16x"}
23:52:00.401  {"type":"live","t":248980,"c":0,"r":0,"g":0,"b":0,"pta":142.0,"ptb":142.0,"sat":0,"light":"blue","gain":"16x"}
23:52:01.205  {"type":"live","t":249381,"c":0,"r":0,"g":0,"b":0,"pta":142.0,"ptb":142.0,"sat":0,"light":"blue","gain":"16x"}
23:52:01.205  {"type":"live","t":249782,"c":0,"r":0,"g":0,"b":0,"pta":142.0,"ptb":142.0,"sat":0,"light":"blue","gain":"16x"}
23:52:02.010  {"type":"live","t":250183,"c":0,"r":0,"g":0,"b":0,"pta":142.0,"ptb":142.0,"sat":0,"light":"blue","gain":"16x"}
23:52:02.010  {"type":"live","t":250584,"c":0,"r":0,"g":0,"b":0,"pta":142.0,"ptb":142.0,"sat":0,"light":"blue","gain":"16x"}
23:52:03.013  {"type":"live","t":250985,"c":0,"r":0,"g":0,"b":0,"pta":142.0,"ptb":142.0,"sat":0,"light":"blue","gain":"16x"}
23:52:03.013  {"type":"live","t":251386,"c":0,"r":0,"g":0,"b":0,"pta":142.0,"ptb":142.0,"sat":0,"light":"blue","gain":"16x"}
23:52:03.014  {"type":"live","t":251787,"c":0,"r":0,"g":0,"b":0,"pta":142.0,"ptb":142.0,"sat":0,"light":"blue","gain":"16x"}
23:52:04.009  {"type":"live","t":252188,"c":0,"r":0,"g":0,"b":0,"pta":142.0,"ptb":142.0,"sat":0,"light":"blue","gain":"16x"}
23:52:04.009  {"type":"live","t":252589,"c":0,"r":0,"g":0,"b":0,"pta":142.0,"ptb":142.0,"sat":0,"light":"blue","gain":"16x"}
23:52:04.814  {"type":"live","t":252990,"c":0,"r":0,"g":0,"b":0,"pta":142.0,"ptb":142.0,"sat":0,"light":"blue","gain":"16x"}
23:52:04.814  {"type":"live","t":253391,"c":0,"r":0,"g":0,"b":0,"pta":142.0,"ptb":142.0,"sat":0,"light":"blue","gain":"16x"}
23:52:05.619  {"type":"live","t":253792,"c":0,"r":0,"g":0,"b":0,"pta":142.0,"ptb":142.0,"sat":0,"light":"blue","gain":"16x"}
23:52:05.619  {"type":"live","t":254193,"c":0,"r":0,"g":0,"b":0,"pta":142.0,"ptb":142.0,"sat":0,"light":"blue","gain":"16x"}
23:52:06.634  {"type":"live","t":254594,"c":0,"r":0,"g":0,"b":0,"pta":142.0,"ptb":142.0,"sat":0,"light":"blue","gain":"16x"}
23:52:06.634  {"type":"live","t":254995,"c":0,"r":0,"g":0,"b":0,"pta":142.0,"ptb":142.0,"sat":0,"light":"blue","gain":"16x"}
23:52:06.634  {"type":"live","t":255396,"c":0,"r":0,"g":0,"b":0,"pta":142.0,"ptb":142.0,"sat":0,"light":"blue","gain":"16x"}
23:52:07.618  {"type":"live","t":255797,"c":0,"r":0,"g":0,"b":0,"pta":142.0,"ptb":142.0,"sat":0,"light":"blue","gain":"16x"}
23:52:07.618  {"type":"live","t":256198,"c":0,"r":0,"g":0,"b":0,"pta":142.0,"ptb":142.0,"sat":0,"light":"blue","gain":"16x"}
23:52:08.423  {"type":"live","t":256599,"c":0,"r":0,"g":0,"b":0,"pta":142.0,"ptb":142.0,"sat":0,"light":"blue","gain":"16x"}
23:52:08.423  {"type":"live","t":257000,"c":0,"r":0,"g":0,"b":0,"pta":142.0,"ptb":142.0,"sat":0,"light":"blue","gain":"16x"}
23:52:09.228  {"type":"live","t":257401,"c":0,"r":0,"g":0,"b":0,"pta":142.0,"ptb":142.0,"sat":0,"light":"blue","gain":"16x"}
23:52:09.228  {"type":"live","t":257802,"c":0,"r":0,"g":0,"b":0,"pta":142.0,"ptb":142.0,"sat":0,"light":"blue","gain":"16x"}
23:52:10.232  {"type":"live","t":258203,"c":0,"r":0,"g":0,"b":0,"pta":142.0,"ptb":142.0,"sat":0,"light":"blue","gain":"16x"}
23:52:10.232  {"type":"live","t":258604,"c":0,"r":0,"g":0,"b":0,"pta":142.0,"ptb":142.0,"sat":0,"light":"blue","gain":"16x"}
23:52:10.233  {"type":"live","t":259005,"c":0,"r":0,"g":0,"b":0,"pta":142.0,"ptb":142.0,"sat":0,"light":"blue","gain":"16x"}
23:52:11.227  {"type":"live","t":259406,"c":0,"r":0,"g":0,"b":0,"pta":142.0,"ptb":142.0,"sat":0,"light":"blue","gain":"16x"}
23:52:11.228  {"type":"live","t":259807,"c":0,"r":0,"g":0,"b":0,"pta":142.0,"ptb":142.0,"sat":0,"light":"blue","gain":"16x"}
23:52:12.032  {"type":"live","t":260208,"c":0,"r":0,"g":0,"b":0,"pta":142.0,"ptb":142.0,"sat":0,"light":"blue","gain":"16x"}
23:52:12.032  {"type":"live","t":260609,"c":0,"r":0,"g":0,"b":0,"pta":142.0,"ptb":142.0,"sat":0,"light":"blue","gain":"16x"}
23:52:12.837  {"type":"live","t":261010,"c":0,"r":0,"g":0,"b":0,"pta":142.0,"ptb":142.0,"sat":0,"light":"blue","gain":"16x"}
23:52:12.838  {"type":"live","t":261411,"c":0,"r":0,"g":0,"b":0,"pta":142.0,"ptb":142.0,"sat":0,"light":"blue","gain":"16x"}
23:52:13.840  {"type":"live","t":261812,"c":0,"r":0,"g":0,"b":0,"pta":142.0,"ptb":142.0,"sat":0,"light":"blue","gain":"16x"}
23:52:13.840  {"type":"live","t":262213,"c":0,"r":0,"g":0,"b":0,"pta":142.0,"ptb":142.0,"sat":0,"light":"blue","gain":"16x"}
23:52:13.841  {"type":"live","t":262614,"c":0,"r":0,"g":0,"b":0,"pta":142.0,"ptb":142.0,"sat":0,"light":"blue","gain":"16x"}
23:52:14.836  {"type":"live","t":263015,"c":0,"r":0,"g":0,"b":0,"pta":142.0,"ptb":142.0,"sat":0,"light":"blue","gain":"16x"}
23:52:14.836  {"type":"live","t":263416,"c":0,"r":0,"g":0,"b":0,"pta":142.0,"ptb":142.0,"sat":0,"light":"blue","gain":"16x"}
23:52:15.641  {"type":"live","t":263817,"c":0,"r":0,"g":0,"b":0,"pta":142.0,"ptb":142.0,"sat":0,"light":"blue","gain":"16x"}
23:52:15.641  {"type":"live","t":264218,"c":0,"r":0,"g":0,"b":0,"pta":142.0,"ptb":142.0,"sat":0,"light":"blue","gain":"16x"}
23:52:16.446  {"type":"live","t":264619,"c":0,"r":0,"g":0,"b":0,"pta":142.0,"ptb":142.0,"sat":0,"light":"blue","gain":"16x"}
23:52:16.446  {"type":"live","t":265020,"c":0,"r":0,"g":0,"b":0,"pta":142.0,"ptb":142.0,"sat":0,"light":"blue","gain":"16x"}
23:52:17.456  {"type":"live","t":265421,"c":0,"r":0,"g":0,"b":0,"pta":142.0,"ptb":142.0,"sat":0,"light":"blue","gain":"16x"}
23:52:17.456  {"type":"live","t":265822,"c":0,"r":0,"g":0,"b":0,"pta":142.0,"ptb":142.0,"sat":0,"light":"blue","gain":"16x"}
23:52:17.457  {"type":"live","t":266223,"c":0,"r":0,"g":0,"b":0,"pta":142.0,"ptb":142.0,"sat":0,"light":"blue","gain":"16x"}
23:52:18.445  {"type":"live","t":266624,"c":0,"r":0,"g":0,"b":0,"pta":142.0,"ptb":142.0,"sat":0,"light":"blue","gain":"16x"}
23:52:18.445  {"type":"live","t":267025,"c":0,"r":0,"g":0,"b":0,"pta":142.0,"ptb":142.0,"sat":0,"light":"blue","gain":"16x"}
23:52:19.250  {"type":"live","t":267426,"c":0,"r":0,"g":0,"b":0,"pta":142.0,"ptb":142.0,"sat":0,"light":"blue","gain":"16x"}
23:52:19.250  {"type":"live","t":267827,"c":0,"r":0,"g":0,"b":0,"pta":142.0,"ptb":142.0,"sat":0,"light":"blue","gain":"16x"}
23:52:20.055  {"type":"live","t":268228,"c":0,"r":0,"g":0,"b":0,"pta":142.0,"ptb":142.0,"sat":0,"light":"blue","gain":"16x"}
23:52:20.055  {"type":"live","t":268629,"c":0,"r":0,"g":0,"b":0,"pta":142.0,"ptb":142.0,"sat":0,"light":"blue","gain":"16x"}
23:52:21.061  {"type":"live","t":269030,"c":0,"r":0,"g":0,"b":0,"pta":142.0,"ptb":142.0,"sat":0,"light":"blue","gain":"16x"}
23:52:21.062  {"type":"live","t":269431,"c":0,"r":0,"g":0,"b":0,"pta":142.0,"ptb":142.0,"sat":0,"light":"blue","gain":"16x"}
23:52:21.062  {"type":"live","t":269832,"c":0,"r":0,"g":0,"b":0,"pta":142.0,"ptb":142.0,"sat":0,"light":"blue","gain":"16x"}
23:52:22.054  {"type":"live","t":270233,"c":0,"r":0,"g":0,"b":0,"pta":142.0,"ptb":142.0,"sat":0,"light":"blue","gain":"16x"}
23:52:22.055  {"type":"live","t":270634,"c":0,"r":0,"g":0,"b":0,"pta":142.0,"ptb":142.0,"sat":0,"light":"blue","gain":"16x"}
23:52:22.859  {"type":"live","t":271035,"c":0,"r":0,"g":0,"b":0,"pta":142.0,"ptb":142.0,"sat":0,"light":"blue","gain":"16x"}
23:52:22.859  {"type":"live","t":271436,"c":0,"r":0,"g":0,"b":0,"pta":142.0,"ptb":142.0,"sat":0,"light":"blue","gain":"16x"}
23:52:23.664  {"type":"live","t":271837,"c":0,"r":0,"g":0,"b":0,"pta":142.0,"ptb":142.0,"sat":0,"light":"blue","gain":"16x"}
23:52:23.665  {"type":"live","t":272238,"c":0,"r":0,"g":0,"b":0,"pta":142.0,"ptb":142.0,"sat":0,"light":"blue","gain":"16x"}
23:52:24.679  {"type":"live","t":272639,"c":0,"r":0,"g":0,"b":0,"pta":142.0,"ptb":142.0,"sat":0,"light":"blue","gain":"16x"}
23:52:24.679  {"type":"live","t":273040,"c":0,"r":0,"g":0,"b":0,"pta":142.0,"ptb":142.0,"sat":0,"light":"blue","gain":"16x"}
23:52:24.680  {"type":"live","t":273441,"c":0,"r":0,"g":0,"b":0,"pta":142.0,"ptb":142.0,"sat":0,"light":"blue","gain":"16x"}
23:52:25.663  {"type":"live","t":273842,"c":0,"r":0,"g":0,"b":0,"pta":142.0,"ptb":142.0,"sat":0,"light":"blue","gain":"16x"}
23:52:25.663  {"type":"live","t":274243,"c":0,"r":0,"g":0,"b":0,"pta":142.0,"ptb":142.0,"sat":0,"light":"blue","gain":"16x"}
23:52:26.468  {"type":"live","t":274644,"c":0,"r":0,"g":0,"b":0,"pta":142.0,"ptb":142.0,"sat":0,"light":"blue","gain":"16x"}
23:52:26.468  {"type":"live","t":275045,"c":0,"r":0,"g":0,"b":0,"pta":142.0,"ptb":142.0,"sat":0,"light":"blue","gain":"16x"}
23:52:27.273  {"type":"live","t":275446,"c":0,"r":0,"g":0,"b":0,"pta":142.0,"ptb":142.0,"sat":0,"light":"blue","gain":"16x"}
23:52:27.273  {"type":"live","t":275847,"c":0,"r":0,"g":0,"b":0,"pta":142.0,"ptb":142.0,"sat":0,"light":"blue","gain":"16x"}
23:52:28.274  {"type":"live","t":276248,"c":0,"r":0,"g":0,"b":0,"pta":142.0,"ptb":142.0,"sat":0,"light":"blue","gain":"16x"}
23:52:28.275  {"type":"live","t":276649,"c":0,"r":0,"g":0,"b":0,"pta":142.0,"ptb":142.0,"sat":0,"light":"blue","gain":"16x"}
23:52:28.275  {"type":"live","t":277050,"c":0,"r":0,"g":0,"b":0,"pta":142.0,"ptb":142.0,"sat":0,"light":"blue","gain":"16x"}
23:52:29.272  {"type":"live","t":277451,"c":0,"r":0,"g":0,"b":0,"pta":142.0,"ptb":142.0,"sat":0,"light":"blue","gain":"16x"}
23:52:29.272  {"type":"live","t":277852,"c":0,"r":0,"g":0,"b":0,"pta":142.0,"ptb":142.0,"sat":0,"light":"blue","gain":"16x"}
23:52:30.077  {"type":"live","t":278253,"c":0,"r":0,"g":0,"b":0,"pta":142.0,"ptb":142.0,"sat":0,"light":"blue","gain":"16x"}
23:52:30.077  {"type":"live","t":278654,"c":0,"r":0,"g":0,"b":0,"pta":142.0,"ptb":142.0,"sat":0,"light":"blue","gain":"16x"}
23:52:30.882  {"type":"live","t":279055,"c":0,"r":0,"g":0,"b":0,"pta":142.0,"ptb":142.0,"sat":0,"light":"blue","gain":"16x"}
23:52:30.883  {"type":"live","t":279456,"c":0,"r":0,"g":0,"b":0,"pta":142.0,"ptb":142.0,"sat":0,"light":"blue","gain":"16x"}
23:52:31.896  {"type":"live","t":279857,"c":0,"r":0,"g":0,"b":0,"pta":142.0,"ptb":142.0,"sat":0,"light":"blue","gain":"16x"}
23:52:31.897  {"type":"live","t":280258,"c":0,"r":0,"g":0,"b":0,"pta":142.0,"ptb":142.0,"sat":0,"light":"blue","gain":"16x"}
23:52:31.898  {"type":"live","t":280659,"c":0,"r":0,"g":0,"b":0,"pta":142.0,"ptb":142.0,"sat":0,"light":"blue","gain":"16x"}
23:52:32.881  {"type":"live","t":281060,"c":0,"r":0,"g":0,"b":0,"pta":142.0,"ptb":142.0,"sat":0,"light":"blue","gain":"16x"}
23:52:32.881  {"type":"live","t":281461,"c":0,"r":0,"g":0,"b":0,"pta":142.0,"ptb":142.0,"sat":0,"light":"blue","gain":"16x"}
23:52:33.686  {"type":"live","t":281862,"c":0,"r":0,"g":0,"b":0,"pta":142.0,"ptb":142.0,"sat":0,"light":"blue","gain":"16x"}
23:52:33.686  {"type":"live","t":282263,"c":0,"r":0,"g":0,"b":0,"pta":142.0,"ptb":142.0,"sat":0,"light":"blue","gain":"16x"}
23:52:34.491  {"type":"live","t":282664,"c":0,"r":0,"g":0,"b":0,"pta":142.0,"ptb":142.0,"sat":0,"light":"blue","gain":"16x"}
23:52:34.491  {"type":"live","t":283065,"c":0,"r":0,"g":0,"b":0,"pta":142.0,"ptb":142.0,"sat":0,"light":"blue","gain":"16x"}
23:52:35.501  {"type":"live","t":283466,"c":0,"r":0,"g":0,"b":0,"pta":142.0,"ptb":142.0,"sat":0,"light":"blue","gain":"16x"}
23:52:35.502  {"type":"live","t":283867,"c":0,"r":0,"g":0,"b":0,"pta":142.0,"ptb":142.0,"sat":0,"light":"blue","gain":"16x"}
23:52:35.502  {"type":"live","t":284268,"c":0,"r":0,"g":0,"b":0,"pta":142.0,"ptb":142.0,"sat":0,"light":"blue","gain":"16x"}
23:52:36.490  {"type":"live","t":284669,"c":0,"r":0,"g":0,"b":0,"pta":142.0,"ptb":142.0,"sat":0,"light":"blue","gain":"16x"}
23:52:36.490  {"type":"live","t":285070,"c":0,"r":0,"g":0,"b":0,"pta":142.0,"ptb":142.0,"sat":0,"light":"blue","gain":"16x"}
23:52:37.295  {"type":"live","t":285471,"c":0,"r":0,"g":0,"b":0,"pta":142.0,"ptb":142.0,"sat":0,"light":"blue","gain":"16x"}
23:52:37.295  {"type":"live","t":285872,"c":0,"r":0,"g":0,"b":0,"pta":142.0,"ptb":142.0,"sat":0,"light":"blue","gain":"16x"}
23:52:38.100  {"type":"live","t":286273,"c":0,"r":0,"g":0,"b":0,"pta":142.0,"ptb":142.0,"sat":0,"light":"blue","gain":"16x"}
23:52:38.101  {"type":"live","t":286674,"c":0,"r":0,"g":0,"b":0,"pta":142.0,"ptb":142.0,"sat":0,"light":"blue","gain":"16x"}
23:52:39.109  {"type":"live","t":287075,"c":0,"r":0,"g":0,"b":0,"pta":142.0,"ptb":142.0,"sat":0,"light":"blue","gain":"16x"}
23:52:39.109  {"type":"live","t":287476,"c":0,"r":0,"g":0,"b":0,"pta":142.0,"ptb":142.0,"sat":0,"light":"blue","gain":"16x"}
23:52:39.110  {"type":"live","t":287877,"c":0,"r":0,"g":0,"b":0,"pta":142.0,"ptb":142.0,"sat":0,"light":"blue","gain":"16x"}
23:52:40.099  {"type":"live","t":288278,"c":0,"r":0,"g":0,"b":0,"pta":142.0,"ptb":142.0,"sat":0,"light":"blue","gain":"16x"}
23:52:40.099  {"type":"live","t":288679,"c":0,"r":0,"g":0,"b":0,"pta":142.0,"ptb":142.0,"sat":0,"light":"blue","gain":"16x"}
23:52:40.904  {"type":"live","t":289080,"c":0,"r":0,"g":0,"b":0,"pta":142.0,"ptb":142.0,"sat":0,"light":"blue","gain":"16x"}
23:52:40.904  {"type":"live","t":289481,"c":0,"r":0,"g":0,"b":0,"pta":142.0,"ptb":142.0,"sat":0,"light":"blue","gain":"16x"}
23:52:41.709  {"type":"live","t":289882,"c":0,"r":0,"g":0,"b":0,"pta":142.0,"ptb":142.0,"sat":0,"light":"blue","gain":"16x"}
23:52:41.709  {"type":"live","t":290283,"c":0,"r":0,"g":0,"b":0,"pta":142.0,"ptb":142.0,"sat":0,"light":"blue","gain":"16x"}
23:52:42.716  {"type":"live","t":290684,"c":0,"r":0,"g":0,"b":0,"pta":142.0,"ptb":142.0,"sat":0,"light":"blue","gain":"16x"}
23:52:42.717  {"type":"live","t":291085,"c":0,"r":0,"g":0,"b":0,"pta":142.0,"ptb":142.0,"sat":0,"light":"blue","gain":"16x"}
23:52:42.718  {"type":"live","t":291486,"c":0,"r":0,"g":0,"b":0,"pta":142.0,"ptb":142.0,"sat":0,"light":"blue","gain":"16x"}
23:52:43.708  {"type":"live","t":291887,"c":0,"r":0,"g":0,"b":0,"pta":142.0,"ptb":142.0,"sat":0,"light":"blue","gain":"16x"}
23:52:43.708  {"type":"live","t":292288,"c":0,"r":0,"g":0,"b":0,"pta":142.0,"ptb":142.0,"sat":0,"light":"blue","gain":"16x"}
23:52:44.513  {"type":"live","t":292689,"c":0,"r":0,"g":0,"b":0,"pta":142.0,"ptb":142.0,"sat":0,"light":"blue","gain":"16x"}
23:52:44.513  {"type":"live","t":293090,"c":0,"r":0,"g":0,"b":0,"pta":142.0,"ptb":142.0,"sat":0,"light":"blue","gain":"16x"}
23:52:45.318  {"type":"live","t":293491,"c":0,"r":0,"g":0,"b":0,"pta":142.0,"ptb":142.0,"sat":0,"light":"blue","gain":"16x"}
23:52:45.318  {"type":"live","t":293892,"c":0,"r":0,"g":0,"b":0,"pta":142.0,"ptb":142.0,"sat":0,"light":"blue","gain":"16x"}
23:52:46.332  {"type":"live","t":294293,"c":0,"r":0,"g":0,"b":0,"pta":142.0,"ptb":142.0,"sat":0,"light":"blue","gain":"16x"}
23:52:46.332  {"type":"live","t":294694,"c":0,"r":0,"g":0,"b":0,"pta":142.0,"ptb":142.0,"sat":0,"light":"blue","gain":"16x"}
23:52:46.332  {"type":"live","t":295095,"c":0,"r":0,"g":0,"b":0,"pta":142.0,"ptb":142.0,"sat":0,"light":"blue","gain":"16x"}
23:52:47.317  {"type":"live","t":295496,"c":0,"r":0,"g":0,"b":0,"pta":142.0,"ptb":142.0,"sat":0,"light":"blue","gain":"16x"}
23:52:47.318  {"type":"live","t":295897,"c":0,"r":0,"g":0,"b":0,"pta":142.0,"ptb":142.0,"sat":0,"light":"blue","gain":"16x"}
23:52:47.730  {"type":"live","t":296298,"c":0,"r":0,"g":0,"b":0,"pta":142.0,"ptb":142.0,"sat":0,"light":"blue","gain":"16x"}
23:52:47.731  {"type":"live","t":296699,"c":0,"r":0,"g":0,"b":0,"pta":142.0,"ptb":142.0,"sat":0,"light":"blue","gain":"16x"}
23:52:48.740  {"type":"hello","fw":"probe-0.2","tcs":0,"oled":1,"light":"blue","gain":"16x","samples":50}
23:52:48.740  {"type":"live","t":297100,"c":0,"r":0,"g":0,"b":0,"pta":142.0,"ptb":142.0,"sat":0,"light":"blue","gain":"16x"}
23:52:48.741  {"type":"live","t":297501,"c":0,"r":0,"g":0,"b":0,"pta":142.0,"ptb":142.0,"sat":0,"light":"blue","gain":"16x"}
23:52:49.723  {"type":"live","t":297902,"c":0,"r":0,"g":0,"b":0,"pta":142.0,"ptb":142.0,"sat":0,"light":"blue","gain":"16x"}
23:52:49.723  {"type":"live","t":298303,"c":0,"r":0,"g":0,"b":0,"pta":142.0,"ptb":142.0,"sat":0,"light":"blue","gain":"16x"}
23:52:50.128  {"type":"live","t":298704,"c":0,"r":0,"g":0,"b":0,"pta":142.0,"ptb":142.0,"sat":0,"light":"blue","gain":"16x"}
23:52:50.129  {"type":"hello","fw":"probe-0.2","tcs":0,"oled":1,"light":"blue","gain":"16x","samples":50}
23:52:51.139  {"type":"live","t":299105,"c":0,"r":0,"g":0,"b":0,"pta":142.0,"ptb":142.0,"sat":0,"light":"blue","gain":"16x"}
23:52:51.139  {"type":"live","t":299506,"c":0,"r":0,"g":0,"b":0,"pta":142.0,"ptb":142.0,"sat":0,"light":"blue","gain":"16x"}
23:52:51.140  {"type":"live","t":299907,"c":0,"r":0,"g":0,"b":0,"pta":142.0,"ptb":142.0,"sat":0,"light":"blue","gain":"16x"}
23:52:52.129  {"type":"live","t":300308,"c":0,"r":0,"g":0,"b":0,"pta":142.0,"ptb":142.0,"sat":0,"light":"blue","gain":"16x"}
23:52:52.129  {"type":"live","t":300709,"c":0,"r":0,"g":0,"b":0,"pta":142.0,"ptb":142.0,"sat":0,"light":"blue","gain":"16x"}
23:52:52.934  {"type":"live","t":301110,"c":0,"r":0,"g":0,"b":0,"pta":142.0,"ptb":142.0,"sat":0,"light":"blue","gain":"16x"}
23:52:52.934  {"type":"live","t":301511,"c":0,"r":0,"g":0,"b":0,"pta":142.0,"ptb":142.0,"sat":0,"light":"blue","gain":"16x"}
23:52:53.739  {"type":"live","t":301912,"c":0,"r":0,"g":0,"b":0,"pta":142.0,"ptb":142.0,"sat":0,"light":"blue","gain":"16x"}
23:52:53.739  {"type":"live","t":302313,"c":0,"r":0,"g":0,"b":0,"pta":142.0,"ptb":142.0,"sat":0,"light":"blue","gain":"16x"}
23:52:54.746  {"type":"live","t":302714,"c":0,"r":0,"g":0,"b":0,"pta":142.0,"ptb":142.0,"sat":0,"light":"blue","gain":"16x"}
23:52:54.747  {"type":"live","t":303115,"c":0,"r":0,"g":0,"b":0,"pta":142.0,"ptb":142.0,"sat":0,"light":"blue","gain":"16x"}
23:52:54.747  {"type":"live","t":303516,"c":0,"r":0,"g":0,"b":0,"pta":142.0,"ptb":142.0,"sat":0,"light":"blue","gain":"16x"}
23:52:55.738  {"type":"live","t":303917,"c":0,"r":0,"g":0,"b":0,"pta":142.0,"ptb":142.0,"sat":0,"light":"blue","gain":"16x"}
23:52:55.738  {"type":"live","t":304318,"c":0,"r":0,"g":0,"b":0,"pta":142.0,"ptb":142.0,"sat":0,"light":"blue","gain":"16x"}
23:52:56.543  {"type":"live","t":304719,"c":0,"r":0,"g":0,"b":0,"pta":142.0,"ptb":142.0,"sat":0,"light":"blue","gain":"16x"}
23:52:56.544  {"type":"live","t":305120,"c":0,"r":0,"g":0,"b":0,"pta":142.0,"ptb":142.0,"sat":0,"light":"blue","gain":"16x"}
23:52:57.348  {"type":"live","t":305521,"c":0,"r":0,"g":0,"b":0,"pta":142.0,"ptb":142.0,"sat":0,"light":"blue","gain":"16x"}
23:52:57.348  {"type":"live","t":305922,"c":0,"r":0,"g":0,"b":0,"pta":142.0,"ptb":142.0,"sat":0,"light":"blue","gain":"16x"}
23:52:58.364  {"type":"live","t":306323,"c":0,"r":0,"g":0,"b":0,"pta":142.0,"ptb":142.0,"sat":0,"light":"blue","gain":"16x"}
23:52:58.364  {"type":"live","t":306724,"c":0,"r":0,"g":0,"b":0,"pta":142.0,"ptb":142.0,"sat":0,"light":"blue","gain":"16x"}
23:52:58.364  {"type":"live","t":307125,"c":0,"r":0,"g":0,"b":0,"pta":142.0,"ptb":142.0,"sat":0,"light":"blue","gain":"16x"}
23:52:59.347  {"type":"live","t":307526,"c":0,"r":0,"g":0,"b":0,"pta":142.0,"ptb":142.0,"sat":0,"light":"blue","gain":"16x"}
23:52:59.348  {"type":"live","t":307927,"c":0,"r":0,"g":0,"b":0,"pta":142.0,"ptb":142.0,"sat":0,"light":"blue","gain":"16x"}
23:53:00.152  {"type":"live","t":308328,"c":0,"r":0,"g":0,"b":0,"pta":142.0,"ptb":142.0,"sat":0,"light":"blue","gain":"16x"}
23:53:00.152  {"type":"live","t":308729,"c":0,"r":0,"g":0,"b":0,"pta":142.0,"ptb":142.0,"sat":0,"light":"blue","gain":"16x"}
23:53:00.956  {"type":"live","t":309130,"c":0,"r":0,"g":0,"b":0,"pta":142.0,"ptb":142.0,"sat":0,"light":"blue","gain":"16x"}
23:53:00.956  {"type":"live","t":309531,"c":0,"r":0,"g":0,"b":0,"pta":142.0,"ptb":142.0,"sat":0,"light":"blue","gain":"16x"}
23:53:01.959  {"type":"live","t":309932,"c":0,"r":0,"g":0,"b":0,"pta":142.0,"ptb":142.0,"sat":0,"light":"blue","gain":"16x"}
23:53:01.959  {"type":"live","t":310333,"c":0,"r":0,"g":0,"b":0,"pta":142.0,"ptb":142.0,"sat":0,"light":"blue","gain":"16x"}
23:53:01.960  {"type":"live","t":310734,"c":0,"r":0,"g":0,"b":0,"pta":142.0,"ptb":142.0,"sat":0,"light":"blue","gain":"16x"}
23:53:02.956  {"type":"live","t":311135,"c":0,"r":0,"g":0,"b":0,"pta":142.0,"ptb":142.0,"sat":0,"light":"blue","gain":"16x"}
23:53:02.956  {"type":"live","t":311536,"c":0,"r":0,"g":0,"b":0,"pta":142.0,"ptb":142.0,"sat":0,"light":"blue","gain":"16x"}
23:53:03.760  {"type":"live","t":311937,"c":0,"r":0,"g":0,"b":0,"pta":142.0,"ptb":142.0,"sat":0,"light":"blue","gain":"16x"}
23:53:03.761  {"type":"live","t":312338,"c":0,"r":0,"g":0,"b":0,"pta":142.0,"ptb":142.0,"sat":0,"light":"blue","gain":"16x"}
23:53:04.565  {"type":"live","t":312739,"c":0,"r":0,"g":0,"b":0,"pta":142.0,"ptb":142.0,"sat":0,"light":"blue","gain":"16x"}
23:53:04.565  {"type":"live","t":313140,"c":0,"r":0,"g":0,"b":0,"pta":142.0,"ptb":142.0,"sat":0,"light":"blue","gain":"16x"}
23:53:05.572  {"type":"live","t":313541,"c":0,"r":0,"g":0,"b":0,"pta":142.0,"ptb":142.0,"sat":0,"light":"blue","gain":"16x"}
23:53:05.572  {"type":"live","t":313942,"c":0,"r":0,"g":0,"b":0,"pta":142.0,"ptb":142.0,"sat":0,"light":"blue","gain":"16x"}
23:53:05.573  {"type":"live","t":314343,"c":0,"r":0,"g":0,"b":0,"pta":142.0,"ptb":142.0,"sat":0,"light":"blue","gain":"16x"}
23:53:06.564  {"type":"live","t":314744,"c":0,"r":0,"g":0,"b":0,"pta":142.0,"ptb":142.0,"sat":0,"light":"blue","gain":"16x"}
23:53:06.564  {"type":"live","t":315145,"c":0,"r":0,"g":0,"b":0,"pta":142.0,"ptb":142.0,"sat":0,"light":"blue","gain":"16x"}
23:53:07.369  {"type":"live","t":315546,"c":0,"r":0,"g":0,"b":0,"pta":142.0,"ptb":142.0,"sat":0,"light":"blue","gain":"16x"}
23:53:07.369  {"type":"live","t":315947,"c":0,"r":0,"g":0,"b":0,"pta":142.0,"ptb":142.0,"sat":0,"light":"blue","gain":"16x"}
23:53:08.174  {"type":"live","t":316348,"c":0,"r":0,"g":0,"b":0,"pta":142.0,"ptb":142.0,"sat":0,"light":"blue","gain":"16x"}
23:53:08.174  {"type":"live","t":316749,"c":0,"r":0,"g":0,"b":0,"pta":142.0,"ptb":142.0,"sat":0,"light":"blue","gain":"16x"}
23:53:09.178  {"type":"live","t":317150,"c":0,"r":0,"g":0,"b":0,"pta":142.0,"ptb":142.0,"sat":0,"light":"blue","gain":"16x"}
23:53:09.178  {"type":"live","t":317551,"c":0,"r":0,"g":0,"b":0,"pta":142.0,"ptb":142.0,"sat":0,"light":"blue","gain":"16x"}
23:53:09.179  {"type":"live","t":317952,"c":0,"r":0,"g":0,"b":0,"pta":142.0,"ptb":142.0,"sat":0,"light":"blue","gain":"16x"}
23:53:10.173  {"type":"live","t":318353,"c":0,"r":0,"g":0,"b":0,"pta":142.0,"ptb":142.0,"sat":0,"light":"blue","gain":"16x"}
23:53:10.173  {"type":"live","t":318754,"c":0,"r":0,"g":0,"b":0,"pta":142.0,"ptb":142.0,"sat":0,"light":"blue","gain":"16x"}
23:53:10.978  {"type":"live","t":319155,"c":0,"r":0,"g":0,"b":0,"pta":142.0,"ptb":142.0,"sat":0,"light":"blue","gain":"16x"}
23:53:10.979  {"type":"live","t":319556,"c":0,"r":0,"g":0,"b":0,"pta":142.0,"ptb":142.0,"sat":0,"light":"blue","gain":"16x"}
23:53:11.783  {"type":"live","t":319957,"c":0,"r":0,"g":0,"b":0,"pta":142.0,"ptb":142.0,"sat":0,"light":"blue","gain":"16x"}
23:53:11.784  {"type":"live","t":320358,"c":0,"r":0,"g":0,"b":0,"pta":142.0,"ptb":142.0,"sat":0,"light":"blue","gain":"16x"}
23:53:12.785  {"type":"live","t":320759,"c":0,"r":0,"g":0,"b":0,"pta":142.0,"ptb":142.0,"sat":0,"light":"blue","gain":"16x"}
23:53:12.785  {"type":"live","t":321160,"c":0,"r":0,"g":0,"b":0,"pta":142.0,"ptb":142.0,"sat":0,"light":"blue","gain":"16x"}
23:53:12.786  {"type":"live","t":321561,"c":0,"r":0,"g":0,"b":0,"pta":142.0,"ptb":142.0,"sat":0,"light":"blue","gain":"16x"}
23:53:13.782  {"type":"live","t":321962,"c":0,"r":0,"g":0,"b":0,"pta":142.0,"ptb":142.0,"sat":0,"light":"blue","gain":"16x"}
23:53:13.782  {"type":"live","t":322363,"c":0,"r":0,"g":0,"b":0,"pta":142.0,"ptb":142.0,"sat":0,"light":"blue","gain":"16x"}
23:53:14.587  {"type":"live","t":322764,"c":0,"r":0,"g":0,"b":0,"pta":142.0,"ptb":142.0,"sat":0,"light":"blue","gain":"16x"}
23:53:14.587  {"type":"live","t":323165,"c":0,"r":0,"g":0,"b":0,"pta":142.0,"ptb":142.0,"sat":0,"light":"blue","gain":"16x"}
23:53:15.392  {"type":"live","t":323566,"c":0,"r":0,"g":0,"b":0,"pta":142.0,"ptb":142.0,"sat":0,"light":"blue","gain":"16x"}
23:53:15.393  {"type":"live","t":323967,"c":0,"r":0,"g":0,"b":0,"pta":142.0,"ptb":142.0,"sat":0,"light":"blue","gain":"16x"}
23:53:16.406  {"type":"live","t":324368,"c":0,"r":0,"g":0,"b":0,"pta":142.0,"ptb":142.0,"sat":0,"light":"blue","gain":"16x"}
23:53:16.407  {"type":"live","t":324769,"c":0,"r":0,"g":0,"b":0,"pta":142.0,"ptb":142.0,"sat":0,"light":"blue","gain":"16x"}
23:53:16.407  {"type":"live","t":325170,"c":0,"r":0,"g":0,"b":0,"pta":142.0,"ptb":142.0,"sat":0,"light":"blue","gain":"16x"}
23:53:17.391  {"type":"live","t":325571,"c":0,"r":0,"g":0,"b":0,"pta":142.0,"ptb":142.0,"sat":0,"light":"blue","gain":"16x"}
23:53:17.391  {"type":"live","t":325972,"c":0,"r":0,"g":0,"b":0,"pta":142.0,"ptb":142.0,"sat":0,"light":"blue","gain":"16x"}
23:53:18.196  {"type":"live","t":326373,"c":0,"r":0,"g":0,"b":0,"pta":142.0,"ptb":142.0,"sat":0,"light":"blue","gain":"16x"}
23:53:18.196  {"type":"live","t":326774,"c":0,"r":0,"g":0,"b":0,"pta":142.0,"ptb":142.0,"sat":0,"light":"blue","gain":"16x"}
23:53:19.001  {"type":"live","t":327175,"c":0,"r":0,"g":0,"b":0,"pta":142.0,"ptb":142.0,"sat":0,"light":"blue","gain":"16x"}
23:53:19.001  {"type":"live","t":327576,"c":0,"r":0,"g":0,"b":0,"pta":142.0,"ptb":142.0,"sat":0,"light":"blue","gain":"16x"}
23:53:20.012  {"type":"live","t":327977,"c":0,"r":0,"g":0,"b":0,"pta":142.0,"ptb":142.0,"sat":0,"light":"blue","gain":"16x"}
23:53:20.013  {"type":"live","t":328378,"c":0,"r":0,"g":0,"b":0,"pta":142.0,"ptb":142.0,"sat":0,"light":"blue","gain":"16x"}
23:53:20.013  {"type":"live","t":328779,"c":0,"r":0,"g":0,"b":0,"pta":142.0,"ptb":142.0,"sat":0,"light":"blue","gain":"16x"}
23:53:21.000  {"type":"live","t":329180,"c":0,"r":0,"g":0,"b":0,"pta":142.0,"ptb":142.0,"sat":0,"light":"blue","gain":"16x"}
23:53:21.000  {"type":"live","t":329581,"c":0,"r":0,"g":0,"b":0,"pta":142.0,"ptb":142.0,"sat":0,"light":"blue","gain":"16x"}
23:53:21.574  {"type":"live","t":329982,"c":0,"r":0,"g":0,"b":0,"pta":142.0,"ptb":142.0,"sat":0,"light":"blue","gain":"16x"}
23:53:21.574  {"type":"live","t":330383,"c":0,"r":0,"g":0,"b":0,"pta":142.0,"ptb":142.0,"sat":0,"light":"blue","gain":"16x"}
23:53:22.583  {"type":"hello","fw":"probe-0.2","tcs":0,"oled":1,"light":"blue","gain":"16x","samples":50}
23:53:22.584  {"type":"live","t":330784,"c":0,"r":0,"g":0,"b":0,"pta":142.0,"ptb":142.0,"sat":0,"light":"blue","gain":"16x"}
23:53:22.584  {"type":"live","t":331185,"c":0,"r":0,"g":0,"b":0,"pta":142.0,"ptb":142.0,"sat":0,"light":"blue","gain":"16x"}
23:53:23.406  {"type":"live","t":331586,"c":0,"r":0,"g":0,"b":0,"pta":142.0,"ptb":142.0,"sat":0,"light":"blue","gain":"16x"}
23:53:23.406  {"type":"live","t":331987,"c":0,"r":0,"g":0,"b":0,"pta":142.0,"ptb":142.0,"sat":0,"light":"blue","gain":"16x"}
23:53:24.211  {"type":"live","t":332388,"c":0,"r":0,"g":0,"b":0,"pta":142.0,"ptb":142.0,"sat":0,"light":"blue","gain":"16x"}
23:53:24.211  {"type":"live","t":332789,"c":0,"r":0,"g":0,"b":0,"pta":142.0,"ptb":142.0,"sat":0,"light":"blue","gain":"16x"}
23:53:25.016  {"type":"live","t":333190,"c":0,"r":0,"g":0,"b":0,"pta":142.0,"ptb":142.0,"sat":0,"light":"blue","gain":"16x"}
23:53:25.016  {"type":"live","t":333591,"c":0,"r":0,"g":0,"b":0,"pta":142.0,"ptb":142.0,"sat":0,"light":"blue","gain":"16x"}
23:53:26.017  {"type":"live","t":333992,"c":0,"r":0,"g":0,"b":0,"pta":142.0,"ptb":142.0,"sat":0,"light":"blue","gain":"16x"}
23:53:26.017  {"type":"live","t":334393,"c":0,"r":0,"g":0,"b":0,"pta":142.0,"ptb":142.0,"sat":0,"light":"blue","gain":"16x"}
23:53:26.018  {"type":"live","t":334794,"c":0,"r":0,"g":0,"b":0,"pta":142.0,"ptb":142.0,"sat":0,"light":"blue","gain":"16x"}
23:53:27.015  {"type":"live","t":335195,"c":0,"r":0,"g":0,"b":0,"pta":142.0,"ptb":142.0,"sat":0,"light":"blue","gain":"16x"}
23:53:27.016  {"type":"live","t":335596,"c":0,"r":0,"g":0,"b":0,"pta":142.0,"ptb":142.0,"sat":0,"light":"blue","gain":"16x"}
23:53:27.820  {"type":"live","t":335997,"c":0,"r":0,"g":0,"b":0,"pta":142.0,"ptb":142.0,"sat":0,"light":"blue","gain":"16x"}
23:53:27.821  {"type":"live","t":336398,"c":0,"r":0,"g":0,"b":0,"pta":142.0,"ptb":142.0,"sat":0,"light":"blue","gain":"16x"}
23:53:28.625  {"type":"live","t":336799,"c":0,"r":0,"g":0,"b":0,"pta":142.0,"ptb":142.0,"sat":0,"light":"blue","gain":"16x"}
23:53:28.626  {"type":"live","t":337200,"c":0,"r":0,"g":0,"b":0,"pta":142.0,"ptb":142.0,"sat":0,"light":"blue","gain":"16x"}
23:53:29.628  {"type":"live","t":337601,"c":0,"r":0,"g":0,"b":0,"pta":142.0,"ptb":142.0,"sat":0,"light":"blue","gain":"16x"}
23:53:29.628  {"type":"live","t":338002,"c":0,"r":0,"g":0,"b":0,"pta":142.0,"ptb":142.0,"sat":0,"light":"blue","gain":"16x"}
23:53:29.629  {"type":"live","t":338403,"c":0,"r":0,"g":0,"b":0,"pta":142.0,"ptb":142.0,"sat":0,"light":"blue","gain":"16x"}
23:53:30.624  {"type":"live","t":338804,"c":0,"r":0,"g":0,"b":0,"pta":142.0,"ptb":142.0,"sat":0,"light":"blue","gain":"16x"}
23:53:30.624  {"type":"live","t":339205,"c":0,"r":0,"g":0,"b":0,"pta":142.0,"ptb":142.0,"sat":0,"light":"blue","gain":"16x"}
23:53:31.429  {"type":"live","t":339606,"c":0,"r":0,"g":0,"b":0,"pta":142.0,"ptb":142.0,"sat":0,"light":"blue","gain":"16x"}
23:53:31.430  {"type":"live","t":340007,"c":0,"r":0,"g":0,"b":0,"pta":142.0,"ptb":142.0,"sat":0,"light":"blue","gain":"16x"}
23:53:32.234  {"type":"live","t":340408,"c":0,"r":0,"g":0,"b":0,"pta":142.0,"ptb":142.0,"sat":0,"light":"blue","gain":"16x"}
23:53:32.235  {"type":"live","t":340809,"c":0,"r":0,"g":0,"b":0,"pta":142.0,"ptb":142.0,"sat":0,"light":"blue","gain":"16x"}
23:53:33.248  {"type":"live","t":341210,"c":0,"r":0,"g":0,"b":0,"pta":142.0,"ptb":142.0,"sat":0,"light":"blue","gain":"16x"}
23:53:33.249  {"type":"live","t":341611,"c":0,"r":0,"g":0,"b":0,"pta":142.0,"ptb":142.0,"sat":0,"light":"blue","gain":"16x"}
23:53:33.249  {"type":"live","t":342012,"c":0,"r":0,"g":0,"b":0,"pta":142.0,"ptb":142.0,"sat":0,"light":"blue","gain":"16x"}
23:53:34.233  {"type":"live","t":342413,"c":0,"r":0,"g":0,"b":0,"pta":142.0,"ptb":142.0,"sat":0,"light":"blue","gain":"16x"}
23:53:34.233  {"type":"live","t":342814,"c":0,"r":0,"g":0,"b":0,"pta":142.0,"ptb":142.0,"sat":0,"light":"blue","gain":"16x"}
23:53:35.038  {"type":"live","t":343215,"c":0,"r":0,"g":0,"b":0,"pta":142.0,"ptb":142.0,"sat":0,"light":"blue","gain":"16x"}
23:53:35.038  {"type":"live","t":343616,"c":0,"r":0,"g":0,"b":0,"pta":142.0,"ptb":142.0,"sat":0,"light":"blue","gain":"16x"}
23:53:35.843  {"type":"live","t":344017,"c":0,"r":0,"g":0,"b":0,"pta":142.0,"ptb":142.0,"sat":0,"light":"blue","gain":"16x"}
23:53:35.843  {"type":"live","t":344418,"c":0,"r":0,"g":0,"b":0,"pta":142.0,"ptb":142.0,"sat":0,"light":"blue","gain":"16x"}
23:53:36.851  {"type":"live","t":344819,"c":0,"r":0,"g":0,"b":0,"pta":142.0,"ptb":142.0,"sat":0,"light":"blue","gain":"16x"}
23:53:36.851  {"type":"live","t":345220,"c":0,"r":0,"g":0,"b":0,"pta":142.0,"ptb":142.0,"sat":0,"light":"blue","gain":"16x"}
23:53:36.852  {"type":"live","t":345621,"c":0,"r":0,"g":0,"b":0,"pta":142.0,"ptb":142.0,"sat":0,"light":"blue","gain":"16x"}
23:53:37.842  {"type":"live","t":346022,"c":0,"r":0,"g":0,"b":0,"pta":142.0,"ptb":142.0,"sat":0,"light":"blue","gain":"16x"}
23:53:37.843  {"type":"live","t":346423,"c":0,"r":0,"g":0,"b":0,"pta":142.0,"ptb":142.0,"sat":0,"light":"blue","gain":"16x"}
23:53:38.647  {"type":"live","t":346824,"c":0,"r":0,"g":0,"b":0,"pta":142.0,"ptb":142.0,"sat":0,"light":"blue","gain":"16x"}
23:53:38.648  {"type":"live","t":347225,"c":0,"r":0,"g":0,"b":0,"pta":142.0,"ptb":142.0,"sat":0,"light":"blue","gain":"16x"}
23:53:39.452  {"type":"live","t":347626,"c":0,"r":0,"g":0,"b":0,"pta":142.0,"ptb":142.0,"sat":0,"light":"blue","gain":"16x"}
23:53:39.453  {"type":"live","t":348027,"c":0,"r":0,"g":0,"b":0,"pta":142.0,"ptb":142.0,"sat":0,"light":"blue","gain":"16x"}
23:53:40.466  {"type":"live","t":348428,"c":0,"r":0,"g":0,"b":0,"pta":142.0,"ptb":142.0,"sat":0,"light":"blue","gain":"16x"}
23:53:40.467  {"type":"live","t":348829,"c":0,"r":0,"g":0,"b":0,"pta":142.0,"ptb":142.0,"sat":0,"light":"blue","gain":"16x"}
23:53:40.467  {"type":"live","t":349230,"c":0,"r":0,"g":0,"b":0,"pta":142.0,"ptb":142.0,"sat":0,"light":"blue","gain":"16x"}
23:53:41.451  {"type":"live","t":349631,"c":0,"r":0,"g":0,"b":0,"pta":142.0,"ptb":142.0,"sat":0,"light":"blue","gain":"16x"}
23:53:41.451  {"type":"live","t":350032,"c":0,"r":0,"g":0,"b":0,"pta":142.0,"ptb":142.0,"sat":0,"light":"blue","gain":"16x"}
23:53:42.256  {"type":"live","t":350433,"c":0,"r":0,"g":0,"b":0,"pta":142.0,"ptb":142.0,"sat":0,"light":"blue","gain":"16x"}
23:53:42.256  {"type":"live","t":350834,"c":0,"r":0,"g":0,"b":0,"pta":142.0,"ptb":142.0,"sat":0,"light":"blue","gain":"16x"}
23:53:42.853  {"type":"live","t":351235,"c":0,"r":0,"g":0,"b":0,"pta":142.0,"ptb":142.0,"sat":0,"light":"blue","gain":"16x"}
23:53:42.853  {"type":"run","target":"yellow","light":"blue","gain":"16x","samples":50}
23:53:42.854  {"type":"sample","target":"yellow","led":1,"n":0,"c":0,"r":0,"g":0,"b":0,"pta":476.7,"ptb":142.0}
23:53:43.314  {"type":"sample","target":"yellow","led":1,"n":1,"c":0,"r":0,"g":0,"b":0,"pta":481.2,"ptb":142.0}
23:53:43.315  {"type":"sample","target":"yellow","led":1,"n":2,"c":0,"r":0,"g":0,"b":0,"pta":462.3,"ptb":142.0}
23:53:43.315  {"type":"sample","target":"yellow","led":1,"n":3,"c":0,"r":0,"g":0,"b":0,"pta":486.1,"ptb":142.0}
23:53:43.630  {"type":"sample","target":"yellow","led":1,"n":4,"c":0,"r":0,"g":0,"b":0,"pta":470.4,"ptb":142.0}
23:53:43.630  {"type":"sample","target":"yellow","led":1,"n":5,"c":0,"r":0,"g":0,"b":0,"pta":467.3,"ptb":142.0}
23:53:44.091  {"type":"sample","target":"yellow","led":1,"n":6,"c":0,"r":0,"g":0,"b":0,"pta":485.8,"ptb":142.0}
23:53:44.092  {"type":"sample","target":"yellow","led":1,"n":7,"c":0,"r":0,"g":0,"b":0,"pta":471.4,"ptb":142.0}
23:53:44.092  {"type":"sample","target":"yellow","led":1,"n":8,"c":0,"r":0,"g":0,"b":0,"pta":463.1,"ptb":142.0}
23:53:44.406  {"type":"sample","target":"yellow","led":1,"n":9,"c":0,"r":0,"g":0,"b":0,"pta":465.1,"ptb":142.0}
23:53:44.406  {"type":"sample","target":"yellow","led":1,"n":10,"c":0,"r":0,"g":0,"b":0,"pta":468.1,"ptb":142.0}
23:53:44.868  {"type":"sample","target":"yellow","led":1,"n":11,"c":0,"r":0,"g":0,"b":0,"pta":473.3,"ptb":142.0}
23:53:44.868  {"type":"sample","target":"yellow","led":1,"n":12,"c":0,"r":0,"g":0,"b":0,"pta":476.4,"ptb":142.0}
23:53:44.869  {"type":"sample","target":"yellow","led":1,"n":13,"c":0,"r":0,"g":0,"b":0,"pta":476.6,"ptb":142.0}
23:53:45.329  {"type":"sample","target":"yellow","led":1,"n":14,"c":0,"r":0,"g":0,"b":0,"pta":485.4,"ptb":142.0}
23:53:45.329  {"type":"sample","target":"yellow","led":1,"n":15,"c":0,"r":0,"g":0,"b":0,"pta":465.0,"ptb":142.0}
23:53:45.330  {"type":"sample","target":"yellow","led":1,"n":16,"c":0,"r":0,"g":0,"b":0,"pta":472.5,"ptb":142.0}
23:53:45.644  {"type":"sample","target":"yellow","led":1,"n":17,"c":0,"r":0,"g":0,"b":0,"pta":485.9,"ptb":142.0}
23:53:45.644  {"type":"sample","target":"yellow","led":1,"n":18,"c":0,"r":0,"g":0,"b":0,"pta":476.9,"ptb":142.0}
23:53:46.106  {"type":"sample","target":"yellow","led":1,"n":19,"c":0,"r":0,"g":0,"b":0,"pta":467.9,"ptb":142.0}
23:53:46.106  {"type":"sample","target":"yellow","led":1,"n":20,"c":0,"r":0,"g":0,"b":0,"pta":467.7,"ptb":142.0}
23:53:46.107  {"type":"sample","target":"yellow","led":1,"n":21,"c":0,"r":0,"g":0,"b":0,"pta":480.1,"ptb":142.0}
23:53:46.421  {"type":"sample","target":"yellow","led":1,"n":22,"c":0,"r":0,"g":0,"b":0,"pta":471.4,"ptb":142.0}
23:53:46.421  {"type":"sample","target":"yellow","led":1,"n":23,"c":0,"r":0,"g":0,"b":0,"pta":468.1,"ptb":142.0}
23:53:46.882  {"type":"sample","target":"yellow","led":1,"n":24,"c":0,"r":0,"g":0,"b":0,"pta":471.6,"ptb":142.0}
23:53:46.882  {"type":"sample","target":"yellow","led":1,"n":25,"c":0,"r":0,"g":0,"b":0,"pta":481.8,"ptb":142.0}
23:53:46.883  {"type":"sample","target":"yellow","led":1,"n":26,"c":0,"r":0,"g":0,"b":0,"pta":478.0,"ptb":142.0}
23:53:47.197  {"type":"sample","target":"yellow","led":1,"n":27,"c":0,"r":0,"g":0,"b":0,"pta":485.9,"ptb":142.0}
23:53:47.197  {"type":"sample","target":"yellow","led":1,"n":28,"c":0,"r":0,"g":0,"b":0,"pta":483.2,"ptb":142.0}
23:53:47.659  {"type":"sample","target":"yellow","led":1,"n":29,"c":0,"r":0,"g":0,"b":0,"pta":472.8,"ptb":142.0}
23:53:47.659  {"type":"sample","target":"yellow","led":1,"n":30,"c":0,"r":0,"g":0,"b":0,"pta":485.8,"ptb":142.0}
23:53:47.660  {"type":"sample","target":"yellow","led":1,"n":31,"c":0,"r":0,"g":0,"b":0,"pta":478.5,"ptb":142.0}
23:53:48.120  {"type":"sample","target":"yellow","led":1,"n":32,"c":0,"r":0,"g":0,"b":0,"pta":479.8,"ptb":142.0}
23:53:48.121  {"type":"sample","target":"yellow","led":1,"n":33,"c":0,"r":0,"g":0,"b":0,"pta":478.6,"ptb":142.0}
23:53:48.121  {"type":"sample","target":"yellow","led":1,"n":34,"c":0,"r":0,"g":0,"b":0,"pta":480.8,"ptb":142.0}
23:53:48.435  {"type":"sample","target":"yellow","led":1,"n":35,"c":0,"r":0,"g":0,"b":0,"pta":467.8,"ptb":142.0}
23:53:48.435  {"type":"sample","target":"yellow","led":1,"n":36,"c":0,"r":0,"g":0,"b":0,"pta":476.3,"ptb":142.0}
23:53:48.897  {"type":"sample","target":"yellow","led":1,"n":37,"c":0,"r":0,"g":0,"b":0,"pta":486.4,"ptb":142.0}
23:53:48.897  {"type":"sample","target":"yellow","led":1,"n":38,"c":0,"r":0,"g":0,"b":0,"pta":485.4,"ptb":142.0}
23:53:48.898  {"type":"sample","target":"yellow","led":1,"n":39,"c":0,"r":0,"g":0,"b":0,"pta":472.1,"ptb":142.0}
23:53:49.212  {"type":"sample","target":"yellow","led":1,"n":40,"c":0,"r":0,"g":0,"b":0,"pta":475.5,"ptb":142.0}
23:53:49.213  {"type":"sample","target":"yellow","led":1,"n":41,"c":0,"r":0,"g":0,"b":0,"pta":487.4,"ptb":142.0}
23:53:49.673  {"type":"sample","target":"yellow","led":1,"n":42,"c":0,"r":0,"g":0,"b":0,"pta":477.4,"ptb":142.0}
23:53:49.674  {"type":"sample","target":"yellow","led":1,"n":43,"c":0,"r":0,"g":0,"b":0,"pta":473.1,"ptb":142.0}
23:53:49.674  {"type":"sample","target":"yellow","led":1,"n":44,"c":0,"r":0,"g":0,"b":0,"pta":482.1,"ptb":142.0}
23:53:50.134  {"type":"sample","target":"yellow","led":1,"n":45,"c":0,"r":0,"g":0,"b":0,"pta":480.3,"ptb":142.0}
23:53:50.134  {"type":"sample","target":"yellow","led":1,"n":46,"c":0,"r":0,"g":0,"b":0,"pta":467.0,"ptb":142.0}
23:53:50.135  {"type":"sample","target":"yellow","led":1,"n":47,"c":0,"r":0,"g":0,"b":0,"pta":481.4,"ptb":142.0}
23:53:50.699  {"type":"sample","target":"yellow","led":1,"n":48,"c":0,"r":0,"g":0,"b":0,"pta":473.2,"ptb":142.0}
23:53:50.699  {"type":"sample","target":"yellow","led":1,"n":49,"c":0,"r":0,"g":0,"b":0,"pta":473.4,"ptb":142.0}
23:53:51.161  {"type":"sample","target":"yellow","led":0,"n":0,"c":0,"r":0,"g":0,"b":0,"pta":142.0,"ptb":142.0}
23:53:51.161  {"type":"sample","target":"yellow","led":0,"n":1,"c":0,"r":0,"g":0,"b":0,"pta":142.0,"ptb":142.0}
23:53:51.162  {"type":"sample","target":"yellow","led":0,"n":2,"c":0,"r":0,"g":0,"b":0,"pta":142.0,"ptb":142.0}
23:53:51.476  {"type":"sample","target":"yellow","led":0,"n":3,"c":0,"r":0,"g":0,"b":0,"pta":142.0,"ptb":142.0}
23:53:51.476  {"type":"sample","target":"yellow","led":0,"n":4,"c":0,"r":0,"g":0,"b":0,"pta":142.0,"ptb":142.0}
23:53:51.938  {"type":"sample","target":"yellow","led":0,"n":5,"c":0,"r":0,"g":0,"b":0,"pta":142.0,"ptb":142.0}
23:53:51.938  {"type":"sample","target":"yellow","led":0,"n":6,"c":0,"r":0,"g":0,"b":0,"pta":142.0,"ptb":142.0}
23:53:51.939  {"type":"sample","target":"yellow","led":0,"n":7,"c":0,"r":0,"g":0,"b":0,"pta":142.0,"ptb":142.0}
23:53:52.400  {"type":"sample","target":"yellow","led":0,"n":8,"c":0,"r":0,"g":0,"b":0,"pta":142.0,"ptb":142.0}
23:53:52.401  {"type":"sample","target":"yellow","led":0,"n":9,"c":0,"r":0,"g":0,"b":0,"pta":142.0,"ptb":142.0}
23:53:52.401  {"type":"sample","target":"yellow","led":0,"n":10,"c":0,"r":0,"g":0,"b":0,"pta":142.0,"ptb":142.0}
23:53:52.715  {"type":"sample","target":"yellow","led":0,"n":11,"c":0,"r":0,"g":0,"b":0,"pta":142.0,"ptb":142.0}
23:53:52.715  {"type":"sample","target":"yellow","led":0,"n":12,"c":0,"r":0,"g":0,"b":0,"pta":142.0,"ptb":142.0}
23:53:53.176  {"type":"sample","target":"yellow","led":0,"n":13,"c":0,"r":0,"g":0,"b":0,"pta":142.0,"ptb":142.0}
23:53:53.176  {"type":"sample","target":"yellow","led":0,"n":14,"c":0,"r":0,"g":0,"b":0,"pta":142.0,"ptb":142.0}
23:53:53.177  {"type":"sample","target":"yellow","led":0,"n":15,"c":0,"r":0,"g":0,"b":0,"pta":142.0,"ptb":142.0}
23:53:53.491  {"type":"sample","target":"yellow","led":0,"n":16,"c":0,"r":0,"g":0,"b":0,"pta":142.0,"ptb":142.0}
23:53:53.492  {"type":"sample","target":"yellow","led":0,"n":17,"c":0,"r":0,"g":0,"b":0,"pta":142.0,"ptb":142.0}
23:53:53.953  {"type":"sample","target":"yellow","led":0,"n":18,"c":0,"r":0,"g":0,"b":0,"pta":142.0,"ptb":142.0}
23:53:53.953  {"type":"sample","target":"yellow","led":0,"n":19,"c":0,"r":0,"g":0,"b":0,"pta":142.0,"ptb":142.0}
23:53:53.954  {"type":"sample","target":"yellow","led":0,"n":20,"c":0,"r":0,"g":0,"b":0,"pta":142.0,"ptb":142.0}
23:53:54.413  {"type":"sample","target":"yellow","led":0,"n":21,"c":0,"r":0,"g":0,"b":0,"pta":142.0,"ptb":142.0}
23:53:54.414  {"type":"sample","target":"yellow","led":0,"n":22,"c":0,"r":0,"g":0,"b":0,"pta":142.0,"ptb":142.0}
23:53:54.414  {"type":"sample","target":"yellow","led":0,"n":23,"c":0,"r":0,"g":0,"b":0,"pta":142.0,"ptb":142.0}
23:53:54.729  {"type":"sample","target":"yellow","led":0,"n":24,"c":0,"r":0,"g":0,"b":0,"pta":142.0,"ptb":142.0}
23:53:54.729  {"type":"sample","target":"yellow","led":0,"n":25,"c":0,"r":0,"g":0,"b":0,"pta":142.0,"ptb":142.0}
23:53:55.191  {"type":"sample","target":"yellow","led":0,"n":26,"c":0,"r":0,"g":0,"b":0,"pta":142.0,"ptb":142.0}
23:53:55.191  {"type":"sample","target":"yellow","led":0,"n":27,"c":0,"r":0,"g":0,"b":0,"pta":142.0,"ptb":142.0}
23:53:55.192  {"type":"sample","target":"yellow","led":0,"n":28,"c":0,"r":0,"g":0,"b":0,"pta":142.0,"ptb":142.0}
23:53:55.506  {"type":"sample","target":"yellow","led":0,"n":29,"c":0,"r":0,"g":0,"b":0,"pta":142.0,"ptb":142.0}
23:53:55.507  {"type":"sample","target":"yellow","led":0,"n":30,"c":0,"r":0,"g":0,"b":0,"pta":142.0,"ptb":142.0}
23:53:55.967  {"type":"sample","target":"yellow","led":0,"n":31,"c":0,"r":0,"g":0,"b":0,"pta":142.0,"ptb":142.0}
23:53:55.967  {"type":"sample","target":"yellow","led":0,"n":32,"c":0,"r":0,"g":0,"b":0,"pta":142.0,"ptb":142.0}
23:53:55.968  {"type":"sample","target":"yellow","led":0,"n":33,"c":0,"r":0,"g":0,"b":0,"pta":142.0,"ptb":142.0}
23:53:56.282  {"type":"sample","target":"yellow","led":0,"n":34,"c":0,"r":0,"g":0,"b":0,"pta":142.0,"ptb":142.0}
23:53:56.282  {"type":"sample","target":"yellow","led":0,"n":35,"c":0,"r":0,"g":0,"b":0,"pta":142.0,"ptb":142.0}
23:53:56.743  {"type":"sample","target":"yellow","led":0,"n":36,"c":0,"r":0,"g":0,"b":0,"pta":142.0,"ptb":142.0}
23:53:56.743  {"type":"sample","target":"yellow","led":0,"n":37,"c":0,"r":0,"g":0,"b":0,"pta":142.0,"ptb":142.0}
23:53:56.744  {"type":"sample","target":"yellow","led":0,"n":38,"c":0,"r":0,"g":0,"b":0,"pta":142.0,"ptb":142.0}
23:53:57.205  {"type":"sample","target":"yellow","led":0,"n":39,"c":0,"r":0,"g":0,"b":0,"pta":142.0,"ptb":142.0}
23:53:57.205  {"type":"sample","target":"yellow","led":0,"n":40,"c":0,"r":0,"g":0,"b":0,"pta":142.0,"ptb":142.0}
23:53:57.206  {"type":"sample","target":"yellow","led":0,"n":41,"c":0,"r":0,"g":0,"b":0,"pta":142.0,"ptb":142.0}
23:53:57.520  {"type":"sample","target":"yellow","led":0,"n":42,"c":0,"r":0,"g":0,"b":0,"pta":142.0,"ptb":142.0}
23:53:57.521  {"type":"sample","target":"yellow","led":0,"n":43,"c":0,"r":0,"g":0,"b":0,"pta":142.0,"ptb":142.0}
23:53:57.981  {"type":"sample","target":"yellow","led":0,"n":44,"c":0,"r":0,"g":0,"b":0,"pta":142.0,"ptb":142.0}
23:53:57.981  {"type":"sample","target":"yellow","led":0,"n":45,"c":0,"r":0,"g":0,"b":0,"pta":142.0,"ptb":142.0}
23:53:57.982  {"type":"sample","target":"yellow","led":0,"n":46,"c":0,"r":0,"g":0,"b":0,"pta":142.0,"ptb":142.0}
23:53:58.296  {"type":"sample","target":"yellow","led":0,"n":47,"c":0,"r":0,"g":0,"b":0,"pta":142.0,"ptb":142.0}
23:53:58.297  {"type":"sample","target":"yellow","led":0,"n":48,"c":0,"r":0,"g":0,"b":0,"pta":142.0,"ptb":142.0}
23:53:58.319  {"type":"sample","target":"yellow","led":0,"n":49,"c":0,"r":0,"g":0,"b":0,"pta":142.0,"ptb":142.0}
23:53:58.547  {"type":"series","target":"yellow","light":"blue","gain":"16x","samples":50,"saturated":0,"on":{"C":[0.00,0.00],"R":[0.00,0.00],"G":[0.00,0.00],"B":[0.00,0.00],"PT-A":[476.00,7.03],"PT-B":[142.00,0.00]},"off":{"C":[0.00,0.00],"R":[0.00,0.00],"G":[0.00,0.00],"B":[0.00,0.00],"PT-A":[142.00,0.00],"PT-B":[142.00,0.00]},"signal":{"C":0.00,"R":0.00,"G":0.00,"B":0.00,"PT-A":334.00,"PT-B":0.00},"noise":{"C":0.00,"R":0.00,"G":0.00,"B":0.00,"PT-A":7.03,"PT-B":0.00}}
23:53:59.352  {"type":"live","t":367529,"c":0,"r":0,"g":0,"b":0,"pta":142.0,"ptb":142.0,"sat":0,"light":"blue","gain":"16x"}
23:53:59.358  {"type":"live","t":367930,"c":0,"r":0,"g":0,"b":0,"pta":142.0,"ptb":142.0,"sat":0,"light":"blue","gain":"16x"}
23:54:00.157  {"type":"live","t":368331,"c":0,"r":0,"g":0,"b":0,"pta":142.0,"ptb":142.0,"sat":0,"light":"blue","gain":"16x"}
23:54:00.157  {"type":"live","t":368732,"c":0,"r":0,"g":0,"b":0,"pta":142.0,"ptb":142.0,"sat":0,"light":"blue","gain":"16x"}
23:54:01.170  {"type":"live","t":369133,"c":0,"r":0,"g":0,"b":0,"pta":142.0,"ptb":142.0,"sat":0,"light":"blue","gain":"16x"}
23:54:01.170  {"type":"live","t":369534,"c":0,"r":0,"g":0,"b":0,"pta":142.0,"ptb":142.0,"sat":0,"light":"blue","gain":"16x"}
23:54:01.171  {"type":"live","t":369935,"c":0,"r":0,"g":0,"b":0,"pta":142.0,"ptb":142.0,"sat":0,"light":"blue","gain":"16x"}
23:54:02.156  {"type":"live","t":370336,"c":0,"r":0,"g":0,"b":0,"pta":142.0,"ptb":142.0,"sat":0,"light":"blue","gain":"16x"}
23:54:02.156  {"type":"live","t":370737,"c":0,"r":0,"g":0,"b":0,"pta":142.0,"ptb":142.0,"sat":0,"light":"blue","gain":"16x"}
23:54:02.961  {"type":"live","t":371138,"c":0,"r":0,"g":0,"b":0,"pta":142.0,"ptb":142.0,"sat":0,"light":"blue","gain":"16x"}
23:54:02.961  {"type":"live","t":371539,"c":0,"r":0,"g":0,"b":0,"pta":142.0,"ptb":142.0,"sat":0,"light":"blue","gain":"16x"}
23:54:03.765  {"type":"live","t":371940,"c":0,"r":0,"g":0,"b":0,"pta":142.0,"ptb":142.0,"sat":0,"light":"blue","gain":"16x"}
23:54:03.765  {"type":"live","t":372341,"c":0,"r":0,"g":0,"b":0,"pta":142.0,"ptb":142.0,"sat":0,"light":"blue","gain":"16x"}
23:54:04.776  {"type":"live","t":372742,"c":0,"r":0,"g":0,"b":0,"pta":142.0,"ptb":142.0,"sat":0,"light":"blue","gain":"16x"}
23:54:04.777  {"type":"live","t":373143,"c":0,"r":0,"g":0,"b":0,"pta":142.0,"ptb":142.0,"sat":0,"light":"blue","gain":"16x"}
23:54:04.777  {"type":"live","t":373544,"c":0,"r":0,"g":0,"b":0,"pta":142.0,"ptb":142.0,"sat":0,"light":"blue","gain":"16x"}
23:54:05.765  {"type":"live","t":373945,"c":0,"r":0,"g":0,"b":0,"pta":142.0,"ptb":142.0,"sat":0,"light":"blue","gain":"16x"}
23:54:05.765  {"type":"live","t":374346,"c":0,"r":0,"g":0,"b":0,"pta":142.0,"ptb":142.0,"sat":0,"light":"blue","gain":"16x"}
23:54:06.569  {"type":"live","t":374747,"c":0,"r":0,"g":0,"b":0,"pta":142.0,"ptb":142.0,"sat":0,"light":"blue","gain":"16x"}
23:54:06.569  {"type":"live","t":375148,"c":0,"r":0,"g":0,"b":0,"pta":142.0,"ptb":142.0,"sat":0,"light":"blue","gain":"16x"}
23:54:07.374  {"type":"live","t":375549,"c":0,"r":0,"g":0,"b":0,"pta":142.0,"ptb":142.0,"sat":0,"light":"blue","gain":"16x"}
23:54:07.374  {"type":"live","t":375950,"c":0,"r":0,"g":0,"b":0,"pta":142.0,"ptb":142.0,"sat":0,"light":"blue","gain":"16x"}
23:54:08.383  {"type":"live","t":376351,"c":0,"r":0,"g":0,"b":0,"pta":142.0,"ptb":142.0,"sat":0,"light":"blue","gain":"16x"}
23:54:08.383  {"type":"live","t":376752,"c":0,"r":0,"g":0,"b":0,"pta":142.0,"ptb":142.0,"sat":0,"light":"blue","gain":"16x"}
23:54:08.384  {"type":"live","t":377153,"c":0,"r":0,"g":0,"b":0,"pta":142.0,"ptb":142.0,"sat":0,"light":"blue","gain":"16x"}
23:54:09.373  {"type":"live","t":377554,"c":0,"r":0,"g":0,"b":0,"pta":142.0,"ptb":142.0,"sat":0,"light":"blue","gain":"16x"}
23:54:09.374  {"type":"live","t":377955,"c":0,"r":0,"g":0,"b":0,"pta":142.0,"ptb":142.0,"sat":0,"light":"blue","gain":"16x"}
23:54:10.178  {"type":"live","t":378356,"c":0,"r":0,"g":0,"b":0,"pta":142.0,"ptb":142.0,"sat":0,"light":"blue","gain":"16x"}
23:54:10.178  {"type":"live","t":378757,"c":0,"r":0,"g":0,"b":0,"pta":142.0,"ptb":142.0,"sat":0,"light":"blue","gain":"16x"}
23:54:10.983  {"type":"live","t":379158,"c":0,"r":0,"g":0,"b":0,"pta":142.0,"ptb":142.0,"sat":0,"light":"blue","gain":"16x"}
23:54:10.983  {"type":"live","t":379559,"c":0,"r":0,"g":0,"b":0,"pta":142.0,"ptb":142.0,"sat":0,"light":"blue","gain":"16x"}
23:54:11.990  {"type":"live","t":379960,"c":0,"r":0,"g":0,"b":0,"pta":142.0,"ptb":142.0,"sat":0,"light":"blue","gain":"16x"}
23:54:11.991  {"type":"live","t":380361,"c":0,"r":0,"g":0,"b":0,"pta":142.0,"ptb":142.0,"sat":0,"light":"blue","gain":"16x"}
23:54:11.991  {"type":"live","t":380762,"c":0,"r":0,"g":0,"b":0,"pta":142.0,"ptb":142.0,"sat":0,"light":"blue","gain":"16x"}
23:54:12.982  {"type":"live","t":381163,"c":0,"r":0,"g":0,"b":0,"pta":142.0,"ptb":142.0,"sat":0,"light":"blue","gain":"16x"}
23:54:12.983  {"type":"live","t":381564,"c":0,"r":0,"g":0,"b":0,"pta":142.0,"ptb":142.0,"sat":0,"light":"blue","gain":"16x"}
23:54:13.787  {"type":"live","t":381965,"c":0,"r":0,"g":0,"b":0,"pta":142.0,"ptb":142.0,"sat":0,"light":"blue","gain":"16x"}
23:54:13.788  {"type":"live","t":382366,"c":0,"r":0,"g":0,"b":0,"pta":142.0,"ptb":142.0,"sat":0,"light":"blue","gain":"16x"}
23:54:14.592  {"type":"live","t":382767,"c":0,"r":0,"g":0,"b":0,"pta":142.0,"ptb":142.0,"sat":0,"light":"blue","gain":"16x"}
23:54:14.593  {"type":"live","t":383168,"c":0,"r":0,"g":0,"b":0,"pta":142.0,"ptb":142.0,"sat":0,"light":"blue","gain":"16x"}
23:54:15.395  {"type":"live","t":383569,"c":0,"r":0,"g":0,"b":0,"pta":142.0,"ptb":142.0,"sat":0,"light":"blue","gain":"16x"}
23:54:15.395  {"type":"report","empty":1}
23:54:15.397  {"type":"live","t":383970,"c":0,"r":0,"g":0,"b":0,"pta":142.0,"ptb":142.0,"sat":0,"light":"blue","gain":"16x"}
23:54:16.407  {"type":"live","t":384371,"c":0,"r":0,"g":0,"b":0,"pta":142.0,"ptb":142.0,"sat":0,"light":"blue","gain":"16x"}
23:54:16.408  {"type":"live","t":384772,"c":0,"r":0,"g":0,"b":0,"pta":142.0,"ptb":142.0,"sat":0,"light":"blue","gain":"16x"}
23:54:16.408  {"type":"live","t":385173,"c":0,"r":0,"g":0,"b":0,"pta":142.0,"ptb":142.0,"sat":0,"light":"blue","gain":"16x"}
23:54:17.393  {"type":"live","t":385574,"c":0,"r":0,"g":0,"b":0,"pta":142.0,"ptb":142.0,"sat":0,"light":"blue","gain":"16x"}
23:54:17.393  {"type":"live","t":385975,"c":0,"r":0,"g":0,"b":0,"pta":142.0,"ptb":142.0,"sat":0,"light":"blue","gain":"16x"}
23:54:18.198  {"type":"live","t":386376,"c":0,"r":0,"g":0,"b":0,"pta":142.0,"ptb":142.0,"sat":0,"light":"blue","gain":"16x"}
23:54:18.198  {"type":"live","t":386777,"c":0,"r":0,"g":0,"b":0,"pta":142.0,"ptb":142.0,"sat":0,"light":"blue","gain":"16x"}
23:54:19.003  {"type":"live","t":387178,"c":0,"r":0,"g":0,"b":0,"pta":142.0,"ptb":142.0,"sat":0,"light":"blue","gain":"16x"}
23:54:19.003  {"type":"live","t":387579,"c":0,"r":0,"g":0,"b":0,"pta":142.0,"ptb":142.0,"sat":0,"light":"blue","gain":"16x"}
23:54:20.011  {"type":"live","t":387980,"c":0,"r":0,"g":0,"b":0,"pta":142.0,"ptb":142.0,"sat":0,"light":"blue","gain":"16x"}
23:54:20.012  {"type":"live","t":388381,"c":0,"r":0,"g":0,"b":0,"pta":142.0,"ptb":142.0,"sat":0,"light":"blue","gain":"16x"}
23:54:20.012  {"type":"live","t":388782,"c":0,"r":0,"g":0,"b":0,"pta":142.0,"ptb":142.0,"sat":0,"light":"blue","gain":"16x"}
23:54:21.002  {"type":"live","t":389183,"c":0,"r":0,"g":0,"b":0,"pta":142.0,"ptb":142.0,"sat":0,"light":"blue","gain":"16x"}
23:54:21.003  {"type":"live","t":389584,"c":0,"r":0,"g":0,"b":0,"pta":142.0,"ptb":142.0,"sat":0,"light":"blue","gain":"16x"}
23:54:21.807  {"type":"live","t":389985,"c":0,"r":0,"g":0,"b":0,"pta":142.0,"ptb":142.0,"sat":0,"light":"blue","gain":"16x"}
23:54:21.808  {"type":"live","t":390386,"c":0,"r":0,"g":0,"b":0,"pta":142.0,"ptb":142.0,"sat":0,"light":"blue","gain":"16x"}
23:54:22.612  {"type":"live","t":390787,"c":0,"r":0,"g":0,"b":0,"pta":142.0,"ptb":142.0,"sat":0,"light":"blue","gain":"16x"}
23:54:22.613  {"type":"live","t":391188,"c":0,"r":0,"g":0,"b":0,"pta":142.0,"ptb":142.0,"sat":0,"light":"blue","gain":"16x"}
23:54:23.617  {"type":"live","t":391589,"c":0,"r":0,"g":0,"b":0,"pta":142.0,"ptb":142.0,"sat":0,"light":"blue","gain":"16x"}
23:54:23.618  {"type":"live","t":391990,"c":0,"r":0,"g":0,"b":0,"pta":142.0,"ptb":142.0,"sat":0,"light":"blue","gain":"16x"}
23:54:23.618  {"type":"live","t":392391,"c":0,"r":0,"g":0,"b":0,"pta":142.0,"ptb":142.0,"sat":0,"light":"blue","gain":"16x"}
23:54:24.611  {"type":"live","t":392792,"c":0,"r":0,"g":0,"b":0,"pta":142.0,"ptb":142.0,"sat":0,"light":"blue","gain":"16x"}
23:54:24.611  {"type":"live","t":393193,"c":0,"r":0,"g":0,"b":0,"pta":142.0,"ptb":142.0,"sat":0,"light":"blue","gain":"16x"}
23:54:25.416  {"type":"live","t":393594,"c":0,"r":0,"g":0,"b":0,"pta":142.0,"ptb":142.0,"sat":0,"light":"blue","gain":"16x"}
23:54:25.417  {"type":"live","t":393995,"c":0,"r":0,"g":0,"b":0,"pta":142.0,"ptb":142.0,"sat":0,"light":"blue","gain":"16x"}
23:54:26.221  {"type":"live","t":394396,"c":0,"r":0,"g":0,"b":0,"pta":142.0,"ptb":142.0,"sat":0,"light":"blue","gain":"16x"}
23:54:26.221  {"type":"live","t":394797,"c":0,"r":0,"g":0,"b":0,"pta":142.0,"ptb":142.0,"sat":0,"light":"blue","gain":"16x"}
23:54:27.230  {"type":"live","t":395198,"c":0,"r":0,"g":0,"b":0,"pta":142.0,"ptb":142.0,"sat":0,"light":"blue","gain":"16x"}
23:54:27.230  {"type":"live","t":395599,"c":0,"r":0,"g":0,"b":0,"pta":142.0,"ptb":142.0,"sat":0,"light":"blue","gain":"16x"}
23:54:27.231  {"type":"live","t":396000,"c":0,"r":0,"g":0,"b":0,"pta":142.0,"ptb":142.0,"sat":0,"light":"blue","gain":"16x"}
23:54:28.220  {"type":"live","t":396401,"c":0,"r":0,"g":0,"b":0,"pta":142.0,"ptb":142.0,"sat":0,"light":"blue","gain":"16x"}
23:54:28.220  {"type":"live","t":396802,"c":0,"r":0,"g":0,"b":0,"pta":142.0,"ptb":142.0,"sat":0,"light":"blue","gain":"16x"}
23:54:29.025  {"type":"live","t":397203,"c":0,"r":0,"g":0,"b":0,"pta":142.0,"ptb":142.0,"sat":0,"light":"blue","gain":"16x"}
23:54:29.025  {"type":"live","t":397604,"c":0,"r":0,"g":0,"b":0,"pta":142.0,"ptb":142.0,"sat":0,"light":"blue","gain":"16x"}
23:54:29.830  {"type":"live","t":398005,"c":0,"r":0,"g":0,"b":0,"pta":142.0,"ptb":142.0,"sat":0,"light":"blue","gain":"16x"}
23:54:29.830  {"type":"live","t":398406,"c":0,"r":0,"g":0,"b":0,"pta":142.0,"ptb":142.0,"sat":0,"light":"blue","gain":"16x"}
23:54:30.844  {"type":"live","t":398807,"c":0,"r":0,"g":0,"b":0,"pta":142.0,"ptb":142.0,"sat":0,"light":"blue","gain":"16x"}
23:54:30.844  {"type":"live","t":399208,"c":0,"r":0,"g":0,"b":0,"pta":142.0,"ptb":142.0,"sat":0,"light":"blue","gain":"16x"}
23:54:30.845  {"type":"live","t":399609,"c":0,"r":0,"g":0,"b":0,"pta":142.0,"ptb":142.0,"sat":0,"light":"blue","gain":"16x"}
23:54:31.829  {"type":"live","t":400010,"c":0,"r":0,"g":0,"b":0,"pta":142.0,"ptb":142.0,"sat":0,"light":"blue","gain":"16x"}
23:54:31.830  {"type":"live","t":400411,"c":0,"r":0,"g":0,"b":0,"pta":142.0,"ptb":142.0,"sat":0,"light":"blue","gain":"16x"}
23:54:32.634  {"type":"live","t":400812,"c":0,"r":0,"g":0,"b":0,"pta":142.0,"ptb":142.0,"sat":0,"light":"blue","gain":"16x"}
23:54:32.634  {"type":"live","t":401213,"c":0,"r":0,"g":0,"b":0,"pta":142.0,"ptb":142.0,"sat":0,"light":"blue","gain":"16x"}
23:54:33.439  {"type":"live","t":401614,"c":0,"r":0,"g":0,"b":0,"pta":142.0,"ptb":142.0,"sat":0,"light":"blue","gain":"16x"}
23:54:33.439  {"type":"live","t":402015,"c":0,"r":0,"g":0,"b":0,"pta":142.0,"ptb":142.0,"sat":0,"light":"blue","gain":"16x"}
23:54:34.441  {"type":"live","t":402416,"c":0,"r":0,"g":0,"b":0,"pta":142.0,"ptb":142.0,"sat":0,"light":"blue","gain":"16x"}
23:54:34.441  {"type":"live","t":402817,"c":0,"r":0,"g":0,"b":0,"pta":142.0,"ptb":142.0,"sat":0,"light":"blue","gain":"16x"}
23:54:34.442  {"type":"live","t":403218,"c":0,"r":0,"g":0,"b":0,"pta":142.0,"ptb":142.0,"sat":0,"light":"blue","gain":"16x"}
23:54:35.438  {"type":"live","t":403619,"c":0,"r":0,"g":0,"b":0,"pta":142.0,"ptb":142.0,"sat":0,"light":"blue","gain":"16x"}
23:54:35.439  {"type":"live","t":404020,"c":0,"r":0,"g":0,"b":0,"pta":142.0,"ptb":142.0,"sat":0,"light":"blue","gain":"16x"}
23:54:36.243  {"type":"live","t":404421,"c":0,"r":0,"g":0,"b":0,"pta":142.0,"ptb":142.0,"sat":0,"light":"blue","gain":"16x"}
23:54:36.244  {"type":"live","t":404822,"c":0,"r":0,"g":0,"b":0,"pta":142.0,"ptb":142.0,"sat":0,"light":"blue","gain":"16x"}
23:54:37.048  {"type":"live","t":405223,"c":0,"r":0,"g":0,"b":0,"pta":142.0,"ptb":142.0,"sat":0,"light":"blue","gain":"16x"}
23:54:37.049  {"type":"live","t":405624,"c":0,"r":0,"g":0,"b":0,"pta":142.0,"ptb":142.0,"sat":0,"light":"blue","gain":"16x"}
23:54:38.053  {"type":"live","t":406025,"c":0,"r":0,"g":0,"b":0,"pta":142.0,"ptb":142.0,"sat":0,"light":"blue","gain":"16x"}
23:54:38.053  {"type":"live","t":406426,"c":0,"r":0,"g":0,"b":0,"pta":142.0,"ptb":142.0,"sat":0,"light":"blue","gain":"16x"}
23:54:38.054  {"type":"live","t":406827,"c":0,"r":0,"g":0,"b":0,"pta":142.0,"ptb":142.0,"sat":0,"light":"blue","gain":"16x"}
23:54:39.047  {"type":"live","t":407228,"c":0,"r":0,"g":0,"b":0,"pta":142.0,"ptb":142.0,"sat":0,"light":"blue","gain":"16x"}
23:54:39.047  {"type":"live","t":407629,"c":0,"r":0,"g":0,"b":0,"pta":142.0,"ptb":142.0,"sat":0,"light":"blue","gain":"16x"}
23:54:39.852  {"type":"live","t":408030,"c":0,"r":0,"g":0,"b":0,"pta":142.0,"ptb":142.0,"sat":0,"light":"blue","gain":"16x"}
23:54:39.852  {"type":"live","t":408431,"c":0,"r":0,"g":0,"b":0,"pta":142.0,"ptb":142.0,"sat":0,"light":"blue","gain":"16x"}
23:54:40.657  {"type":"live","t":408832,"c":0,"r":0,"g":0,"b":0,"pta":142.0,"ptb":142.0,"sat":0,"light":"blue","gain":"16x"}
23:54:40.657  {"type":"live","t":409233,"c":0,"r":0,"g":0,"b":0,"pta":142.0,"ptb":142.0,"sat":0,"light":"blue","gain":"16x"}
23:54:41.668  {"type":"live","t":409634,"c":0,"r":0,"g":0,"b":0,"pta":142.0,"ptb":142.0,"sat":0,"light":"blue","gain":"16x"}
23:54:41.669  {"type":"live","t":410035,"c":0,"r":0,"g":0,"b":0,"pta":142.0,"ptb":142.0,"sat":0,"light":"blue","gain":"16x"}
23:54:41.669  {"type":"live","t":410436,"c":0,"r":0,"g":0,"b":0,"pta":142.0,"ptb":142.0,"sat":0,"light":"blue","gain":"16x"}
23:54:42.656  {"type":"live","t":410837,"c":0,"r":0,"g":0,"b":0,"pta":142.0,"ptb":142.0,"sat":0,"light":"blue","gain":"16x"}
23:54:42.656  {"type":"live","t":411238,"c":0,"r":0,"g":0,"b":0,"pta":142.0,"ptb":142.0,"sat":0,"light":"blue","gain":"16x"}
23:54:43.461  {"type":"live","t":411639,"c":0,"r":0,"g":0,"b":0,"pta":142.0,"ptb":142.0,"sat":0,"light":"blue","gain":"16x"}
23:54:43.461  {"type":"live","t":412040,"c":0,"r":0,"g":0,"b":0,"pta":142.0,"ptb":142.0,"sat":0,"light":"blue","gain":"16x"}
23:54:44.266  {"type":"live","t":412441,"c":0,"r":0,"g":0,"b":0,"pta":142.0,"ptb":142.0,"sat":0,"light":"blue","gain":"16x"}
23:54:44.266  {"type":"live","t":412842,"c":0,"r":0,"g":0,"b":0,"pta":142.0,"ptb":142.0,"sat":0,"light":"blue","gain":"16x"}
23:54:45.278  {"type":"live","t":413243,"c":0,"r":0,"g":0,"b":0,"pta":142.0,"ptb":142.0,"sat":0,"light":"blue","gain":"16x"}
23:54:45.279  {"type":"live","t":413644,"c":0,"r":0,"g":0,"b":0,"pta":142.0,"ptb":142.0,"sat":0,"light":"blue","gain":"16x"}
23:54:45.279  {"type":"live","t":414045,"c":0,"r":0,"g":0,"b":0,"pta":142.0,"ptb":142.0,"sat":0,"light":"blue","gain":"16x"}
23:54:46.265  {"type":"live","t":414446,"c":0,"r":0,"g":0,"b":0,"pta":142.0,"ptb":142.0,"sat":0,"light":"blue","gain":"16x"}
23:54:46.266  {"type":"live","t":414847,"c":0,"r":0,"g":0,"b":0,"pta":142.0,"ptb":142.0,"sat":0,"light":"blue","gain":"16x"}
23:54:47.070  {"type":"live","t":415248,"c":0,"r":0,"g":0,"b":0,"pta":142.0,"ptb":142.0,"sat":0,"light":"blue","gain":"16x"}
23:54:47.071  {"type":"live","t":415649,"c":0,"r":0,"g":0,"b":0,"pta":142.0,"ptb":142.0,"sat":0,"light":"blue","gain":"16x"}
23:54:47.875  {"type":"live","t":416050,"c":0,"r":0,"g":0,"b":0,"pta":142.0,"ptb":142.0,"sat":0,"light":"blue","gain":"16x"}
23:54:47.876  {"type":"live","t":416451,"c":0,"r":0,"g":0,"b":0,"pta":142.0,"ptb":142.0,"sat":0,"light":"blue","gain":"16x"}
23:54:48.889  {"type":"live","t":416852,"c":0,"r":0,"g":0,"b":0,"pta":142.0,"ptb":142.0,"sat":0,"light":"blue","gain":"16x"}
23:54:48.889  {"type":"live","t":417253,"c":0,"r":0,"g":0,"b":0,"pta":142.0,"ptb":142.0,"sat":0,"light":"blue","gain":"16x"}
23:54:48.890  {"type":"live","t":417654,"c":0,"r":0,"g":0,"b":0,"pta":142.0,"ptb":142.0,"sat":0,"light":"blue","gain":"16x"}
23:54:49.874  {"type":"live","t":418055,"c":0,"r":0,"g":0,"b":0,"pta":142.0,"ptb":142.0,"sat":0,"light":"blue","gain":"16x"}
23:54:49.875  {"type":"live","t":418456,"c":0,"r":0,"g":0,"b":0,"pta":142.0,"ptb":142.0,"sat":0,"light":"blue","gain":"16x"}
23:54:50.679  {"type":"live","t":418857,"c":0,"r":0,"g":0,"b":0,"pta":142.0,"ptb":142.0,"sat":0,"light":"blue","gain":"16x"}
23:54:50.679  {"type":"live","t":419258,"c":0,"r":0,"g":0,"b":0,"pta":142.0,"ptb":142.0,"sat":0,"light":"blue","gain":"16x"}
23:54:51.484  {"type":"live","t":419659,"c":0,"r":0,"g":0,"b":0,"pta":142.0,"ptb":142.0,"sat":0,"light":"blue","gain":"16x"}
23:54:51.484  {"type":"live","t":420060,"c":0,"r":0,"g":0,"b":0,"pta":142.0,"ptb":142.0,"sat":0,"light":"blue","gain":"16x"}
23:54:52.490  {"type":"live","t":420461,"c":0,"r":0,"g":0,"b":0,"pta":142.0,"ptb":142.0,"sat":0,"light":"blue","gain":"16x"}
23:54:52.491  {"type":"live","t":420862,"c":0,"r":0,"g":0,"b":0,"pta":142.0,"ptb":142.0,"sat":0,"light":"blue","gain":"16x"}
23:54:52.491  {"type":"live","t":421263,"c":0,"r":0,"g":0,"b":0,"pta":142.0,"ptb":142.0,"sat":0,"light":"blue","gain":"16x"}
23:54:53.483  {"type":"live","t":421664,"c":0,"r":0,"g":0,"b":0,"pta":142.0,"ptb":142.0,"sat":0,"light":"blue","gain":"16x"}
23:54:53.483  {"type":"live","t":422065,"c":0,"r":0,"g":0,"b":0,"pta":142.0,"ptb":142.0,"sat":0,"light":"blue","gain":"16x"}
23:54:54.288  {"type":"live","t":422466,"c":0,"r":0,"g":0,"b":0,"pta":142.0,"ptb":142.0,"sat":0,"light":"blue","gain":"16x"}
23:54:54.288  {"type":"live","t":422867,"c":0,"r":0,"g":0,"b":0,"pta":142.0,"ptb":142.0,"sat":0,"light":"blue","gain":"16x"}
23:54:55.093  {"type":"live","t":423268,"c":0,"r":0,"g":0,"b":0,"pta":142.0,"ptb":142.0,"sat":0,"light":"blue","gain":"16x"}
23:54:55.093  {"type":"live","t":423669,"c":0,"r":0,"g":0,"b":0,"pta":142.0,"ptb":142.0,"sat":0,"light":"blue","gain":"16x"}
23:54:56.095  {"type":"live","t":424070,"c":0,"r":0,"g":0,"b":0,"pta":142.0,"ptb":142.0,"sat":0,"light":"blue","gain":"16x"}
23:54:56.096  {"type":"live","t":424471,"c":0,"r":0,"g":0,"b":0,"pta":142.0,"ptb":142.0,"sat":0,"light":"blue","gain":"16x"}
23:54:56.096  {"type":"live","t":424872,"c":0,"r":0,"g":0,"b":0,"pta":142.0,"ptb":142.0,"sat":0,"light":"blue","gain":"16x"}
23:54:57.092  {"type":"live","t":425273,"c":0,"r":0,"g":0,"b":0,"pta":142.0,"ptb":142.0,"sat":0,"light":"blue","gain":"16x"}
23:54:57.093  {"type":"live","t":425674,"c":0,"r":0,"g":0,"b":0,"pta":142.0,"ptb":142.0,"sat":0,"light":"blue","gain":"16x"}
23:54:57.897  {"type":"live","t":426075,"c":0,"r":0,"g":0,"b":0,"pta":142.0,"ptb":142.0,"sat":0,"light":"blue","gain":"16x"}
23:54:57.898  {"type":"live","t":426476,"c":0,"r":0,"g":0,"b":0,"pta":142.0,"ptb":142.0,"sat":0,"light":"blue","gain":"16x"}
23:54:58.702  {"type":"live","t":426877,"c":0,"r":0,"g":0,"b":0,"pta":142.0,"ptb":142.0,"sat":0,"light":"blue","gain":"16x"}
23:54:58.703  {"type":"live","t":427278,"c":0,"r":0,"g":0,"b":0,"pta":142.0,"ptb":142.0,"sat":0,"light":"blue","gain":"16x"}
23:54:59.708  {"type":"live","t":427679,"c":0,"r":0,"g":0,"b":0,"pta":142.0,"ptb":142.0,"sat":0,"light":"blue","gain":"16x"}
23:54:59.708  {"type":"live","t":428080,"c":0,"r":0,"g":0,"b":0,"pta":142.0,"ptb":142.0,"sat":0,"light":"blue","gain":"16x"}
23:54:59.709  {"type":"live","t":428481,"c":0,"r":0,"g":0,"b":0,"pta":142.0,"ptb":142.0,"sat":0,"light":"blue","gain":"16x"}
23:55:00.701  {"type":"live","t":428882,"c":0,"r":0,"g":0,"b":0,"pta":142.0,"ptb":142.0,"sat":0,"light":"blue","gain":"16x"}
23:55:00.702  {"type":"live","t":429283,"c":0,"r":0,"g":0,"b":0,"pta":142.0,"ptb":142.0,"sat":0,"light":"blue","gain":"16x"}
23:55:01.506  {"type":"live","t":429684,"c":0,"r":0,"g":0,"b":0,"pta":142.0,"ptb":142.0,"sat":0,"light":"blue","gain":"16x"}
23:55:01.507  {"type":"live","t":430085,"c":0,"r":0,"g":0,"b":0,"pta":142.0,"ptb":142.0,"sat":0,"light":"blue","gain":"16x"}
23:55:02.311  {"type":"live","t":430486,"c":0,"r":0,"g":0,"b":0,"pta":142.0,"ptb":142.0,"sat":0,"light":"blue","gain":"16x"}
23:55:02.312  {"type":"live","t":430887,"c":0,"r":0,"g":0,"b":0,"pta":142.0,"ptb":142.0,"sat":0,"light":"blue","gain":"16x"}
23:55:03.327  {"type":"live","t":431288,"c":0,"r":0,"g":0,"b":0,"pta":142.0,"ptb":142.0,"sat":0,"light":"blue","gain":"16x"}
23:55:03.327  {"type":"live","t":431689,"c":0,"r":0,"g":0,"b":0,"pta":142.0,"ptb":142.0,"sat":0,"light":"blue","gain":"16x"}
23:55:03.328  {"type":"live","t":432090,"c":0,"r":0,"g":0,"b":0,"pta":142.0,"ptb":142.0,"sat":0,"light":"blue","gain":"16x"}
23:55:04.310  {"type":"live","t":432491,"c":0,"r":0,"g":0,"b":0,"pta":142.0,"ptb":142.0,"sat":0,"light":"blue","gain":"16x"}
23:55:04.310  {"type":"live","t":432892,"c":0,"r":0,"g":0,"b":0,"pta":142.0,"ptb":142.0,"sat":0,"light":"blue","gain":"16x"}
23:55:05.115  {"type":"live","t":433293,"c":0,"r":0,"g":0,"b":0,"pta":142.0,"ptb":142.0,"sat":0,"light":"blue","gain":"16x"}
23:55:05.115  {"type":"live","t":433694,"c":0,"r":0,"g":0,"b":0,"pta":142.0,"ptb":142.0,"sat":0,"light":"blue","gain":"16x"}
23:55:05.919  {"type":"live","t":434095,"c":0,"r":0,"g":0,"b":0,"pta":142.0,"ptb":142.0,"sat":0,"light":"blue","gain":"16x"}
23:55:05.920  {"type":"live","t":434496,"c":0,"r":0,"g":0,"b":0,"pta":142.0,"ptb":142.0,"sat":0,"light":"blue","gain":"16x"}
23:55:06.935  {"type":"live","t":434897,"c":0,"r":0,"g":0,"b":0,"pta":142.0,"ptb":142.0,"sat":0,"light":"blue","gain":"16x"}
23:55:06.936  {"type":"live","t":435298,"c":0,"r":0,"g":0,"b":0,"pta":142.0,"ptb":142.0,"sat":0,"light":"blue","gain":"16x"}
23:55:06.936  {"type":"live","t":435699,"c":0,"r":0,"g":0,"b":0,"pta":142.0,"ptb":142.0,"sat":0,"light":"blue","gain":"16x"}
23:55:07.919  {"type":"live","t":436100,"c":0,"r":0,"g":0,"b":0,"pta":142.0,"ptb":142.0,"sat":0,"light":"blue","gain":"16x"}
23:55:07.919  {"type":"live","t":436501,"c":0,"r":0,"g":0,"b":0,"pta":142.0,"ptb":142.0,"sat":0,"light":"blue","gain":"16x"}
23:55:08.724  {"type":"live","t":436902,"c":0,"r":0,"g":0,"b":0,"pta":142.0,"ptb":142.0,"sat":0,"light":"blue","gain":"16x"}
23:55:08.724  {"type":"live","t":437303,"c":0,"r":0,"g":0,"b":0,"pta":142.0,"ptb":142.0,"sat":0,"light":"blue","gain":"16x"}
23:55:09.528  {"type":"live","t":437704,"c":0,"r":0,"g":0,"b":0,"pta":142.0,"ptb":142.0,"sat":0,"light":"blue","gain":"16x"}
23:55:09.529  {"type":"live","t":438105,"c":0,"r":0,"g":0,"b":0,"pta":142.0,"ptb":142.0,"sat":0,"light":"blue","gain":"16x"}
23:55:10.543  {"type":"live","t":438506,"c":0,"r":0,"g":0,"b":0,"pta":142.0,"ptb":142.0,"sat":0,"light":"blue","gain":"16x"}
23:55:10.544  {"type":"live","t":438907,"c":0,"r":0,"g":0,"b":0,"pta":142.0,"ptb":142.0,"sat":0,"light":"blue","gain":"16x"}
23:55:10.545  {"type":"live","t":439308,"c":0,"r":0,"g":0,"b":0,"pta":142.0,"ptb":142.0,"sat":0,"light":"blue","gain":"16x"}
23:55:11.527  {"type":"live","t":439709,"c":0,"r":0,"g":0,"b":0,"pta":142.0,"ptb":142.0,"sat":0,"light":"blue","gain":"16x"}
23:55:11.527  {"type":"live","t":440110,"c":0,"r":0,"g":0,"b":0,"pta":142.0,"ptb":142.0,"sat":0,"light":"blue","gain":"16x"}
23:55:12.332  {"type":"live","t":440511,"c":0,"r":0,"g":0,"b":0,"pta":142.0,"ptb":142.0,"sat":0,"light":"blue","gain":"16x"}
23:55:12.333  {"type":"live","t":440912,"c":0,"r":0,"g":0,"b":0,"pta":142.0,"ptb":142.0,"sat":0,"light":"blue","gain":"16x"}
23:55:13.137  {"type":"live","t":441313,"c":0,"r":0,"g":0,"b":0,"pta":142.0,"ptb":142.0,"sat":0,"light":"blue","gain":"16x"}
23:55:13.137  {"type":"live","t":441714,"c":0,"r":0,"g":0,"b":0,"pta":142.0,"ptb":142.0,"sat":0,"light":"blue","gain":"16x"}
23:55:14.145  {"type":"live","t":442115,"c":0,"r":0,"g":0,"b":0,"pta":142.0,"ptb":142.0,"sat":0,"light":"blue","gain":"16x"}
23:55:14.146  {"type":"live","t":442516,"c":0,"r":0,"g":0,"b":0,"pta":142.0,"ptb":142.0,"sat":0,"light":"blue","gain":"16x"}
23:55:14.146  {"type":"live","t":442917,"c":0,"r":0,"g":0,"b":0,"pta":142.0,"ptb":142.0,"sat":0,"light":"blue","gain":"16x"}
23:55:15.136  {"type":"live","t":443318,"c":0,"r":0,"g":0,"b":0,"pta":142.0,"ptb":142.0,"sat":0,"light":"blue","gain":"16x"}
23:55:15.136  {"type":"live","t":443719,"c":0,"r":0,"g":0,"b":0,"pta":142.0,"ptb":142.0,"sat":0,"light":"blue","gain":"16x"}
23:55:15.941  {"type":"live","t":444120,"c":0,"r":0,"g":0,"b":0,"pta":142.0,"ptb":142.0,"sat":0,"light":"blue","gain":"16x"}
23:55:15.942  {"type":"live","t":444521,"c":0,"r":0,"g":0,"b":0,"pta":142.0,"ptb":142.0,"sat":0,"light":"blue","gain":"16x"}
23:55:16.746  {"type":"live","t":444922,"c":0,"r":0,"g":0,"b":0,"pta":142.0,"ptb":142.0,"sat":0,"light":"blue","gain":"16x"}
23:55:16.747  {"type":"live","t":445323,"c":0,"r":0,"g":0,"b":0,"pta":142.0,"ptb":142.0,"sat":0,"light":"blue","gain":"16x"}
23:55:17.757  {"type":"live","t":445724,"c":0,"r":0,"g":0,"b":0,"pta":142.0,"ptb":142.0,"sat":0,"light":"blue","gain":"16x"}
23:55:17.757  {"type":"live","t":446125,"c":0,"r":0,"g":0,"b":0,"pta":142.0,"ptb":142.0,"sat":0,"light":"blue","gain":"16x"}
23:55:17.758  {"type":"live","t":446526,"c":0,"r":0,"g":0,"b":0,"pta":142.0,"ptb":142.0,"sat":0,"light":"blue","gain":"16x"}
23:55:18.745  {"type":"live","t":446927,"c":0,"r":0,"g":0,"b":0,"pta":142.0,"ptb":142.0,"sat":0,"light":"blue","gain":"16x"}
23:55:18.746  {"type":"live","t":447328,"c":0,"r":0,"g":0,"b":0,"pta":142.0,"ptb":142.0,"sat":0,"light":"blue","gain":"16x"}
23:55:19.550  {"type":"live","t":447729,"c":0,"r":0,"g":0,"b":0,"pta":142.0,"ptb":142.0,"sat":0,"light":"blue","gain":"16x"}
23:55:19.551  {"type":"live","t":448130,"c":0,"r":0,"g":0,"b":0,"pta":142.0,"ptb":142.0,"sat":0,"light":"blue","gain":"16x"}
23:55:20.355  {"type":"live","t":448531,"c":0,"r":0,"g":0,"b":0,"pta":142.0,"ptb":142.0,"sat":0,"light":"blue","gain":"16x"}
23:55:20.356  {"type":"live","t":448932,"c":0,"r":0,"g":0,"b":0,"pta":142.0,"ptb":142.0,"sat":0,"light":"blue","gain":"16x"}
23:55:21.371  {"type":"live","t":449333,"c":0,"r":0,"g":0,"b":0,"pta":142.0,"ptb":142.0,"sat":0,"light":"blue","gain":"16x"}
23:55:21.372  {"type":"live","t":449734,"c":0,"r":0,"g":0,"b":0,"pta":142.0,"ptb":142.0,"sat":0,"light":"blue","gain":"16x"}
23:55:21.372  {"type":"live","t":450135,"c":0,"r":0,"g":0,"b":0,"pta":142.0,"ptb":142.0,"sat":0,"light":"blue","gain":"16x"}
23:55:22.354  {"type":"live","t":450536,"c":0,"r":0,"g":0,"b":0,"pta":142.0,"ptb":142.0,"sat":0,"light":"blue","gain":"16x"}
23:55:22.355  {"type":"live","t":450937,"c":0,"r":0,"g":0,"b":0,"pta":142.0,"ptb":142.0,"sat":0,"light":"blue","gain":"16x"}
23:55:23.159  {"type":"live","t":451338,"c":0,"r":0,"g":0,"b":0,"pta":142.0,"ptb":142.0,"sat":0,"light":"blue","gain":"16x"}
23:55:23.159  {"type":"live","t":451739,"c":0,"r":0,"g":0,"b":0,"pta":142.0,"ptb":142.0,"sat":0,"light":"blue","gain":"16x"}
23:55:23.964  {"type":"live","t":452140,"c":0,"r":0,"g":0,"b":0,"pta":142.0,"ptb":142.0,"sat":0,"light":"blue","gain":"16x"}
23:55:23.964  {"type":"live","t":452541,"c":0,"r":0,"g":0,"b":0,"pta":142.0,"ptb":142.0,"sat":0,"light":"blue","gain":"16x"}
23:55:24.977  {"type":"live","t":452942,"c":0,"r":0,"g":0,"b":0,"pta":142.0,"ptb":142.0,"sat":0,"light":"blue","gain":"16x"}
23:55:24.977  {"type":"live","t":453343,"c":0,"r":0,"g":0,"b":0,"pta":142.0,"ptb":142.0,"sat":0,"light":"blue","gain":"16x"}
23:55:24.978  {"type":"live","t":453744,"c":0,"r":0,"g":0,"b":0,"pta":142.0,"ptb":142.0,"sat":0,"light":"blue","gain":"16x"}
23:55:25.963  {"type":"live","t":454145,"c":0,"r":0,"g":0,"b":0,"pta":142.0,"ptb":142.0,"sat":0,"light":"blue","gain":"16x"}
23:55:25.964  {"type":"live","t":454546,"c":0,"r":0,"g":0,"b":0,"pta":142.0,"ptb":142.0,"sat":0,"light":"blue","gain":"16x"}
23:55:26.768  {"type":"live","t":454947,"c":0,"r":0,"g":0,"b":0,"pta":142.0,"ptb":142.0,"sat":0,"light":"blue","gain":"16x"}
23:55:26.769  {"type":"live","t":455348,"c":0,"r":0,"g":0,"b":0,"pta":142.0,"ptb":142.0,"sat":0,"light":"blue","gain":"16x"}
23:55:27.573  {"type":"live","t":455749,"c":0,"r":0,"g":0,"b":0,"pta":142.0,"ptb":142.0,"sat":0,"light":"blue","gain":"16x"}
23:55:27.574  {"type":"live","t":456150,"c":0,"r":0,"g":0,"b":0,"pta":142.0,"ptb":142.0,"sat":0,"light":"blue","gain":"16x"}
23:55:28.580  {"type":"live","t":456551,"c":0,"r":0,"g":0,"b":0,"pta":142.0,"ptb":142.0,"sat":0,"light":"blue","gain":"16x"}
23:55:28.581  {"type":"live","t":456952,"c":0,"r":0,"g":0,"b":0,"pta":142.0,"ptb":142.0,"sat":0,"light":"blue","gain":"16x"}
23:55:28.581  {"type":"live","t":457353,"c":0,"r":0,"g":0,"b":0,"pta":142.0,"ptb":142.0,"sat":0,"light":"blue","gain":"16x"}
23:55:29.572  {"type":"live","t":457754,"c":0,"r":0,"g":0,"b":0,"pta":142.0,"ptb":142.0,"sat":0,"light":"blue","gain":"16x"}
23:55:29.573  {"type":"live","t":458155,"c":0,"r":0,"g":0,"b":0,"pta":142.0,"ptb":142.0,"sat":0,"light":"blue","gain":"16x"}
23:55:30.377  {"type":"live","t":458556,"c":0,"r":0,"g":0,"b":0,"pta":142.0,"ptb":142.0,"sat":0,"light":"blue","gain":"16x"}
23:55:30.377  {"type":"live","t":458957,"c":0,"r":0,"g":0,"b":0,"pta":142.0,"ptb":142.0,"sat":0,"light":"blue","gain":"16x"}
23:55:31.182  {"type":"live","t":459358,"c":0,"r":0,"g":0,"b":0,"pta":142.0,"ptb":142.0,"sat":0,"light":"blue","gain":"16x"}
23:55:31.182  {"type":"live","t":459759,"c":0,"r":0,"g":0,"b":0,"pta":142.0,"ptb":142.0,"sat":0,"light":"blue","gain":"16x"}
23:55:32.186  {"type":"live","t":460160,"c":0,"r":0,"g":0,"b":0,"pta":142.0,"ptb":142.0,"sat":0,"light":"blue","gain":"16x"}
23:55:32.187  {"type":"live","t":460561,"c":0,"r":0,"g":0,"b":0,"pta":142.0,"ptb":142.0,"sat":0,"light":"blue","gain":"16x"}
23:55:32.187  {"type":"live","t":460962,"c":0,"r":0,"g":0,"b":0,"pta":142.0,"ptb":142.0,"sat":0,"light":"blue","gain":"16x"}
23:55:33.181  {"type":"live","t":461363,"c":0,"r":0,"g":0,"b":0,"pta":142.0,"ptb":142.0,"sat":0,"light":"blue","gain":"16x"}
23:55:33.181  {"type":"live","t":461764,"c":0,"r":0,"g":0,"b":0,"pta":142.0,"ptb":142.0,"sat":0,"light":"blue","gain":"16x"}
23:55:33.986  {"type":"live","t":462165,"c":0,"r":0,"g":0,"b":0,"pta":142.0,"ptb":142.0,"sat":0,"light":"blue","gain":"16x"}
23:55:33.986  {"type":"live","t":462566,"c":0,"r":0,"g":0,"b":0,"pta":142.0,"ptb":142.0,"sat":0,"light":"blue","gain":"16x"}
23:55:34.791  {"type":"live","t":462967,"c":0,"r":0,"g":0,"b":0,"pta":142.0,"ptb":142.0,"sat":0,"light":"blue","gain":"16x"}
23:55:34.791  {"type":"live","t":463368,"c":0,"r":0,"g":0,"b":0,"pta":142.0,"ptb":142.0,"sat":0,"light":"blue","gain":"16x"}
23:55:35.795  {"type":"live","t":463769,"c":0,"r":0,"g":0,"b":0,"pta":142.0,"ptb":142.0,"sat":0,"light":"blue","gain":"16x"}
23:55:35.796  {"type":"live","t":464170,"c":0,"r":0,"g":0,"b":0,"pta":142.0,"ptb":142.0,"sat":0,"light":"blue","gain":"16x"}
23:55:35.796  {"type":"live","t":464571,"c":0,"r":0,"g":0,"b":0,"pta":142.0,"ptb":142.0,"sat":0,"light":"blue","gain":"16x"}
23:55:36.790  {"type":"live","t":464972,"c":0,"r":0,"g":0,"b":0,"pta":142.0,"ptb":142.0,"sat":0,"light":"blue","gain":"16x"}
23:55:36.791  {"type":"live","t":465373,"c":0,"r":0,"g":0,"b":0,"pta":142.0,"ptb":142.0,"sat":0,"light":"blue","gain":"16x"}
23:55:37.595  {"type":"live","t":465774,"c":0,"r":0,"g":0,"b":0,"pta":142.0,"ptb":142.0,"sat":0,"light":"blue","gain":"16x"}
23:55:37.596  {"type":"live","t":466175,"c":0,"r":0,"g":0,"b":0,"pta":142.0,"ptb":142.0,"sat":0,"light":"blue","gain":"16x"}
23:55:38.400  {"type":"live","t":466576,"c":0,"r":0,"g":0,"b":0,"pta":142.0,"ptb":142.0,"sat":0,"light":"blue","gain":"16x"}
23:55:38.401  {"type":"live","t":466977,"c":0,"r":0,"g":0,"b":0,"pta":142.0,"ptb":142.0,"sat":0,"light":"blue","gain":"16x"}
23:55:39.416  {"type":"live","t":467378,"c":0,"r":0,"g":0,"b":0,"pta":142.0,"ptb":142.0,"sat":0,"light":"blue","gain":"16x"}
23:55:39.416  {"type":"live","t":467779,"c":0,"r":0,"g":0,"b":0,"pta":142.0,"ptb":142.0,"sat":0,"light":"blue","gain":"16x"}
23:55:39.417  {"type":"live","t":468180,"c":0,"r":0,"g":0,"b":0,"pta":142.0,"ptb":142.0,"sat":0,"light":"blue","gain":"16x"}
23:55:40.399  {"type":"live","t":468581,"c":0,"r":0,"g":0,"b":0,"pta":142.0,"ptb":142.0,"sat":0,"light":"blue","gain":"16x"}
23:55:40.400  {"type":"live","t":468982,"c":0,"r":0,"g":0,"b":0,"pta":142.0,"ptb":142.0,"sat":0,"light":"blue","gain":"16x"}
23:55:41.204  {"type":"live","t":469383,"c":0,"r":0,"g":0,"b":0,"pta":142.0,"ptb":142.0,"sat":0,"light":"blue","gain":"16x"}
23:55:41.205  {"type":"live","t":469784,"c":0,"r":0,"g":0,"b":0,"pta":142.0,"ptb":142.0,"sat":0,"light":"blue","gain":"16x"}
23:55:42.009  {"type":"live","t":470185,"c":0,"r":0,"g":0,"b":0,"pta":142.0,"ptb":142.0,"sat":0,"light":"blue","gain":"16x"}
23:55:42.010  {"type":"live","t":470586,"c":0,"r":0,"g":0,"b":0,"pta":142.0,"ptb":142.0,"sat":0,"light":"blue","gain":"16x"}
23:55:43.017  {"type":"live","t":470987,"c":0,"r":0,"g":0,"b":0,"pta":142.0,"ptb":142.0,"sat":0,"light":"blue","gain":"16x"}
23:55:43.017  {"type":"live","t":471388,"c":0,"r":0,"g":0,"b":0,"pta":142.0,"ptb":142.0,"sat":0,"light":"blue","gain":"16x"}
23:55:43.018  {"type":"live","t":471789,"c":0,"r":0,"g":0,"b":0,"pta":142.0,"ptb":142.0,"sat":0,"light":"blue","gain":"16x"}
23:55:44.008  {"type":"live","t":472190,"c":0,"r":0,"g":0,"b":0,"pta":142.0,"ptb":142.0,"sat":0,"light":"blue","gain":"16x"}
23:55:44.008  {"type":"live","t":472591,"c":0,"r":0,"g":0,"b":0,"pta":142.0,"ptb":142.0,"sat":0,"light":"blue","gain":"16x"}
23:55:44.813  {"type":"live","t":472992,"c":0,"r":0,"g":0,"b":0,"pta":142.0,"ptb":142.0,"sat":0,"light":"blue","gain":"16x"}
23:55:44.813  {"type":"live","t":473393,"c":0,"r":0,"g":0,"b":0,"pta":142.0,"ptb":142.0,"sat":0,"light":"blue","gain":"16x"}
23:55:45.618  {"type":"live","t":473794,"c":0,"r":0,"g":0,"b":0,"pta":142.0,"ptb":142.0,"sat":0,"light":"blue","gain":"16x"}
23:55:45.618  {"type":"live","t":474195,"c":0,"r":0,"g":0,"b":0,"pta":142.0,"ptb":142.0,"sat":0,"light":"blue","gain":"16x"}
23:55:46.632  {"type":"live","t":474596,"c":0,"r":0,"g":0,"b":0,"pta":142.0,"ptb":142.0,"sat":0,"light":"blue","gain":"16x"}
23:55:46.632  {"type":"live","t":474997,"c":0,"r":0,"g":0,"b":0,"pta":142.0,"ptb":142.0,"sat":0,"light":"blue","gain":"16x"}
23:55:46.632  {"type":"live","t":475398,"c":0,"r":0,"g":0,"b":0,"pta":142.0,"ptb":142.0,"sat":0,"light":"blue","gain":"16x"}
23:55:47.617  {"type":"live","t":475799,"c":0,"r":0,"g":0,"b":0,"pta":142.0,"ptb":142.0,"sat":0,"light":"blue","gain":"16x"}
23:55:47.623  {"type":"live","t":476200,"c":0,"r":0,"g":0,"b":0,"pta":142.0,"ptb":142.0,"sat":0,"light":"blue","gain":"16x"}
23:55:48.422  {"type":"live","t":476601,"c":0,"r":0,"g":0,"b":0,"pta":142.0,"ptb":142.0,"sat":0,"light":"blue","gain":"16x"}
23:55:48.422  {"type":"live","t":477002,"c":0,"r":0,"g":0,"b":0,"pta":142.0,"ptb":142.0,"sat":0,"light":"blue","gain":"16x"}
23:55:49.227  {"type":"live","t":477403,"c":0,"r":0,"g":0,"b":0,"pta":142.0,"ptb":142.0,"sat":0,"light":"blue","gain":"16x"}
23:55:49.227  {"type":"live","t":477804,"c":0,"r":0,"g":0,"b":0,"pta":142.0,"ptb":142.0,"sat":0,"light":"blue","gain":"16x"}
23:55:50.237  {"type":"live","t":478205,"c":0,"r":0,"g":0,"b":0,"pta":142.0,"ptb":142.0,"sat":0,"light":"blue","gain":"16x"}
23:55:50.238  {"type":"live","t":478606,"c":0,"r":0,"g":0,"b":0,"pta":142.0,"ptb":142.0,"sat":0,"light":"blue","gain":"16x"}
23:55:50.238  {"type":"live","t":479007,"c":0,"r":0,"g":0,"b":0,"pta":142.0,"ptb":142.0,"sat":0,"light":"blue","gain":"16x"}
23:55:51.226  {"type":"live","t":479408,"c":0,"r":0,"g":0,"b":0,"pta":142.0,"ptb":142.0,"sat":0,"light":"blue","gain":"16x"}
23:55:51.227  {"type":"live","t":479809,"c":0,"r":0,"g":0,"b":0,"pta":142.0,"ptb":142.0,"sat":0,"light":"blue","gain":"16x"}
23:55:52.031  {"type":"live","t":480210,"c":0,"r":0,"g":0,"b":0,"pta":142.0,"ptb":142.0,"sat":0,"light":"blue","gain":"16x"}
23:55:52.032  {"type":"live","t":480611,"c":0,"r":0,"g":0,"b":0,"pta":142.0,"ptb":142.0,"sat":0,"light":"blue","gain":"16x"}
23:55:52.836  {"type":"live","t":481012,"c":0,"r":0,"g":0,"b":0,"pta":142.0,"ptb":142.0,"sat":0,"light":"blue","gain":"16x"}
23:55:52.837  {"type":"live","t":481413,"c":0,"r":0,"g":0,"b":0,"pta":142.0,"ptb":142.0,"sat":0,"light":"blue","gain":"16x"}
23:55:53.847  {"type":"live","t":481814,"c":0,"r":0,"g":0,"b":0,"pta":142.0,"ptb":142.0,"sat":0,"light":"blue","gain":"16x"}
23:55:53.848  {"type":"live","t":482215,"c":0,"r":0,"g":0,"b":0,"pta":142.0,"ptb":142.0,"sat":0,"light":"blue","gain":"16x"}
23:55:53.848  {"type":"live","t":482616,"c":0,"r":0,"g":0,"b":0,"pta":142.0,"ptb":142.0,"sat":0,"light":"blue","gain":"16x"}
23:55:54.835  {"type":"live","t":483017,"c":0,"r":0,"g":0,"b":0,"pta":142.0,"ptb":142.0,"sat":0,"light":"blue","gain":"16x"}
23:55:54.836  {"type":"live","t":483418,"c":0,"r":0,"g":0,"b":0,"pta":142.0,"ptb":142.0,"sat":0,"light":"blue","gain":"16x"}
23:55:55.640  {"type":"live","t":483819,"c":0,"r":0,"g":0,"b":0,"pta":142.0,"ptb":142.0,"sat":0,"light":"blue","gain":"16x"}
23:55:55.641  {"type":"live","t":484220,"c":0,"r":0,"g":0,"b":0,"pta":142.0,"ptb":142.0,"sat":0,"light":"blue","gain":"16x"}
23:55:56.445  {"type":"live","t":484621,"c":0,"r":0,"g":0,"b":0,"pta":142.0,"ptb":142.0,"sat":0,"light":"blue","gain":"16x"}
23:55:56.446  {"type":"live","t":485022,"c":0,"r":0,"g":0,"b":0,"pta":142.0,"ptb":142.0,"sat":0,"light":"blue","gain":"16x"}
23:55:57.447  {"type":"live","t":485423,"c":0,"r":0,"g":0,"b":0,"pta":142.0,"ptb":142.0,"sat":0,"light":"blue","gain":"16x"}
23:55:57.447  {"type":"live","t":485824,"c":0,"r":0,"g":0,"b":0,"pta":142.0,"ptb":142.0,"sat":0,"light":"blue","gain":"16x"}
23:55:57.448  {"type":"live","t":486225,"c":0,"r":0,"g":0,"b":0,"pta":142.0,"ptb":142.0,"sat":0,"light":"blue","gain":"16x"}
23:55:58.444  {"type":"live","t":486626,"c":0,"r":0,"g":0,"b":0,"pta":142.0,"ptb":142.0,"sat":0,"light":"blue","gain":"16x"}
23:55:58.444  {"type":"live","t":487027,"c":0,"r":0,"g":0,"b":0,"pta":142.0,"ptb":142.0,"sat":0,"light":"blue","gain":"16x"}
23:55:59.249  {"type":"live","t":487428,"c":0,"r":0,"g":0,"b":0,"pta":142.0,"ptb":142.0,"sat":0,"light":"blue","gain":"16x"}
23:55:59.250  {"type":"live","t":487829,"c":0,"r":0,"g":0,"b":0,"pta":142.0,"ptb":142.0,"sat":0,"light":"blue","gain":"16x"}
23:56:00.054  {"type":"live","t":488230,"c":0,"r":0,"g":0,"b":0,"pta":142.0,"ptb":142.0,"sat":0,"light":"blue","gain":"16x"}
23:56:00.054  {"type":"live","t":488631,"c":0,"r":0,"g":0,"b":0,"pta":142.0,"ptb":142.0,"sat":0,"light":"blue","gain":"16x"}
23:56:01.064  {"type":"live","t":489032,"c":0,"r":0,"g":0,"b":0,"pta":142.0,"ptb":142.0,"sat":0,"light":"blue","gain":"16x"}
23:56:01.065  {"type":"live","t":489433,"c":0,"r":0,"g":0,"b":0,"pta":142.0,"ptb":142.0,"sat":0,"light":"blue","gain":"16x"}
23:56:01.065  {"type":"live","t":489834,"c":0,"r":0,"g":0,"b":0,"pta":142.0,"ptb":142.0,"sat":0,"light":"blue","gain":"16x"}
23:56:02.053  {"type":"live","t":490235,"c":0,"r":0,"g":0,"b":0,"pta":142.0,"ptb":142.0,"sat":0,"light":"blue","gain":"16x"}
23:56:02.054  {"type":"live","t":490636,"c":0,"r":0,"g":0,"b":0,"pta":142.0,"ptb":142.0,"sat":0,"light":"blue","gain":"16x"}
23:56:02.858  {"type":"live","t":491037,"c":0,"r":0,"g":0,"b":0,"pta":142.0,"ptb":142.0,"sat":0,"light":"blue","gain":"16x"}
23:56:02.859  {"type":"live","t":491438,"c":0,"r":0,"g":0,"b":0,"pta":142.0,"ptb":142.0,"sat":0,"light":"blue","gain":"16x"}
23:56:03.663  {"type":"live","t":491839,"c":0,"r":0,"g":0,"b":0,"pta":142.0,"ptb":142.0,"sat":0,"light":"blue","gain":"16x"}
23:56:03.664  {"type":"live","t":492240,"c":0,"r":0,"g":0,"b":0,"pta":142.0,"ptb":142.0,"sat":0,"light":"blue","gain":"16x"}
23:56:04.675  {"type":"live","t":492641,"c":0,"r":0,"g":0,"b":0,"pta":142.0,"ptb":142.0,"sat":0,"light":"blue","gain":"16x"}
23:56:04.676  {"type":"live","t":493042,"c":0,"r":0,"g":0,"b":0,"pta":142.0,"ptb":142.0,"sat":0,"light":"blue","gain":"16x"}
23:56:04.676  {"type":"live","t":493443,"c":0,"r":0,"g":0,"b":0,"pta":142.0,"ptb":142.0,"sat":0,"light":"blue","gain":"16x"}
23:56:05.662  {"type":"live","t":493844,"c":0,"r":0,"g":0,"b":0,"pta":142.0,"ptb":142.0,"sat":0,"light":"blue","gain":"16x"}
23:56:05.662  {"type":"live","t":494245,"c":0,"r":0,"g":0,"b":0,"pta":142.0,"ptb":142.0,"sat":0,"light":"blue","gain":"16x"}
23:56:06.467  {"type":"live","t":494646,"c":0,"r":0,"g":0,"b":0,"pta":142.0,"ptb":142.0,"sat":0,"light":"blue","gain":"16x"}
23:56:06.468  {"type":"live","t":495047,"c":0,"r":0,"g":0,"b":0,"pta":142.0,"ptb":142.0,"sat":0,"light":"blue","gain":"16x"}
23:56:07.272  {"type":"live","t":495448,"c":0,"r":0,"g":0,"b":0,"pta":142.0,"ptb":142.0,"sat":0,"light":"blue","gain":"16x"}
23:56:07.272  {"type":"live","t":495849,"c":0,"r":0,"g":0,"b":0,"pta":142.0,"ptb":142.0,"sat":0,"light":"blue","gain":"16x"}
23:56:08.286  {"type":"live","t":496250,"c":0,"r":0,"g":0,"b":0,"pta":142.0,"ptb":142.0,"sat":0,"light":"blue","gain":"16x"}
23:56:08.286  {"type":"live","t":496651,"c":0,"r":0,"g":0,"b":0,"pta":142.0,"ptb":142.0,"sat":0,"light":"blue","gain":"16x"}
23:56:08.287  {"type":"live","t":497052,"c":0,"r":0,"g":0,"b":0,"pta":142.0,"ptb":142.0,"sat":0,"light":"blue","gain":"16x"}
23:56:09.271  {"type":"live","t":497453,"c":0,"r":0,"g":0,"b":0,"pta":142.0,"ptb":142.0,"sat":0,"light":"blue","gain":"16x"}
23:56:09.272  {"type":"live","t":497854,"c":0,"r":0,"g":0,"b":0,"pta":142.0,"ptb":142.0,"sat":0,"light":"blue","gain":"16x"}
23:56:10.076  {"type":"live","t":498255,"c":0,"r":0,"g":0,"b":0,"pta":142.0,"ptb":142.0,"sat":0,"light":"blue","gain":"16x"}
23:56:10.077  {"type":"live","t":498656,"c":0,"r":0,"g":0,"b":0,"pta":142.0,"ptb":142.0,"sat":0,"light":"blue","gain":"16x"}
23:56:10.880  {"type":"live","t":499057,"c":0,"r":0,"g":0,"b":0,"pta":142.0,"ptb":142.0,"sat":0,"light":"blue","gain":"16x"}
23:56:10.881  {"type":"live","t":499458,"c":0,"r":0,"g":0,"b":0,"pta":142.0,"ptb":142.0,"sat":0,"light":"blue","gain":"16x"}
23:56:11.884  {"type":"live","t":499859,"c":0,"r":0,"g":0,"b":0,"pta":142.0,"ptb":142.0,"sat":0,"light":"blue","gain":"16x"}
23:56:11.884  {"type":"live","t":500260,"c":0,"r":0,"g":0,"b":0,"pta":142.0,"ptb":142.0,"sat":0,"light":"blue","gain":"16x"}
23:56:11.885  {"type":"live","t":500661,"c":0,"r":0,"g":0,"b":0,"pta":142.0,"ptb":142.0,"sat":0,"light":"blue","gain":"16x"}
23:56:12.880  {"type":"live","t":501062,"c":0,"r":0,"g":0,"b":0,"pta":142.0,"ptb":142.0,"sat":0,"light":"blue","gain":"16x"}
23:56:12.881  {"type":"live","t":501463,"c":0,"r":0,"g":0,"b":0,"pta":142.0,"ptb":142.0,"sat":0,"light":"blue","gain":"16x"}
23:56:13.684  {"type":"live","t":501864,"c":0,"r":0,"g":0,"b":0,"pta":142.0,"ptb":142.0,"sat":0,"light":"blue","gain":"16x"}
23:56:13.685  {"type":"live","t":502265,"c":0,"r":0,"g":0,"b":0,"pta":142.0,"ptb":142.0,"sat":0,"light":"blue","gain":"16x"}
23:56:14.489  {"type":"live","t":502666,"c":0,"r":0,"g":0,"b":0,"pta":142.0,"ptb":142.0,"sat":0,"light":"blue","gain":"16x"}
23:56:14.489  {"type":"live","t":503067,"c":0,"r":0,"g":0,"b":0,"pta":142.0,"ptb":142.0,"sat":0,"light":"blue","gain":"16x"}
23:56:15.502  {"type":"live","t":503468,"c":0,"r":0,"g":0,"b":0,"pta":142.0,"ptb":142.0,"sat":0,"light":"blue","gain":"16x"}
23:56:15.503  {"type":"live","t":503869,"c":0,"r":0,"g":0,"b":0,"pta":142.0,"ptb":142.0,"sat":0,"light":"blue","gain":"16x"}
23:56:15.503  {"type":"live","t":504270,"c":0,"r":0,"g":0,"b":0,"pta":142.0,"ptb":142.0,"sat":0,"light":"blue","gain":"16x"}
23:56:16.488  {"type":"live","t":504671,"c":0,"r":0,"g":0,"b":0,"pta":142.0,"ptb":142.0,"sat":0,"light":"blue","gain":"16x"}
23:56:16.489  {"type":"live","t":505072,"c":0,"r":0,"g":0,"b":0,"pta":142.0,"ptb":142.0,"sat":0,"light":"blue","gain":"16x"}
23:56:17.293  {"type":"live","t":505473,"c":0,"r":0,"g":0,"b":0,"pta":142.0,"ptb":142.0,"sat":0,"light":"blue","gain":"16x"}
23:56:17.294  {"type":"live","t":505874,"c":0,"r":0,"g":0,"b":0,"pta":142.0,"ptb":142.0,"sat":0,"light":"blue","gain":"16x"}
23:56:18.098  {"type":"live","t":506275,"c":0,"r":0,"g":0,"b":0,"pta":142.0,"ptb":142.0,"sat":0,"light":"blue","gain":"16x"}
23:56:18.099  {"type":"live","t":506676,"c":0,"r":0,"g":0,"b":0,"pta":142.0,"ptb":142.0,"sat":0,"light":"blue","gain":"16x"}
23:56:19.104  {"type":"live","t":507077,"c":0,"r":0,"g":0,"b":0,"pta":142.0,"ptb":142.0,"sat":0,"light":"blue","gain":"16x"}
23:56:19.105  {"type":"live","t":507478,"c":0,"r":0,"g":0,"b":0,"pta":142.0,"ptb":142.0,"sat":0,"light":"blue","gain":"16x"}
23:56:19.105  {"type":"live","t":507879,"c":0,"r":0,"g":0,"b":0,"pta":142.0,"ptb":142.0,"sat":0,"light":"blue","gain":"16x"}
23:56:20.097  {"type":"live","t":508280,"c":0,"r":0,"g":0,"b":0,"pta":142.0,"ptb":142.0,"sat":0,"light":"blue","gain":"16x"}
23:56:20.097  {"type":"live","t":508681,"c":0,"r":0,"g":0,"b":0,"pta":142.0,"ptb":142.0,"sat":0,"light":"blue","gain":"16x"}
23:56:20.902  {"type":"live","t":509082,"c":0,"r":0,"g":0,"b":0,"pta":142.0,"ptb":142.0,"sat":0,"light":"blue","gain":"16x"}
23:56:20.902  {"type":"live","t":509483,"c":0,"r":0,"g":0,"b":0,"pta":142.0,"ptb":142.0,"sat":0,"light":"blue","gain":"16x"}
23:56:21.707  {"type":"live","t":509884,"c":0,"r":0,"g":0,"b":0,"pta":142.0,"ptb":142.0,"sat":0,"light":"blue","gain":"16x"}
23:56:21.707  {"type":"live","t":510285,"c":0,"r":0,"g":0,"b":0,"pta":142.0,"ptb":142.0,"sat":0,"light":"blue","gain":"16x"}
23:56:22.721  {"type":"live","t":510686,"c":0,"r":0,"g":0,"b":0,"pta":142.0,"ptb":142.0,"sat":0,"light":"blue","gain":"16x"}
23:56:22.722  {"type":"live","t":511087,"c":0,"r":0,"g":0,"b":0,"pta":142.0,"ptb":142.0,"sat":0,"light":"blue","gain":"16x"}
23:56:22.722  {"type":"live","t":511488,"c":0,"r":0,"g":0,"b":0,"pta":142.0,"ptb":142.0,"sat":0,"light":"blue","gain":"16x"}
23:56:23.706  {"type":"live","t":511889,"c":0,"r":0,"g":0,"b":0,"pta":142.0,"ptb":142.0,"sat":0,"light":"blue","gain":"16x"}
23:56:23.707  {"type":"live","t":512290,"c":0,"r":0,"g":0,"b":0,"pta":142.0,"ptb":142.0,"sat":0,"light":"blue","gain":"16x"}
23:56:24.511  {"type":"live","t":512691,"c":0,"r":0,"g":0,"b":0,"pta":142.0,"ptb":142.0,"sat":0,"light":"blue","gain":"16x"}
23:56:24.511  {"type":"live","t":513092,"c":0,"r":0,"g":0,"b":0,"pta":142.0,"ptb":142.0,"sat":0,"light":"blue","gain":"16x"}
23:56:25.316  {"type":"live","t":513493,"c":0,"r":0,"g":0,"b":0,"pta":142.0,"ptb":142.0,"sat":0,"light":"blue","gain":"16x"}
23:56:25.316  {"type":"live","t":513894,"c":0,"r":0,"g":0,"b":0,"pta":142.0,"ptb":142.0,"sat":0,"light":"blue","gain":"16x"}
23:56:26.328  {"type":"live","t":514295,"c":0,"r":0,"g":0,"b":0,"pta":142.0,"ptb":142.0,"sat":0,"light":"blue","gain":"16x"}
23:56:26.329  {"type":"live","t":514696,"c":0,"r":0,"g":0,"b":0,"pta":142.0,"ptb":142.0,"sat":0,"light":"blue","gain":"16x"}
23:56:26.329  {"type":"live","t":515097,"c":0,"r":0,"g":0,"b":0,"pta":142.0,"ptb":142.0,"sat":0,"light":"blue","gain":"16x"}
23:56:27.315  {"type":"live","t":515498,"c":0,"r":0,"g":0,"b":0,"pta":142.0,"ptb":142.0,"sat":0,"light":"blue","gain":"16x"}
23:56:27.316  {"type":"live","t":515899,"c":0,"r":0,"g":0,"b":0,"pta":142.0,"ptb":142.0,"sat":0,"light":"blue","gain":"16x"}
23:56:28.120  {"type":"live","t":516300,"c":0,"r":0,"g":0,"b":0,"pta":142.0,"ptb":142.0,"sat":0,"light":"blue","gain":"16x"}
23:56:28.121  {"type":"live","t":516701,"c":0,"r":0,"g":0,"b":0,"pta":142.0,"ptb":142.0,"sat":0,"light":"blue","gain":"16x"}
23:56:28.925  {"type":"live","t":517102,"c":0,"r":0,"g":0,"b":0,"pta":142.0,"ptb":142.0,"sat":0,"light":"blue","gain":"16x"}
23:56:28.926  {"type":"live","t":517503,"c":0,"r":0,"g":0,"b":0,"pta":142.0,"ptb":142.0,"sat":0,"light":"blue","gain":"16x"}
23:56:29.929  {"type":"live","t":517904,"c":0,"r":0,"g":0,"b":0,"pta":142.0,"ptb":142.0,"sat":0,"light":"blue","gain":"16x"}
23:56:29.929  {"type":"live","t":518305,"c":0,"r":0,"g":0,"b":0,"pta":142.0,"ptb":142.0,"sat":0,"light":"blue","gain":"16x"}
23:56:29.930  {"type":"live","t":518706,"c":0,"r":0,"g":0,"b":0,"pta":142.0,"ptb":142.0,"sat":0,"light":"blue","gain":"16x"}
23:56:30.924  {"type":"live","t":519107,"c":0,"r":0,"g":0,"b":0,"pta":142.0,"ptb":142.0,"sat":0,"light":"blue","gain":"16x"}
23:56:30.925  {"type":"live","t":519508,"c":0,"r":0,"g":0,"b":0,"pta":142.0,"ptb":142.0,"sat":0,"light":"blue","gain":"16x"}
23:56:31.729  {"type":"live","t":519909,"c":0,"r":0,"g":0,"b":0,"pta":142.0,"ptb":142.0,"sat":0,"light":"blue","gain":"16x"}
23:56:31.730  {"type":"live","t":520310,"c":0,"r":0,"g":0,"b":0,"pta":142.0,"ptb":142.0,"sat":0,"light":"blue","gain":"16x"}
23:56:32.534  {"type":"live","t":520711,"c":0,"r":0,"g":0,"b":0,"pta":142.0,"ptb":142.0,"sat":0,"light":"blue","gain":"16x"}
23:56:32.535  {"type":"live","t":521112,"c":0,"r":0,"g":0,"b":0,"pta":142.0,"ptb":142.0,"sat":0,"light":"blue","gain":"16x"}
23:56:33.542  {"type":"live","t":521513,"c":0,"r":0,"g":0,"b":0,"pta":142.0,"ptb":142.0,"sat":0,"light":"blue","gain":"16x"}
23:56:33.542  {"type":"live","t":521914,"c":0,"r":0,"g":0,"b":0,"pta":142.0,"ptb":142.0,"sat":0,"light":"blue","gain":"16x"}
23:56:33.543  {"type":"live","t":522315,"c":0,"r":0,"g":0,"b":0,"pta":142.0,"ptb":142.0,"sat":0,"light":"blue","gain":"16x"}
23:56:34.533  {"type":"live","t":522716,"c":0,"r":0,"g":0,"b":0,"pta":142.0,"ptb":142.0,"sat":0,"light":"blue","gain":"16x"}
23:56:34.534  {"type":"live","t":523117,"c":0,"r":0,"g":0,"b":0,"pta":142.0,"ptb":142.0,"sat":0,"light":"blue","gain":"16x"}
23:56:35.338  {"type":"live","t":523518,"c":0,"r":0,"g":0,"b":0,"pta":142.0,"ptb":142.0,"sat":0,"light":"blue","gain":"16x"}
23:56:35.339  {"type":"live","t":523919,"c":0,"r":0,"g":0,"b":0,"pta":142.0,"ptb":142.0,"sat":0,"light":"blue","gain":"16x"}
23:56:36.143  {"type":"live","t":524320,"c":0,"r":0,"g":0,"b":0,"pta":142.0,"ptb":142.0,"sat":0,"light":"blue","gain":"16x"}
23:56:36.144  {"type":"live","t":524721,"c":0,"r":0,"g":0,"b":0,"pta":142.0,"ptb":142.0,"sat":0,"light":"blue","gain":"16x"}
23:56:37.150  {"type":"live","t":525122,"c":0,"r":0,"g":0,"b":0,"pta":142.0,"ptb":142.0,"sat":0,"light":"blue","gain":"16x"}
23:56:37.151  {"type":"live","t":525523,"c":0,"r":0,"g":0,"b":0,"pta":142.0,"ptb":142.0,"sat":0,"light":"blue","gain":"16x"}
23:56:37.151  {"type":"live","t":525924,"c":0,"r":0,"g":0,"b":0,"pta":142.0,"ptb":142.0,"sat":0,"light":"blue","gain":"16x"}
23:56:38.142  {"type":"live","t":526325,"c":0,"r":0,"g":0,"b":0,"pta":142.0,"ptb":142.0,"sat":0,"light":"blue","gain":"16x"}
23:56:38.142  {"type":"live","t":526726,"c":0,"r":0,"g":0,"b":0,"pta":142.0,"ptb":142.0,"sat":0,"light":"blue","gain":"16x"}
23:56:38.947  {"type":"live","t":527127,"c":0,"r":0,"g":0,"b":0,"pta":142.0,"ptb":142.0,"sat":0,"light":"blue","gain":"16x"}
23:56:38.947  {"type":"live","t":527528,"c":0,"r":0,"g":0,"b":0,"pta":142.0,"ptb":142.0,"sat":0,"light":"blue","gain":"16x"}
23:56:39.752  {"type":"live","t":527929,"c":0,"r":0,"g":0,"b":0,"pta":142.0,"ptb":142.0,"sat":0,"light":"blue","gain":"16x"}
23:56:39.753  {"type":"live","t":528330,"c":0,"r":0,"g":0,"b":0,"pta":142.0,"ptb":142.0,"sat":0,"light":"blue","gain":"16x"}
23:56:40.768  {"type":"live","t":528731,"c":0,"r":0,"g":0,"b":0,"pta":142.0,"ptb":142.0,"sat":0,"light":"blue","gain":"16x"}
23:56:40.768  {"type":"live","t":529132,"c":0,"r":0,"g":0,"b":0,"pta":142.0,"ptb":142.0,"sat":0,"light":"blue","gain":"16x"}
23:56:40.769  {"type":"live","t":529533,"c":0,"r":0,"g":0,"b":0,"pta":142.0,"ptb":142.0,"sat":0,"light":"blue","gain":"16x"}
23:56:41.751  {"type":"live","t":529934,"c":0,"r":0,"g":0,"b":0,"pta":142.0,"ptb":142.0,"sat":0,"light":"blue","gain":"16x"}
23:56:41.752  {"type":"live","t":530335,"c":0,"r":0,"g":0,"b":0,"pta":142.0,"ptb":142.0,"sat":0,"light":"blue","gain":"16x"}
23:56:42.556  {"type":"live","t":530736,"c":0,"r":0,"g":0,"b":0,"pta":142.0,"ptb":142.0,"sat":0,"light":"blue","gain":"16x"}
23:56:42.557  {"type":"live","t":531137,"c":0,"r":0,"g":0,"b":0,"pta":142.0,"ptb":142.0,"sat":0,"light":"blue","gain":"16x"}
23:56:43.361  {"type":"live","t":531538,"c":0,"r":0,"g":0,"b":0,"pta":142.0,"ptb":142.0,"sat":0,"light":"blue","gain":"16x"}
23:56:43.362  {"type":"live","t":531939,"c":0,"r":0,"g":0,"b":0,"pta":142.0,"ptb":142.0,"sat":0,"light":"blue","gain":"16x"}
23:56:44.362  {"type":"live","t":532340,"c":0,"r":0,"g":0,"b":0,"pta":142.0,"ptb":142.0,"sat":0,"light":"blue","gain":"16x"}
23:56:44.363  {"type":"live","t":532741,"c":0,"r":0,"g":0,"b":0,"pta":142.0,"ptb":142.0,"sat":0,"light":"blue","gain":"16x"}
23:56:44.363  {"type":"live","t":533142,"c":0,"r":0,"g":0,"b":0,"pta":142.0,"ptb":142.0,"sat":0,"light":"blue","gain":"16x"}
23:56:45.360  {"type":"live","t":533543,"c":0,"r":0,"g":0,"b":0,"pta":142.0,"ptb":142.0,"sat":0,"light":"blue","gain":"16x"}
23:56:45.361  {"type":"live","t":533944,"c":0,"r":0,"g":0,"b":0,"pta":142.0,"ptb":142.0,"sat":0,"light":"blue","gain":"16x"}
23:56:46.165  {"type":"live","t":534345,"c":0,"r":0,"g":0,"b":0,"pta":142.0,"ptb":142.0,"sat":0,"light":"blue","gain":"16x"}
23:56:46.166  {"type":"live","t":534746,"c":0,"r":0,"g":0,"b":0,"pta":142.0,"ptb":142.0,"sat":0,"light":"blue","gain":"16x"}
23:56:46.970  {"type":"live","t":535147,"c":0,"r":0,"g":0,"b":0,"pta":142.0,"ptb":142.0,"sat":0,"light":"blue","gain":"16x"}
23:56:46.970  {"type":"live","t":535548,"c":0,"r":0,"g":0,"b":0,"pta":142.0,"ptb":142.0,"sat":0,"light":"blue","gain":"16x"}
23:56:47.980  {"type":"live","t":535949,"c":0,"r":0,"g":0,"b":0,"pta":142.0,"ptb":142.0,"sat":0,"light":"blue","gain":"16x"}
23:56:47.980  {"type":"live","t":536350,"c":0,"r":0,"g":0,"b":0,"pta":142.0,"ptb":142.0,"sat":0,"light":"blue","gain":"16x"}
23:56:47.981  {"type":"live","t":536751,"c":0,"r":0,"g":0,"b":0,"pta":142.0,"ptb":142.0,"sat":0,"light":"blue","gain":"16x"}
23:56:48.969  {"type":"live","t":537152,"c":0,"r":0,"g":0,"b":0,"pta":142.0,"ptb":142.0,"sat":0,"light":"blue","gain":"16x"}
23:56:48.970  {"type":"live","t":537553,"c":0,"r":0,"g":0,"b":0,"pta":142.0,"ptb":142.0,"sat":0,"light":"blue","gain":"16x"}
23:56:49.774  {"type":"live","t":537954,"c":0,"r":0,"g":0,"b":0,"pta":142.0,"ptb":142.0,"sat":0,"light":"blue","gain":"16x"}
23:56:49.775  {"type":"live","t":538355,"c":0,"r":0,"g":0,"b":0,"pta":142.0,"ptb":142.0,"sat":0,"light":"blue","gain":"16x"}
23:56:50.579  {"type":"live","t":538756,"c":0,"r":0,"g":0,"b":0,"pta":142.0,"ptb":142.0,"sat":0,"light":"blue","gain":"16x"}
23:56:50.579  {"type":"live","t":539157,"c":0,"r":0,"g":0,"b":0,"pta":142.0,"ptb":142.0,"sat":0,"light":"blue","gain":"16x"}
23:56:51.589  {"type":"live","t":539558,"c":0,"r":0,"g":0,"b":0,"pta":142.0,"ptb":142.0,"sat":0,"light":"blue","gain":"16x"}
23:56:51.589  {"type":"live","t":539959,"c":0,"r":0,"g":0,"b":0,"pta":142.0,"ptb":142.0,"sat":0,"light":"blue","gain":"16x"}
23:56:51.590  {"type":"live","t":540360,"c":0,"r":0,"g":0,"b":0,"pta":142.0,"ptb":142.0,"sat":0,"light":"blue","gain":"16x"}
23:56:52.578  {"type":"live","t":540761,"c":0,"r":0,"g":0,"b":0,"pta":142.0,"ptb":142.0,"sat":0,"light":"blue","gain":"16x"}
23:56:52.579  {"type":"live","t":541162,"c":0,"r":0,"g":0,"b":0,"pta":142.0,"ptb":142.0,"sat":0,"light":"blue","gain":"16x"}
23:56:53.383  {"type":"live","t":541563,"c":0,"r":0,"g":0,"b":0,"pta":142.0,"ptb":142.0,"sat":0,"light":"blue","gain":"16x"}
23:56:53.384  {"type":"live","t":541964,"c":0,"r":0,"g":0,"b":0,"pta":142.0,"ptb":142.0,"sat":0,"light":"blue","gain":"16x"}
23:56:54.188  {"type":"live","t":542365,"c":0,"r":0,"g":0,"b":0,"pta":142.0,"ptb":142.0,"sat":0,"light":"blue","gain":"16x"}
23:56:54.189  {"type":"live","t":542766,"c":0,"r":0,"g":0,"b":0,"pta":142.0,"ptb":142.0,"sat":0,"light":"blue","gain":"16x"}
23:56:55.194  {"type":"live","t":543167,"c":0,"r":0,"g":0,"b":0,"pta":142.0,"ptb":142.0,"sat":0,"light":"blue","gain":"16x"}
23:56:55.195  {"type":"live","t":543568,"c":0,"r":0,"g":0,"b":0,"pta":142.0,"ptb":142.0,"sat":0,"light":"blue","gain":"16x"}
23:56:55.196  {"type":"live","t":543969,"c":0,"r":0,"g":0,"b":0,"pta":142.0,"ptb":142.0,"sat":0,"light":"blue","gain":"16x"}
23:56:56.187  {"type":"live","t":544370,"c":0,"r":0,"g":0,"b":0,"pta":142.0,"ptb":142.0,"sat":0,"light":"blue","gain":"16x"}
23:56:56.188  {"type":"live","t":544771,"c":0,"r":0,"g":0,"b":0,"pta":142.0,"ptb":142.0,"sat":0,"light":"blue","gain":"16x"}
23:56:56.992  {"type":"live","t":545172,"c":0,"r":0,"g":0,"b":0,"pta":142.0,"ptb":142.0,"sat":0,"light":"blue","gain":"16x"}
23:56:56.993  {"type":"live","t":545573,"c":0,"r":0,"g":0,"b":0,"pta":142.0,"ptb":142.0,"sat":0,"light":"blue","gain":"16x"}
23:56:57.797  {"type":"live","t":545974,"c":0,"r":0,"g":0,"b":0,"pta":142.0,"ptb":142.0,"sat":0,"light":"blue","gain":"16x"}
23:56:57.798  {"type":"live","t":546375,"c":0,"r":0,"g":0,"b":0,"pta":142.0,"ptb":142.0,"sat":0,"light":"blue","gain":"16x"}
23:56:58.810  {"type":"live","t":546776,"c":0,"r":0,"g":0,"b":0,"pta":142.0,"ptb":142.0,"sat":0,"light":"blue","gain":"16x"}
23:56:58.811  {"type":"live","t":547177,"c":0,"r":0,"g":0,"b":0,"pta":142.0,"ptb":142.0,"sat":0,"light":"blue","gain":"16x"}
23:56:58.811  {"type":"live","t":547578,"c":0,"r":0,"g":0,"b":0,"pta":142.0,"ptb":142.0,"sat":0,"light":"blue","gain":"16x"}
23:56:59.796  {"type":"live","t":547979,"c":0,"r":0,"g":0,"b":0,"pta":142.0,"ptb":142.0,"sat":0,"light":"blue","gain":"16x"}
23:56:59.797  {"type":"live","t":548380,"c":0,"r":0,"g":0,"b":0,"pta":142.0,"ptb":142.0,"sat":0,"light":"blue","gain":"16x"}
23:57:00.601  {"type":"live","t":548781,"c":0,"r":0,"g":0,"b":0,"pta":142.0,"ptb":142.0,"sat":0,"light":"blue","gain":"16x"}
23:57:00.601  {"type":"live","t":549182,"c":0,"r":0,"g":0,"b":0,"pta":142.0,"ptb":142.0,"sat":0,"light":"blue","gain":"16x"}
23:57:01.406  {"type":"live","t":549583,"c":0,"r":0,"g":0,"b":0,"pta":142.0,"ptb":142.0,"sat":0,"light":"blue","gain":"16x"}
23:57:01.407  {"type":"live","t":549984,"c":0,"r":0,"g":0,"b":0,"pta":142.0,"ptb":142.0,"sat":0,"light":"blue","gain":"16x"}
23:57:02.416  {"type":"live","t":550385,"c":0,"r":0,"g":0,"b":0,"pta":142.0,"ptb":142.0,"sat":0,"light":"blue","gain":"16x"}
23:57:02.417  {"type":"live","t":550786,"c":0,"r":0,"g":0,"b":0,"pta":142.0,"ptb":142.0,"sat":0,"light":"blue","gain":"16x"}
23:57:02.417  {"type":"live","t":551187,"c":0,"r":0,"g":0,"b":0,"pta":142.0,"ptb":142.0,"sat":0,"light":"blue","gain":"16x"}
23:57:03.405  {"type":"live","t":551588,"c":0,"r":0,"g":0,"b":0,"pta":142.0,"ptb":142.0,"sat":0,"light":"blue","gain":"16x"}
23:57:03.406  {"type":"live","t":551989,"c":0,"r":0,"g":0,"b":0,"pta":142.0,"ptb":142.0,"sat":0,"light":"blue","gain":"16x"}
23:57:04.210  {"type":"live","t":552390,"c":0,"r":0,"g":0,"b":0,"pta":142.0,"ptb":142.0,"sat":0,"light":"blue","gain":"16x"}
23:57:04.210  {"type":"live","t":552791,"c":0,"r":0,"g":0,"b":0,"pta":142.0,"ptb":142.0,"sat":0,"light":"blue","gain":"16x"}
23:57:05.015  {"type":"live","t":553192,"c":0,"r":0,"g":0,"b":0,"pta":142.0,"ptb":142.0,"sat":0,"light":"blue","gain":"16x"}
23:57:05.016  {"type":"live","t":553593,"c":0,"r":0,"g":0,"b":0,"pta":142.0,"ptb":142.0,"sat":0,"light":"blue","gain":"16x"}
23:57:06.029  {"type":"live","t":553994,"c":0,"r":0,"g":0,"b":0,"pta":142.0,"ptb":142.0,"sat":0,"light":"blue","gain":"16x"}
23:57:06.030  {"type":"live","t":554395,"c":0,"r":0,"g":0,"b":0,"pta":142.0,"ptb":142.0,"sat":0,"light":"blue","gain":"16x"}
23:57:06.030  {"type":"live","t":554796,"c":0,"r":0,"g":0,"b":0,"pta":142.0,"ptb":142.0,"sat":0,"light":"blue","gain":"16x"}
23:57:07.014  {"type":"live","t":555197,"c":0,"r":0,"g":0,"b":0,"pta":142.0,"ptb":142.0,"sat":0,"light":"blue","gain":"16x"}
23:57:07.015  {"type":"live","t":555598,"c":0,"r":0,"g":0,"b":0,"pta":142.0,"ptb":142.0,"sat":0,"light":"blue","gain":"16x"}
23:57:07.819  {"type":"live","t":555999,"c":0,"r":0,"g":0,"b":0,"pta":142.0,"ptb":142.0,"sat":0,"light":"blue","gain":"16x"}
23:57:07.820  {"type":"live","t":556400,"c":0,"r":0,"g":0,"b":0,"pta":142.0,"ptb":142.0,"sat":0,"light":"blue","gain":"16x"}
23:57:08.624  {"type":"live","t":556801,"c":0,"r":0,"g":0,"b":0,"pta":142.0,"ptb":142.0,"sat":0,"light":"blue","gain":"16x"}
23:57:08.625  {"type":"live","t":557202,"c":0,"r":0,"g":0,"b":0,"pta":142.0,"ptb":142.0,"sat":0,"light":"blue","gain":"16x"}
23:57:09.632  {"type":"live","t":557603,"c":0,"r":0,"g":0,"b":0,"pta":142.0,"ptb":142.0,"sat":0,"light":"blue","gain":"16x"}
23:57:09.632  {"type":"live","t":558004,"c":0,"r":0,"g":0,"b":0,"pta":142.0,"ptb":142.0,"sat":0,"light":"blue","gain":"16x"}
23:57:09.633  {"type":"live","t":558405,"c":0,"r":0,"g":0,"b":0,"pta":142.0,"ptb":142.0,"sat":0,"light":"blue","gain":"16x"}
23:57:10.623  {"type":"live","t":558806,"c":0,"r":0,"g":0,"b":0,"pta":142.0,"ptb":142.0,"sat":0,"light":"blue","gain":"16x"}
23:57:10.624  {"type":"live","t":559207,"c":0,"r":0,"g":0,"b":0,"pta":142.0,"ptb":142.0,"sat":0,"light":"blue","gain":"16x"}
23:57:11.428  {"type":"live","t":559608,"c":0,"r":0,"g":0,"b":0,"pta":142.0,"ptb":142.0,"sat":0,"light":"blue","gain":"16x"}
23:57:11.429  {"type":"live","t":560009,"c":0,"r":0,"g":0,"b":0,"pta":142.0,"ptb":142.0,"sat":0,"light":"blue","gain":"16x"}
23:57:12.233  {"type":"live","t":560410,"c":0,"r":0,"g":0,"b":0,"pta":142.0,"ptb":142.0,"sat":0,"light":"blue","gain":"16x"}
23:57:12.233  {"type":"live","t":560811,"c":0,"r":0,"g":0,"b":0,"pta":142.0,"ptb":142.0,"sat":0,"light":"blue","gain":"16x"}
23:57:13.248  {"type":"live","t":561212,"c":0,"r":0,"g":0,"b":0,"pta":142.0,"ptb":142.0,"sat":0,"light":"blue","gain":"16x"}
23:57:13.248  {"type":"live","t":561613,"c":0,"r":0,"g":0,"b":0,"pta":142.0,"ptb":142.0,"sat":0,"light":"blue","gain":"16x"}
23:57:13.249  {"type":"live","t":562014,"c":0,"r":0,"g":0,"b":0,"pta":142.0,"ptb":142.0,"sat":0,"light":"blue","gain":"16x"}
23:57:14.232  {"type":"live","t":562415,"c":0,"r":0,"g":0,"b":0,"pta":142.0,"ptb":142.0,"sat":0,"light":"blue","gain":"16x"}
23:57:14.233  {"type":"live","t":562816,"c":0,"r":0,"g":0,"b":0,"pta":142.0,"ptb":142.0,"sat":0,"light":"blue","gain":"16x"}
23:57:15.037  {"type":"live","t":563217,"c":0,"r":0,"g":0,"b":0,"pta":142.0,"ptb":142.0,"sat":0,"light":"blue","gain":"16x"}
23:57:15.037  {"type":"live","t":563618,"c":0,"r":0,"g":0,"b":0,"pta":142.0,"ptb":142.0,"sat":0,"light":"blue","gain":"16x"}
23:57:15.841  {"type":"live","t":564019,"c":0,"r":0,"g":0,"b":0,"pta":142.0,"ptb":142.0,"sat":0,"light":"blue","gain":"16x"}
23:57:15.842  {"type":"live","t":564420,"c":0,"r":0,"g":0,"b":0,"pta":142.0,"ptb":142.0,"sat":0,"light":"blue","gain":"16x"}
23:57:16.850  {"type":"live","t":564821,"c":0,"r":0,"g":0,"b":0,"pta":142.0,"ptb":142.0,"sat":0,"light":"blue","gain":"16x"}
23:57:16.851  {"type":"live","t":565222,"c":0,"r":0,"g":0,"b":0,"pta":142.0,"ptb":142.0,"sat":0,"light":"blue","gain":"16x"}
23:57:16.851  {"type":"live","t":565623,"c":0,"r":0,"g":0,"b":0,"pta":142.0,"ptb":142.0,"sat":0,"light":"blue","gain":"16x"}
23:57:17.841  {"type":"live","t":566024,"c":0,"r":0,"g":0,"b":0,"pta":142.0,"ptb":142.0,"sat":0,"light":"blue","gain":"16x"}
23:57:17.842  {"type":"live","t":566425,"c":0,"r":0,"g":0,"b":0,"pta":142.0,"ptb":142.0,"sat":0,"light":"blue","gain":"16x"}
23:57:18.645  {"type":"live","t":566826,"c":0,"r":0,"g":0,"b":0,"pta":142.0,"ptb":142.0,"sat":0,"light":"blue","gain":"16x"}
23:57:18.646  {"type":"live","t":567227,"c":0,"r":0,"g":0,"b":0,"pta":142.0,"ptb":142.0,"sat":0,"light":"blue","gain":"16x"}
23:57:19.450  {"type":"live","t":567628,"c":0,"r":0,"g":0,"b":0,"pta":142.0,"ptb":142.0,"sat":0,"light":"blue","gain":"16x"}
23:57:19.450  {"type":"live","t":568029,"c":0,"r":0,"g":0,"b":0,"pta":142.0,"ptb":142.0,"sat":0,"light":"blue","gain":"16x"}
23:57:20.452  {"type":"live","t":568430,"c":0,"r":0,"g":0,"b":0,"pta":142.0,"ptb":142.0,"sat":0,"light":"blue","gain":"16x"}
23:57:20.453  {"type":"live","t":568831,"c":0,"r":0,"g":0,"b":0,"pta":142.0,"ptb":142.0,"sat":0,"light":"blue","gain":"16x"}
23:57:20.453  {"type":"live","t":569232,"c":0,"r":0,"g":0,"b":0,"pta":142.0,"ptb":142.0,"sat":0,"light":"blue","gain":"16x"}
23:57:21.449  {"type":"live","t":569633,"c":0,"r":0,"g":0,"b":0,"pta":142.0,"ptb":142.0,"sat":0,"light":"blue","gain":"16x"}
23:57:21.450  {"type":"live","t":570034,"c":0,"r":0,"g":0,"b":0,"pta":142.0,"ptb":142.0,"sat":0,"light":"blue","gain":"16x"}
23:57:22.254  {"type":"live","t":570435,"c":0,"r":0,"g":0,"b":0,"pta":142.0,"ptb":142.0,"sat":0,"light":"blue","gain":"16x"}
23:57:22.255  {"type":"live","t":570836,"c":0,"r":0,"g":0,"b":0,"pta":142.0,"ptb":142.0,"sat":0,"light":"blue","gain":"16x"}
23:57:23.059  {"type":"live","t":571237,"c":0,"r":0,"g":0,"b":0,"pta":142.0,"ptb":142.0,"sat":0,"light":"blue","gain":"16x"}
23:57:23.060  {"type":"live","t":571638,"c":0,"r":0,"g":0,"b":0,"pta":142.0,"ptb":142.0,"sat":0,"light":"blue","gain":"16x"}
23:57:24.068  {"type":"live","t":572039,"c":0,"r":0,"g":0,"b":0,"pta":142.0,"ptb":142.0,"sat":0,"light":"blue","gain":"16x"}
23:57:24.069  {"type":"live","t":572440,"c":0,"r":0,"g":0,"b":0,"pta":142.0,"ptb":142.0,"sat":0,"light":"blue","gain":"16x"}
23:57:24.069  {"type":"live","t":572841,"c":0,"r":0,"g":0,"b":0,"pta":142.0,"ptb":142.0,"sat":0,"light":"blue","gain":"16x"}
23:57:25.058  {"type":"live","t":573242,"c":0,"r":0,"g":0,"b":0,"pta":142.0,"ptb":142.0,"sat":0,"light":"blue","gain":"16x"}
23:57:25.059  {"type":"live","t":573643,"c":0,"r":0,"g":0,"b":0,"pta":142.0,"ptb":142.0,"sat":0,"light":"blue","gain":"16x"}
23:57:25.863  {"type":"live","t":574044,"c":0,"r":0,"g":0,"b":0,"pta":142.0,"ptb":142.0,"sat":0,"light":"blue","gain":"16x"}
23:57:25.864  {"type":"live","t":574445,"c":0,"r":0,"g":0,"b":0,"pta":142.0,"ptb":142.0,"sat":0,"light":"blue","gain":"16x"}
23:57:26.668  {"type":"live","t":574846,"c":0,"r":0,"g":0,"b":0,"pta":142.0,"ptb":142.0,"sat":0,"light":"blue","gain":"16x"}
23:57:26.669  {"type":"live","t":575247,"c":0,"r":0,"g":0,"b":0,"pta":142.0,"ptb":142.0,"sat":0,"light":"blue","gain":"16x"}
23:57:27.678  {"type":"live","t":575648,"c":0,"r":0,"g":0,"b":0,"pta":142.0,"ptb":142.0,"sat":0,"light":"blue","gain":"16x"}
23:57:27.678  {"type":"live","t":576049,"c":0,"r":0,"g":0,"b":0,"pta":142.0,"ptb":142.0,"sat":0,"light":"blue","gain":"16x"}
23:57:27.679  {"type":"live","t":576450,"c":0,"r":0,"g":0,"b":0,"pta":142.0,"ptb":142.0,"sat":0,"light":"blue","gain":"16x"}
23:57:28.667  {"type":"live","t":576851,"c":0,"r":0,"g":0,"b":0,"pta":142.0,"ptb":142.0,"sat":0,"light":"blue","gain":"16x"}
23:57:28.668  {"type":"live","t":577252,"c":0,"r":0,"g":0,"b":0,"pta":142.0,"ptb":142.0,"sat":0,"light":"blue","gain":"16x"}
23:57:29.472  {"type":"live","t":577653,"c":0,"r":0,"g":0,"b":0,"pta":142.0,"ptb":142.0,"sat":0,"light":"blue","gain":"16x"}
23:57:29.473  {"type":"live","t":578054,"c":0,"r":0,"g":0,"b":0,"pta":142.0,"ptb":142.0,"sat":0,"light":"blue","gain":"16x"}
23:57:30.277  {"type":"live","t":578455,"c":0,"r":0,"g":0,"b":0,"pta":142.0,"ptb":142.0,"sat":0,"light":"blue","gain":"16x"}
23:57:30.278  {"type":"live","t":578856,"c":0,"r":0,"g":0,"b":0,"pta":142.0,"ptb":142.0,"sat":0,"light":"blue","gain":"16x"}
23:57:31.285  {"type":"live","t":579257,"c":0,"r":0,"g":0,"b":0,"pta":142.0,"ptb":142.0,"sat":0,"light":"blue","gain":"16x"}
23:57:31.286  {"type":"live","t":579658,"c":0,"r":0,"g":0,"b":0,"pta":142.0,"ptb":142.0,"sat":0,"light":"blue","gain":"16x"}
23:57:31.286  {"type":"live","t":580059,"c":0,"r":0,"g":0,"b":0,"pta":142.0,"ptb":142.0,"sat":0,"light":"blue","gain":"16x"}
23:57:32.276  {"type":"live","t":580460,"c":0,"r":0,"g":0,"b":0,"pta":142.0,"ptb":142.0,"sat":0,"light":"blue","gain":"16x"}
23:57:32.277  {"type":"live","t":580861,"c":0,"r":0,"g":0,"b":0,"pta":142.0,"ptb":142.0,"sat":0,"light":"blue","gain":"16x"}
23:57:33.081  {"type":"live","t":581262,"c":0,"r":0,"g":0,"b":0,"pta":142.0,"ptb":142.0,"sat":0,"light":"blue","gain":"16x"}
23:57:33.082  {"type":"live","t":581663,"c":0,"r":0,"g":0,"b":0,"pta":142.0,"ptb":142.0,"sat":0,"light":"blue","gain":"16x"}
23:57:33.886  {"type":"live","t":582064,"c":0,"r":0,"g":0,"b":0,"pta":142.0,"ptb":142.0,"sat":0,"light":"blue","gain":"16x"}
23:57:33.887  {"type":"live","t":582465,"c":0,"r":0,"g":0,"b":0,"pta":142.0,"ptb":142.0,"sat":0,"light":"blue","gain":"16x"}
23:57:34.902  {"type":"live","t":582866,"c":0,"r":0,"g":0,"b":0,"pta":142.0,"ptb":142.0,"sat":0,"light":"blue","gain":"16x"}
23:57:34.903  {"type":"live","t":583267,"c":0,"r":0,"g":0,"b":0,"pta":142.0,"ptb":142.0,"sat":0,"light":"blue","gain":"16x"}
23:57:34.903  {"type":"live","t":583668,"c":0,"r":0,"g":0,"b":0,"pta":142.0,"ptb":142.0,"sat":0,"light":"blue","gain":"16x"}
23:57:35.885  {"type":"live","t":584069,"c":0,"r":0,"g":0,"b":0,"pta":142.0,"ptb":142.0,"sat":0,"light":"blue","gain":"16x"}
23:57:35.886  {"type":"live","t":584470,"c":0,"r":0,"g":0,"b":0,"pta":142.0,"ptb":142.0,"sat":0,"light":"blue","gain":"16x"}
23:57:36.690  {"type":"live","t":584871,"c":0,"r":0,"g":0,"b":0,"pta":142.0,"ptb":142.0,"sat":0,"light":"blue","gain":"16x"}
23:57:36.691  {"type":"live","t":585272,"c":0,"r":0,"g":0,"b":0,"pta":142.0,"ptb":142.0,"sat":0,"light":"blue","gain":"16x"}
23:57:37.495  {"type":"live","t":585673,"c":0,"r":0,"g":0,"b":0,"pta":142.0,"ptb":142.0,"sat":0,"light":"blue","gain":"16x"}
23:57:37.496  {"type":"live","t":586074,"c":0,"r":0,"g":0,"b":0,"pta":142.0,"ptb":142.0,"sat":0,"light":"blue","gain":"16x"}
23:57:38.509  {"type":"live","t":586475,"c":0,"r":0,"g":0,"b":0,"pta":142.0,"ptb":142.0,"sat":0,"light":"blue","gain":"16x"}
23:57:38.510  {"type":"live","t":586876,"c":0,"r":0,"g":0,"b":0,"pta":142.0,"ptb":142.0,"sat":0,"light":"blue","gain":"16x"}
23:57:38.510  {"type":"live","t":587277,"c":0,"r":0,"g":0,"b":0,"pta":142.0,"ptb":142.0,"sat":0,"light":"blue","gain":"16x"}
23:57:39.494  {"type":"live","t":587678,"c":0,"r":0,"g":0,"b":0,"pta":142.0,"ptb":142.0,"sat":0,"light":"blue","gain":"16x"}
23:57:39.495  {"type":"live","t":588079,"c":0,"r":0,"g":0,"b":0,"pta":142.0,"ptb":142.0,"sat":0,"light":"blue","gain":"16x"}
23:57:40.299  {"type":"live","t":588480,"c":0,"r":0,"g":0,"b":0,"pta":142.0,"ptb":142.0,"sat":0,"light":"blue","gain":"16x"}
23:57:40.300  {"type":"live","t":588881,"c":0,"r":0,"g":0,"b":0,"pta":142.0,"ptb":142.0,"sat":0,"light":"blue","gain":"16x"}
23:57:41.104  {"type":"live","t":589282,"c":0,"r":0,"g":0,"b":0,"pta":142.0,"ptb":142.0,"sat":0,"light":"blue","gain":"16x"}
23:57:41.105  {"type":"live","t":589683,"c":0,"r":0,"g":0,"b":0,"pta":142.0,"ptb":142.0,"sat":0,"light":"blue","gain":"16x"}
23:57:42.118  {"type":"live","t":590084,"c":0,"r":0,"g":0,"b":0,"pta":142.0,"ptb":142.0,"sat":0,"light":"blue","gain":"16x"}
23:57:42.118  {"type":"live","t":590485,"c":0,"r":0,"g":0,"b":0,"pta":142.0,"ptb":142.0,"sat":0,"light":"blue","gain":"16x"}
23:57:42.119  {"type":"live","t":590886,"c":0,"r":0,"g":0,"b":0,"pta":142.0,"ptb":142.0,"sat":0,"light":"blue","gain":"16x"}
23:57:43.103  {"type":"live","t":591287,"c":0,"r":0,"g":0,"b":0,"pta":142.0,"ptb":142.0,"sat":0,"light":"blue","gain":"16x"}
23:57:43.104  {"type":"live","t":591688,"c":0,"r":0,"g":0,"b":0,"pta":142.0,"ptb":142.0,"sat":0,"light":"blue","gain":"16x"}
23:57:43.908  {"type":"live","t":592089,"c":0,"r":0,"g":0,"b":0,"pta":142.0,"ptb":142.0,"sat":0,"light":"blue","gain":"16x"}
23:57:43.909  {"type":"live","t":592490,"c":0,"r":0,"g":0,"b":0,"pta":142.0,"ptb":142.0,"sat":0,"light":"blue","gain":"16x"}
23:57:44.713  {"type":"live","t":592891,"c":0,"r":0,"g":0,"b":0,"pta":142.0,"ptb":142.0,"sat":0,"light":"blue","gain":"16x"}
23:57:44.714  {"type":"live","t":593292,"c":0,"r":0,"g":0,"b":0,"pta":142.0,"ptb":142.0,"sat":0,"light":"blue","gain":"16x"}
23:57:45.717  {"type":"live","t":593693,"c":0,"r":0,"g":0,"b":0,"pta":142.0,"ptb":142.0,"sat":0,"light":"blue","gain":"16x"}
23:57:45.717  {"type":"live","t":594094,"c":0,"r":0,"g":0,"b":0,"pta":142.0,"ptb":142.0,"sat":0,"light":"blue","gain":"16x"}
23:57:45.718  {"type":"live","t":594495,"c":0,"r":0,"g":0,"b":0,"pta":142.0,"ptb":142.0,"sat":0,"light":"blue","gain":"16x"}
23:57:46.712  {"type":"live","t":594896,"c":0,"r":0,"g":0,"b":0,"pta":142.0,"ptb":142.0,"sat":0,"light":"blue","gain":"16x"}
23:57:46.713  {"type":"live","t":595297,"c":0,"r":0,"g":0,"b":0,"pta":142.0,"ptb":142.0,"sat":0,"light":"blue","gain":"16x"}
23:57:47.517  {"type":"live","t":595698,"c":0,"r":0,"g":0,"b":0,"pta":142.0,"ptb":142.0,"sat":0,"light":"blue","gain":"16x"}
23:57:47.518  {"type":"live","t":596099,"c":0,"r":0,"g":0,"b":0,"pta":142.0,"ptb":142.0,"sat":0,"light":"blue","gain":"16x"}
23:57:48.322  {"type":"live","t":596500,"c":0,"r":0,"g":0,"b":0,"pta":142.0,"ptb":142.0,"sat":0,"light":"blue","gain":"16x"}
23:57:48.323  {"type":"live","t":596901,"c":0,"r":0,"g":0,"b":0,"pta":142.0,"ptb":142.0,"sat":0,"light":"blue","gain":"16x"}
23:57:49.326  {"type":"live","t":597302,"c":0,"r":0,"g":0,"b":0,"pta":142.0,"ptb":142.0,"sat":0,"light":"blue","gain":"16x"}
23:57:49.327  {"type":"live","t":597703,"c":0,"r":0,"g":0,"b":0,"pta":142.0,"ptb":142.0,"sat":0,"light":"blue","gain":"16x"}
23:57:49.327  {"type":"live","t":598104,"c":0,"r":0,"g":0,"b":0,"pta":142.0,"ptb":142.0,"sat":0,"light":"blue","gain":"16x"}
23:57:50.321  {"type":"live","t":598505,"c":0,"r":0,"g":0,"b":0,"pta":142.0,"ptb":142.0,"sat":0,"light":"blue","gain":"16x"}
23:57:50.322  {"type":"live","t":598906,"c":0,"r":0,"g":0,"b":0,"pta":142.0,"ptb":142.0,"sat":0,"light":"blue","gain":"16x"}
23:57:51.126  {"type":"live","t":599307,"c":0,"r":0,"g":0,"b":0,"pta":142.0,"ptb":142.0,"sat":0,"light":"blue","gain":"16x"}
23:57:51.127  {"type":"live","t":599708,"c":0,"r":0,"g":0,"b":0,"pta":142.0,"ptb":142.0,"sat":0,"light":"blue","gain":"16x"}
23:57:51.931  {"type":"live","t":600109,"c":0,"r":0,"g":0,"b":0,"pta":142.0,"ptb":142.0,"sat":0,"light":"blue","gain":"16x"}
23:57:51.932  {"type":"live","t":600510,"c":0,"r":0,"g":0,"b":0,"pta":142.0,"ptb":142.0,"sat":0,"light":"blue","gain":"16x"}
23:57:52.933  {"type":"live","t":600911,"c":0,"r":0,"g":0,"b":0,"pta":142.0,"ptb":142.0,"sat":0,"light":"blue","gain":"16x"}
23:57:52.934  {"type":"live","t":601312,"c":0,"r":0,"g":0,"b":0,"pta":142.0,"ptb":142.0,"sat":0,"light":"blue","gain":"16x"}
23:57:52.934  {"type":"live","t":601713,"c":0,"r":0,"g":0,"b":0,"pta":142.0,"ptb":142.0,"sat":0,"light":"blue","gain":"16x"}
23:57:53.930  {"type":"live","t":602114,"c":0,"r":0,"g":0,"b":0,"pta":142.0,"ptb":142.0,"sat":0,"light":"blue","gain":"16x"}
23:57:53.931  {"type":"live","t":602515,"c":0,"r":0,"g":0,"b":0,"pta":142.0,"ptb":142.0,"sat":0,"light":"blue","gain":"16x"}
23:57:54.735  {"type":"live","t":602916,"c":0,"r":0,"g":0,"b":0,"pta":142.0,"ptb":142.0,"sat":0,"light":"blue","gain":"16x"}
23:57:54.736  {"type":"live","t":603317,"c":0,"r":0,"g":0,"b":0,"pta":142.0,"ptb":142.0,"sat":0,"light":"blue","gain":"16x"}
23:57:55.540  {"type":"live","t":603718,"c":0,"r":0,"g":0,"b":0,"pta":142.0,"ptb":142.0,"sat":0,"light":"blue","gain":"16x"}
23:57:55.541  {"type":"live","t":604119,"c":0,"r":0,"g":0,"b":0,"pta":142.0,"ptb":142.0,"sat":0,"light":"blue","gain":"16x"}
23:57:56.543  {"type":"live","t":604520,"c":0,"r":0,"g":0,"b":0,"pta":142.0,"ptb":142.0,"sat":0,"light":"blue","gain":"16x"}
23:57:56.552  {"type":"live","t":604921,"c":0,"r":0,"g":0,"b":0,"pta":142.0,"ptb":142.0,"sat":0,"light":"blue","gain":"16x"}
23:57:56.553  {"type":"live","t":605322,"c":0,"r":0,"g":0,"b":0,"pta":142.0,"ptb":142.0,"sat":0,"light":"blue","gain":"16x"}
23:57:57.539  {"type":"live","t":605723,"c":0,"r":0,"g":0,"b":0,"pta":142.0,"ptb":142.0,"sat":0,"light":"blue","gain":"16x"}
23:57:57.540  {"type":"live","t":606124,"c":0,"r":0,"g":0,"b":0,"pta":142.0,"ptb":142.0,"sat":0,"light":"blue","gain":"16x"}
23:57:58.344  {"type":"live","t":606525,"c":0,"r":0,"g":0,"b":0,"pta":142.0,"ptb":142.0,"sat":0,"light":"blue","gain":"16x"}
23:57:58.345  {"type":"live","t":606926,"c":0,"r":0,"g":0,"b":0,"pta":142.0,"ptb":142.0,"sat":0,"light":"blue","gain":"16x"}
23:57:59.149  {"type":"live","t":607327,"c":0,"r":0,"g":0,"b":0,"pta":142.0,"ptb":142.0,"sat":0,"light":"blue","gain":"16x"}
23:57:59.150  {"type":"live","t":607728,"c":0,"r":0,"g":0,"b":0,"pta":142.0,"ptb":142.0,"sat":0,"light":"blue","gain":"16x"}
23:58:00.161  {"type":"live","t":608129,"c":0,"r":0,"g":0,"b":0,"pta":142.0,"ptb":142.0,"sat":0,"light":"blue","gain":"16x"}
23:58:00.162  {"type":"live","t":608530,"c":0,"r":0,"g":0,"b":0,"pta":142.0,"ptb":142.0,"sat":0,"light":"blue","gain":"16x"}
23:58:00.162  {"type":"live","t":608931,"c":0,"r":0,"g":0,"b":0,"pta":142.0,"ptb":142.0,"sat":0,"light":"blue","gain":"16x"}
23:58:01.148  {"type":"live","t":609332,"c":0,"r":0,"g":0,"b":0,"pta":142.0,"ptb":142.0,"sat":0,"light":"blue","gain":"16x"}
23:58:01.149  {"type":"live","t":609733,"c":0,"r":0,"g":0,"b":0,"pta":142.0,"ptb":142.0,"sat":0,"light":"blue","gain":"16x"}
23:58:01.953  {"type":"live","t":610134,"c":0,"r":0,"g":0,"b":0,"pta":142.0,"ptb":142.0,"sat":0,"light":"blue","gain":"16x"}
23:58:01.954  {"type":"live","t":610535,"c":0,"r":0,"g":0,"b":0,"pta":142.0,"ptb":142.0,"sat":0,"light":"blue","gain":"16x"}
23:58:02.758  {"type":"live","t":610936,"c":0,"r":0,"g":0,"b":0,"pta":142.0,"ptb":142.0,"sat":0,"light":"blue","gain":"16x"}
23:58:02.759  {"type":"live","t":611337,"c":0,"r":0,"g":0,"b":0,"pta":142.0,"ptb":142.0,"sat":0,"light":"blue","gain":"16x"}
23:58:03.760  {"type":"live","t":611738,"c":0,"r":0,"g":0,"b":0,"pta":142.0,"ptb":142.0,"sat":0,"light":"blue","gain":"16x"}
23:58:03.760  {"type":"live","t":612139,"c":0,"r":0,"g":0,"b":0,"pta":142.0,"ptb":142.0,"sat":0,"light":"blue","gain":"16x"}
23:58:03.761  {"type":"live","t":612540,"c":0,"r":0,"g":0,"b":0,"pta":142.0,"ptb":142.0,"sat":0,"light":"blue","gain":"16x"}
23:58:04.757  {"type":"live","t":612941,"c":0,"r":0,"g":0,"b":0,"pta":142.0,"ptb":142.0,"sat":0,"light":"blue","gain":"16x"}
23:58:04.758  {"type":"live","t":613342,"c":0,"r":0,"g":0,"b":0,"pta":142.0,"ptb":142.0,"sat":0,"light":"blue","gain":"16x"}
23:58:05.562  {"type":"live","t":613743,"c":0,"r":0,"g":0,"b":0,"pta":142.0,"ptb":142.0,"sat":0,"light":"blue","gain":"16x"}
23:58:05.563  {"type":"live","t":614144,"c":0,"r":0,"g":0,"b":0,"pta":142.0,"ptb":142.0,"sat":0,"light":"blue","gain":"16x"}
23:58:06.367  {"type":"live","t":614545,"c":0,"r":0,"g":0,"b":0,"pta":142.0,"ptb":142.0,"sat":0,"light":"blue","gain":"16x"}
23:58:06.368  {"type":"live","t":614946,"c":0,"r":0,"g":0,"b":0,"pta":142.0,"ptb":142.0,"sat":0,"light":"blue","gain":"16x"}
23:58:07.375  {"type":"live","t":615347,"c":0,"r":0,"g":0,"b":0,"pta":142.0,"ptb":142.0,"sat":0,"light":"blue","gain":"16x"}
23:58:07.376  {"type":"live","t":615748,"c":0,"r":0,"g":0,"b":0,"pta":142.0,"ptb":142.0,"sat":0,"light":"blue","gain":"16x"}
23:58:07.376  {"type":"live","t":616149,"c":0,"r":0,"g":0,"b":0,"pta":142.0,"ptb":142.0,"sat":0,"light":"blue","gain":"16x"}
23:58:08.366  {"type":"live","t":616550,"c":0,"r":0,"g":0,"b":0,"pta":142.0,"ptb":142.0,"sat":0,"light":"blue","gain":"16x"}
23:58:08.367  {"type":"live","t":616951,"c":0,"r":0,"g":0,"b":0,"pta":142.0,"ptb":142.0,"sat":0,"light":"blue","gain":"16x"}
23:58:09.171  {"type":"live","t":617352,"c":0,"r":0,"g":0,"b":0,"pta":142.0,"ptb":142.0,"sat":0,"light":"blue","gain":"16x"}
23:58:09.172  {"type":"live","t":617753,"c":0,"r":0,"g":0,"b":0,"pta":142.0,"ptb":142.0,"sat":0,"light":"blue","gain":"16x"}
23:58:09.976  {"type":"live","t":618154,"c":0,"r":0,"g":0,"b":0,"pta":142.0,"ptb":142.0,"sat":0,"light":"blue","gain":"16x"}
23:58:09.977  {"type":"live","t":618555,"c":0,"r":0,"g":0,"b":0,"pta":142.0,"ptb":142.0,"sat":0,"light":"blue","gain":"16x"}
23:58:10.990  {"type":"live","t":618956,"c":0,"r":0,"g":0,"b":0,"pta":142.0,"ptb":142.0,"sat":0,"light":"blue","gain":"16x"}
23:58:10.991  {"type":"live","t":619357,"c":0,"r":0,"g":0,"b":0,"pta":142.0,"ptb":142.0,"sat":0,"light":"blue","gain":"16x"}
23:58:10.991  {"type":"live","t":619758,"c":0,"r":0,"g":0,"b":0,"pta":142.0,"ptb":142.0,"sat":0,"light":"blue","gain":"16x"}
23:58:11.975  {"type":"live","t":620159,"c":0,"r":0,"g":0,"b":0,"pta":142.0,"ptb":142.0,"sat":0,"light":"blue","gain":"16x"}
23:58:11.976  {"type":"live","t":620560,"c":0,"r":0,"g":0,"b":0,"pta":142.0,"ptb":142.0,"sat":0,"light":"blue","gain":"16x"}
23:58:12.780  {"type":"live","t":620961,"c":0,"r":0,"g":0,"b":0,"pta":142.0,"ptb":142.0,"sat":0,"light":"blue","gain":"16x"}
23:58:12.781  {"type":"live","t":621362,"c":0,"r":0,"g":0,"b":0,"pta":142.0,"ptb":142.0,"sat":0,"light":"blue","gain":"16x"}
23:58:13.585  {"type":"live","t":621763,"c":0,"r":0,"g":0,"b":0,"pta":142.0,"ptb":142.0,"sat":0,"light":"blue","gain":"16x"}
23:58:13.586  {"type":"live","t":622164,"c":0,"r":0,"g":0,"b":0,"pta":142.0,"ptb":142.0,"sat":0,"light":"blue","gain":"16x"}
23:58:14.586  {"type":"live","t":622565,"c":0,"r":0,"g":0,"b":0,"pta":142.0,"ptb":142.0,"sat":0,"light":"blue","gain":"16x"}
23:58:14.586  {"type":"live","t":622966,"c":0,"r":0,"g":0,"b":0,"pta":142.0,"ptb":142.0,"sat":0,"light":"blue","gain":"16x"}
23:58:14.587  {"type":"live","t":623367,"c":0,"r":0,"g":0,"b":0,"pta":142.0,"ptb":142.0,"sat":0,"light":"blue","gain":"16x"}
23:58:15.584  {"type":"live","t":623768,"c":0,"r":0,"g":0,"b":0,"pta":142.0,"ptb":142.0,"sat":0,"light":"blue","gain":"16x"}
23:58:15.585  {"type":"live","t":624169,"c":0,"r":0,"g":0,"b":0,"pta":142.0,"ptb":142.0,"sat":0,"light":"blue","gain":"16x"}
23:58:16.389  {"type":"live","t":624570,"c":0,"r":0,"g":0,"b":0,"pta":142.0,"ptb":142.0,"sat":0,"light":"blue","gain":"16x"}
23:58:16.390  {"type":"live","t":624971,"c":0,"r":0,"g":0,"b":0,"pta":142.0,"ptb":142.0,"sat":0,"light":"blue","gain":"16x"}
23:58:17.194  {"type":"live","t":625372,"c":0,"r":0,"g":0,"b":0,"pta":142.0,"ptb":142.0,"sat":0,"light":"blue","gain":"16x"}
23:58:17.195  {"type":"live","t":625773,"c":0,"r":0,"g":0,"b":0,"pta":142.0,"ptb":142.0,"sat":0,"light":"blue","gain":"16x"}
23:58:18.201  {"type":"live","t":626174,"c":0,"r":0,"g":0,"b":0,"pta":142.0,"ptb":142.0,"sat":0,"light":"blue","gain":"16x"}
23:58:18.201  {"type":"live","t":626575,"c":0,"r":0,"g":0,"b":0,"pta":142.0,"ptb":142.0,"sat":0,"light":"blue","gain":"16x"}
23:58:18.202  {"type":"live","t":626976,"c":0,"r":0,"g":0,"b":0,"pta":142.0,"ptb":142.0,"sat":0,"light":"blue","gain":"16x"}
23:58:19.193  {"type":"live","t":627377,"c":0,"r":0,"g":0,"b":0,"pta":142.0,"ptb":142.0,"sat":0,"light":"blue","gain":"16x"}
23:58:19.194  {"type":"live","t":627778,"c":0,"r":0,"g":0,"b":0,"pta":142.0,"ptb":142.0,"sat":0,"light":"blue","gain":"16x"}
23:58:19.998  {"type":"live","t":628179,"c":0,"r":0,"g":0,"b":0,"pta":142.0,"ptb":142.0,"sat":0,"light":"blue","gain":"16x"}
23:58:19.999  {"type":"live","t":628580,"c":0,"r":0,"g":0,"b":0,"pta":142.0,"ptb":142.0,"sat":0,"light":"blue","gain":"16x"}
23:58:20.802  {"type":"live","t":628981,"c":0,"r":0,"g":0,"b":0,"pta":142.0,"ptb":142.0,"sat":0,"light":"blue","gain":"16x"}
23:58:20.803  {"type":"live","t":629382,"c":0,"r":0,"g":0,"b":0,"pta":142.0,"ptb":142.0,"sat":0,"light":"blue","gain":"16x"}
23:58:21.807  {"type":"live","t":629783,"c":0,"r":0,"g":0,"b":0,"pta":142.0,"ptb":142.0,"sat":0,"light":"blue","gain":"16x"}
23:58:21.808  {"type":"live","t":630184,"c":0,"r":0,"g":0,"b":0,"pta":142.0,"ptb":142.0,"sat":0,"light":"blue","gain":"16x"}
23:58:21.808  {"type":"live","t":630585,"c":0,"r":0,"g":0,"b":0,"pta":142.0,"ptb":142.0,"sat":0,"light":"blue","gain":"16x"}
23:58:22.802  {"type":"live","t":630986,"c":0,"r":0,"g":0,"b":0,"pta":142.0,"ptb":142.0,"sat":0,"light":"blue","gain":"16x"}
23:58:22.803  {"type":"live","t":631387,"c":0,"r":0,"g":0,"b":0,"pta":142.0,"ptb":142.0,"sat":0,"light":"blue","gain":"16x"}
23:58:23.606  {"type":"live","t":631788,"c":0,"r":0,"g":0,"b":0,"pta":142.0,"ptb":142.0,"sat":0,"light":"blue","gain":"16x"}
23:58:23.607  {"type":"live","t":632189,"c":0,"r":0,"g":0,"b":0,"pta":142.0,"ptb":142.0,"sat":0,"light":"blue","gain":"16x"}
23:58:24.411  {"type":"live","t":632590,"c":0,"r":0,"g":0,"b":0,"pta":142.0,"ptb":142.0,"sat":0,"light":"blue","gain":"16x"}
23:58:24.412  {"type":"live","t":632991,"c":0,"r":0,"g":0,"b":0,"pta":142.0,"ptb":142.0,"sat":0,"light":"blue","gain":"16x"}
23:58:25.414  {"type":"live","t":633392,"c":0,"r":0,"g":0,"b":0,"pta":142.0,"ptb":142.0,"sat":0,"light":"blue","gain":"16x"}
23:58:25.414  {"type":"live","t":633793,"c":0,"r":0,"g":0,"b":0,"pta":142.0,"ptb":142.0,"sat":0,"light":"blue","gain":"16x"}
23:58:25.415  {"type":"live","t":634194,"c":0,"r":0,"g":0,"b":0,"pta":142.0,"ptb":142.0,"sat":0,"light":"blue","gain":"16x"}
23:58:26.410  {"type":"live","t":634595,"c":0,"r":0,"g":0,"b":0,"pta":142.0,"ptb":142.0,"sat":0,"light":"blue","gain":"16x"}
23:58:26.411  {"type":"live","t":634996,"c":0,"r":0,"g":0,"b":0,"pta":142.0,"ptb":142.0,"sat":0,"light":"blue","gain":"16x"}
23:58:27.215  {"type":"live","t":635397,"c":0,"r":0,"g":0,"b":0,"pta":142.0,"ptb":142.0,"sat":0,"light":"blue","gain":"16x"}
23:58:27.216  {"type":"live","t":635798,"c":0,"r":0,"g":0,"b":0,"pta":142.0,"ptb":142.0,"sat":0,"light":"blue","gain":"16x"}
23:58:28.020  {"type":"live","t":636199,"c":0,"r":0,"g":0,"b":0,"pta":142.0,"ptb":142.0,"sat":0,"light":"blue","gain":"16x"}
23:58:28.021  {"type":"live","t":636600,"c":0,"r":0,"g":0,"b":0,"pta":142.0,"ptb":142.0,"sat":0,"light":"blue","gain":"16x"}
23:58:29.022  {"type":"live","t":637001,"c":0,"r":0,"g":0,"b":0,"pta":142.0,"ptb":142.0,"sat":0,"light":"blue","gain":"16x"}
23:58:29.022  {"type":"live","t":637402,"c":0,"r":0,"g":0,"b":0,"pta":142.0,"ptb":142.0,"sat":0,"light":"blue","gain":"16x"}
23:58:29.023  {"type":"live","t":637803,"c":0,"r":0,"g":0,"b":0,"pta":142.0,"ptb":142.0,"sat":0,"light":"blue","gain":"16x"}
23:58:30.019  {"type":"live","t":638204,"c":0,"r":0,"g":0,"b":0,"pta":142.0,"ptb":142.0,"sat":0,"light":"blue","gain":"16x"}
23:58:30.020  {"type":"live","t":638605,"c":0,"r":0,"g":0,"b":0,"pta":142.0,"ptb":142.0,"sat":0,"light":"blue","gain":"16x"}
23:58:30.824  {"type":"live","t":639006,"c":0,"r":0,"g":0,"b":0,"pta":142.0,"ptb":142.0,"sat":0,"light":"blue","gain":"16x"}
23:58:30.825  {"type":"live","t":639407,"c":0,"r":0,"g":0,"b":0,"pta":142.0,"ptb":142.0,"sat":0,"light":"blue","gain":"16x"}
23:58:31.629  {"type":"live","t":639808,"c":0,"r":0,"g":0,"b":0,"pta":142.0,"ptb":142.0,"sat":0,"light":"blue","gain":"16x"}
23:58:31.630  {"type":"live","t":640209,"c":0,"r":0,"g":0,"b":0,"pta":142.0,"ptb":142.0,"sat":0,"light":"blue","gain":"16x"}
23:58:32.633  {"type":"live","t":640610,"c":0,"r":0,"g":0,"b":0,"pta":142.0,"ptb":142.0,"sat":0,"light":"blue","gain":"16x"}
23:58:32.633  {"type":"live","t":641011,"c":0,"r":0,"g":0,"b":0,"pta":142.0,"ptb":142.0,"sat":0,"light":"blue","gain":"16x"}
23:58:32.634  {"type":"live","t":641412,"c":0,"r":0,"g":0,"b":0,"pta":142.0,"ptb":142.0,"sat":0,"light":"blue","gain":"16x"}
23:58:33.628  {"type":"live","t":641813,"c":0,"r":0,"g":0,"b":0,"pta":142.0,"ptb":142.0,"sat":0,"light":"blue","gain":"16x"}
23:58:33.629  {"type":"live","t":642214,"c":0,"r":0,"g":0,"b":0,"pta":142.0,"ptb":142.0,"sat":0,"light":"blue","gain":"16x"}
23:58:34.433  {"type":"live","t":642615,"c":0,"r":0,"g":0,"b":0,"pta":142.0,"ptb":142.0,"sat":0,"light":"blue","gain":"16x"}
23:58:34.434  {"type":"live","t":643016,"c":0,"r":0,"g":0,"b":0,"pta":142.0,"ptb":142.0,"sat":0,"light":"blue","gain":"16x"}
23:58:35.238  {"type":"live","t":643417,"c":0,"r":0,"g":0,"b":0,"pta":142.0,"ptb":142.0,"sat":0,"light":"blue","gain":"16x"}
23:58:35.239  {"type":"live","t":643818,"c":0,"r":0,"g":0,"b":0,"pta":142.0,"ptb":142.0,"sat":0,"light":"blue","gain":"16x"}
23:58:36.249  {"type":"live","t":644219,"c":0,"r":0,"g":0,"b":0,"pta":142.0,"ptb":142.0,"sat":0,"light":"blue","gain":"16x"}
23:58:36.250  {"type":"live","t":644620,"c":0,"r":0,"g":0,"b":0,"pta":142.0,"ptb":142.0,"sat":0,"light":"blue","gain":"16x"}
23:58:36.250  {"type":"live","t":645021,"c":0,"r":0,"g":0,"b":0,"pta":142.0,"ptb":142.0,"sat":0,"light":"blue","gain":"16x"}
23:58:37.237  {"type":"live","t":645422,"c":0,"r":0,"g":0,"b":0,"pta":142.0,"ptb":142.0,"sat":0,"light":"blue","gain":"16x"}
23:58:37.238  {"type":"live","t":645823,"c":0,"r":0,"g":0,"b":0,"pta":142.0,"ptb":142.0,"sat":0,"light":"blue","gain":"16x"}
23:58:38.042  {"type":"live","t":646224,"c":0,"r":0,"g":0,"b":0,"pta":142.0,"ptb":142.0,"sat":0,"light":"blue","gain":"16x"}
23:58:38.043  {"type":"live","t":646625,"c":0,"r":0,"g":0,"b":0,"pta":142.0,"ptb":142.0,"sat":0,"light":"blue","gain":"16x"}
23:58:38.847  {"type":"live","t":647026,"c":0,"r":0,"g":0,"b":0,"pta":142.0,"ptb":142.0,"sat":0,"light":"blue","gain":"16x"}
23:58:38.848  {"type":"live","t":647427,"c":0,"r":0,"g":0,"b":0,"pta":142.0,"ptb":142.0,"sat":0,"light":"blue","gain":"16x"}
23:58:39.858  {"type":"live","t":647828,"c":0,"r":0,"g":0,"b":0,"pta":142.0,"ptb":142.0,"sat":0,"light":"blue","gain":"16x"}
23:58:39.859  {"type":"live","t":648229,"c":0,"r":0,"g":0,"b":0,"pta":142.0,"ptb":142.0,"sat":0,"light":"blue","gain":"16x"}
23:58:39.859  {"type":"live","t":648630,"c":0,"r":0,"g":0,"b":0,"pta":142.0,"ptb":142.0,"sat":0,"light":"blue","gain":"16x"}
23:58:40.846  {"type":"live","t":649031,"c":0,"r":0,"g":0,"b":0,"pta":142.0,"ptb":142.0,"sat":0,"light":"blue","gain":"16x"}
23:58:40.847  {"type":"live","t":649432,"c":0,"r":0,"g":0,"b":0,"pta":142.0,"ptb":142.0,"sat":0,"light":"blue","gain":"16x"}
23:58:41.651  {"type":"live","t":649833,"c":0,"r":0,"g":0,"b":0,"pta":142.0,"ptb":142.0,"sat":0,"light":"blue","gain":"16x"}
23:58:41.652  {"type":"live","t":650234,"c":0,"r":0,"g":0,"b":0,"pta":142.0,"ptb":142.0,"sat":0,"light":"blue","gain":"16x"}
23:58:42.456  {"type":"live","t":650635,"c":0,"r":0,"g":0,"b":0,"pta":142.0,"ptb":142.0,"sat":0,"light":"blue","gain":"16x"}
23:58:42.457  {"type":"live","t":651036,"c":0,"r":0,"g":0,"b":0,"pta":142.0,"ptb":142.0,"sat":0,"light":"blue","gain":"16x"}
23:58:43.463  {"type":"live","t":651437,"c":0,"r":0,"g":0,"b":0,"pta":142.0,"ptb":142.0,"sat":0,"light":"blue","gain":"16x"}
23:58:43.464  {"type":"live","t":651838,"c":0,"r":0,"g":0,"b":0,"pta":142.0,"ptb":142.0,"sat":0,"light":"blue","gain":"16x"}
23:58:43.464  {"type":"live","t":652239,"c":0,"r":0,"g":0,"b":0,"pta":142.0,"ptb":142.0,"sat":0,"light":"blue","gain":"16x"}
23:58:44.455  {"type":"live","t":652640,"c":0,"r":0,"g":0,"b":0,"pta":142.0,"ptb":142.0,"sat":0,"light":"blue","gain":"16x"}
23:58:44.456  {"type":"live","t":653041,"c":0,"r":0,"g":0,"b":0,"pta":142.0,"ptb":142.0,"sat":0,"light":"blue","gain":"16x"}
23:58:45.260  {"type":"live","t":653442,"c":0,"r":0,"g":0,"b":0,"pta":142.0,"ptb":142.0,"sat":0,"light":"blue","gain":"16x"}
23:58:45.261  {"type":"live","t":653843,"c":0,"r":0,"g":0,"b":0,"pta":142.0,"ptb":142.0,"sat":0,"light":"blue","gain":"16x"}
23:58:46.065  {"type":"live","t":654244,"c":0,"r":0,"g":0,"b":0,"pta":142.0,"ptb":142.0,"sat":0,"light":"blue","gain":"16x"}
23:58:46.066  {"type":"live","t":654645,"c":0,"r":0,"g":0,"b":0,"pta":142.0,"ptb":142.0,"sat":0,"light":"blue","gain":"16x"}
23:58:47.067  {"type":"live","t":655046,"c":0,"r":0,"g":0,"b":0,"pta":142.0,"ptb":142.0,"sat":0,"light":"blue","gain":"16x"}
23:58:47.068  {"type":"live","t":655447,"c":0,"r":0,"g":0,"b":0,"pta":142.0,"ptb":142.0,"sat":0,"light":"blue","gain":"16x"}
23:58:47.068  {"type":"live","t":655848,"c":0,"r":0,"g":0,"b":0,"pta":142.0,"ptb":142.0,"sat":0,"light":"blue","gain":"16x"}
23:58:48.064  {"type":"live","t":656249,"c":0,"r":0,"g":0,"b":0,"pta":142.0,"ptb":142.0,"sat":0,"light":"blue","gain":"16x"}
23:58:48.065  {"type":"live","t":656650,"c":0,"r":0,"g":0,"b":0,"pta":142.0,"ptb":142.0,"sat":0,"light":"blue","gain":"16x"}
23:58:48.869  {"type":"live","t":657051,"c":0,"r":0,"g":0,"b":0,"pta":142.0,"ptb":142.0,"sat":0,"light":"blue","gain":"16x"}
23:58:48.870  {"type":"live","t":657452,"c":0,"r":0,"g":0,"b":0,"pta":142.0,"ptb":142.0,"sat":0,"light":"blue","gain":"16x"}
23:58:49.674  {"type":"live","t":657853,"c":0,"r":0,"g":0,"b":0,"pta":142.0,"ptb":142.0,"sat":0,"light":"blue","gain":"16x"}
23:58:49.675  {"type":"live","t":658254,"c":0,"r":0,"g":0,"b":0,"pta":142.0,"ptb":142.0,"sat":0,"light":"blue","gain":"16x"}
23:58:50.678  {"type":"live","t":658655,"c":0,"r":0,"g":0,"b":0,"pta":142.0,"ptb":142.0,"sat":0,"light":"blue","gain":"16x"}
23:58:50.679  {"type":"live","t":659056,"c":0,"r":0,"g":0,"b":0,"pta":142.0,"ptb":142.0,"sat":0,"light":"blue","gain":"16x"}
23:58:50.679  {"type":"live","t":659457,"c":0,"r":0,"g":0,"b":0,"pta":142.0,"ptb":142.0,"sat":0,"light":"blue","gain":"16x"}
23:58:51.673  {"type":"live","t":659858,"c":0,"r":0,"g":0,"b":0,"pta":142.0,"ptb":142.0,"sat":0,"light":"blue","gain":"16x"}
23:58:51.674  {"type":"live","t":660259,"c":0,"r":0,"g":0,"b":0,"pta":142.0,"ptb":142.0,"sat":0,"light":"blue","gain":"16x"}
23:58:52.478  {"type":"live","t":660660,"c":0,"r":0,"g":0,"b":0,"pta":142.0,"ptb":142.0,"sat":0,"light":"blue","gain":"16x"}
23:58:52.479  {"type":"live","t":661061,"c":0,"r":0,"g":0,"b":0,"pta":142.0,"ptb":142.0,"sat":0,"light":"blue","gain":"16x"}
23:58:53.283  {"type":"live","t":661462,"c":0,"r":0,"g":0,"b":0,"pta":142.0,"ptb":142.0,"sat":0,"light":"blue","gain":"16x"}
23:58:53.284  {"type":"live","t":661863,"c":0,"r":0,"g":0,"b":0,"pta":142.0,"ptb":142.0,"sat":0,"light":"blue","gain":"16x"}
23:58:54.290  {"type":"live","t":662264,"c":0,"r":0,"g":0,"b":0,"pta":142.0,"ptb":142.0,"sat":0,"light":"blue","gain":"16x"}
23:58:54.290  {"type":"live","t":662665,"c":0,"r":0,"g":0,"b":0,"pta":142.0,"ptb":142.0,"sat":0,"light":"blue","gain":"16x"}
23:58:54.291  {"type":"live","t":663066,"c":0,"r":0,"g":0,"b":0,"pta":142.0,"ptb":142.0,"sat":0,"light":"blue","gain":"16x"}
23:58:55.282  {"type":"live","t":663467,"c":0,"r":0,"g":0,"b":0,"pta":142.0,"ptb":142.0,"sat":0,"light":"blue","gain":"16x"}
23:58:55.283  {"type":"live","t":663868,"c":0,"r":0,"g":0,"b":0,"pta":142.0,"ptb":142.0,"sat":0,"light":"blue","gain":"16x"}
23:58:56.087  {"type":"live","t":664269,"c":0,"r":0,"g":0,"b":0,"pta":142.0,"ptb":142.0,"sat":0,"light":"blue","gain":"16x"}
23:58:56.088  {"type":"live","t":664670,"c":0,"r":0,"g":0,"b":0,"pta":142.0,"ptb":142.0,"sat":0,"light":"blue","gain":"16x"}
23:58:56.892  {"type":"live","t":665071,"c":0,"r":0,"g":0,"b":0,"pta":142.0,"ptb":142.0,"sat":0,"light":"blue","gain":"16x"}
23:58:56.893  {"type":"live","t":665472,"c":0,"r":0,"g":0,"b":0,"pta":142.0,"ptb":142.0,"sat":0,"light":"blue","gain":"16x"}
23:58:57.895  {"type":"live","t":665873,"c":0,"r":0,"g":0,"b":0,"pta":142.0,"ptb":142.0,"sat":0,"light":"blue","gain":"16x"}
23:58:57.896  {"type":"live","t":666274,"c":0,"r":0,"g":0,"b":0,"pta":142.0,"ptb":142.0,"sat":0,"light":"blue","gain":"16x"}
23:58:57.896  {"type":"live","t":666675,"c":0,"r":0,"g":0,"b":0,"pta":142.0,"ptb":142.0,"sat":0,"light":"blue","gain":"16x"}
23:58:58.891  {"type":"live","t":667076,"c":0,"r":0,"g":0,"b":0,"pta":142.0,"ptb":142.0,"sat":0,"light":"blue","gain":"16x"}
23:58:58.892  {"type":"live","t":667477,"c":0,"r":0,"g":0,"b":0,"pta":142.0,"ptb":142.0,"sat":0,"light":"blue","gain":"16x"}
23:58:59.696  {"type":"live","t":667878,"c":0,"r":0,"g":0,"b":0,"pta":142.0,"ptb":142.0,"sat":0,"light":"blue","gain":"16x"}
23:58:59.697  {"type":"live","t":668279,"c":0,"r":0,"g":0,"b":0,"pta":142.0,"ptb":142.0,"sat":0,"light":"blue","gain":"16x"}
23:59:00.503  {"type":"live","t":668680,"c":0,"r":0,"g":0,"b":0,"pta":142.0,"ptb":142.0,"sat":0,"light":"blue","gain":"16x"}
23:59:00.503  {"type":"live","t":669081,"c":0,"r":0,"g":0,"b":0,"pta":142.0,"ptb":142.0,"sat":0,"light":"blue","gain":"16x"}
23:59:01.513  {"type":"live","t":669482,"c":0,"r":0,"g":0,"b":0,"pta":142.0,"ptb":142.0,"sat":0,"light":"blue","gain":"16x"}
23:59:01.514  {"type":"live","t":669883,"c":0,"r":0,"g":0,"b":0,"pta":142.0,"ptb":142.0,"sat":0,"light":"blue","gain":"16x"}
23:59:01.514  {"type":"live","t":670284,"c":0,"r":0,"g":0,"b":0,"pta":142.0,"ptb":142.0,"sat":0,"light":"blue","gain":"16x"}
23:59:02.500  {"type":"live","t":670685,"c":0,"r":0,"g":0,"b":0,"pta":142.0,"ptb":142.0,"sat":0,"light":"blue","gain":"16x"}
23:59:02.501  {"type":"live","t":671086,"c":0,"r":0,"g":0,"b":0,"pta":142.0,"ptb":142.0,"sat":0,"light":"blue","gain":"16x"}
23:59:03.305  {"type":"live","t":671487,"c":0,"r":0,"g":0,"b":0,"pta":142.0,"ptb":142.0,"sat":0,"light":"blue","gain":"16x"}
23:59:03.306  {"type":"live","t":671888,"c":0,"r":0,"g":0,"b":0,"pta":142.0,"ptb":142.0,"sat":0,"light":"blue","gain":"16x"}
23:59:04.110  {"type":"live","t":672289,"c":0,"r":0,"g":0,"b":0,"pta":142.0,"ptb":142.0,"sat":0,"light":"blue","gain":"16x"}
23:59:04.111  {"type":"live","t":672690,"c":0,"r":0,"g":0,"b":0,"pta":142.0,"ptb":142.0,"sat":0,"light":"blue","gain":"16x"}
23:59:05.119  {"type":"live","t":673091,"c":0,"r":0,"g":0,"b":0,"pta":142.0,"ptb":142.0,"sat":0,"light":"blue","gain":"16x"}
23:59:05.120  {"type":"live","t":673492,"c":0,"r":0,"g":0,"b":0,"pta":142.0,"ptb":142.0,"sat":0,"light":"blue","gain":"16x"}
23:59:05.120  {"type":"live","t":673893,"c":0,"r":0,"g":0,"b":0,"pta":142.0,"ptb":142.0,"sat":0,"light":"blue","gain":"16x"}
23:59:06.109  {"type":"live","t":674294,"c":0,"r":0,"g":0,"b":0,"pta":142.0,"ptb":142.0,"sat":0,"light":"blue","gain":"16x"}
23:59:06.110  {"type":"live","t":674695,"c":0,"r":0,"g":0,"b":0,"pta":142.0,"ptb":142.0,"sat":0,"light":"blue","gain":"16x"}
23:59:06.914  {"type":"live","t":675096,"c":0,"r":0,"g":0,"b":0,"pta":142.0,"ptb":142.0,"sat":0,"light":"blue","gain":"16x"}
23:59:06.915  {"type":"live","t":675497,"c":0,"r":0,"g":0,"b":0,"pta":142.0,"ptb":142.0,"sat":0,"light":"blue","gain":"16x"}
23:59:07.719  {"type":"live","t":675898,"c":0,"r":0,"g":0,"b":0,"pta":142.0,"ptb":142.0,"sat":0,"light":"blue","gain":"16x"}
23:59:07.720  {"type":"live","t":676299,"c":0,"r":0,"g":0,"b":0,"pta":142.0,"ptb":142.0,"sat":0,"light":"blue","gain":"16x"}
23:59:08.729  {"type":"live","t":676700,"c":0,"r":0,"g":0,"b":0,"pta":142.0,"ptb":142.0,"sat":0,"light":"blue","gain":"16x"}
23:59:08.730  {"type":"live","t":677101,"c":0,"r":0,"g":0,"b":0,"pta":142.0,"ptb":142.0,"sat":0,"light":"blue","gain":"16x"}
23:59:08.730  {"type":"live","t":677502,"c":0,"r":0,"g":0,"b":0,"pta":142.0,"ptb":142.0,"sat":0,"light":"blue","gain":"16x"}
23:59:09.718  {"type":"live","t":677903,"c":0,"r":0,"g":0,"b":0,"pta":142.0,"ptb":142.0,"sat":0,"light":"blue","gain":"16x"}
23:59:09.719  {"type":"live","t":678304,"c":0,"r":0,"g":0,"b":0,"pta":142.0,"ptb":142.0,"sat":0,"light":"blue","gain":"16x"}
23:59:10.523  {"type":"live","t":678705,"c":0,"r":0,"g":0,"b":0,"pta":142.0,"ptb":142.0,"sat":0,"light":"blue","gain":"16x"}
23:59:10.524  {"type":"live","t":679106,"c":0,"r":0,"g":0,"b":0,"pta":142.0,"ptb":142.0,"sat":0,"light":"blue","gain":"16x"}
23:59:11.328  {"type":"live","t":679507,"c":0,"r":0,"g":0,"b":0,"pta":142.0,"ptb":142.0,"sat":0,"light":"blue","gain":"16x"}
23:59:11.329  {"type":"live","t":679908,"c":0,"r":0,"g":0,"b":0,"pta":142.0,"ptb":142.0,"sat":0,"light":"blue","gain":"16x"}
23:59:12.338  {"type":"live","t":680309,"c":0,"r":0,"g":0,"b":0,"pta":142.0,"ptb":142.0,"sat":0,"light":"blue","gain":"16x"}
23:59:12.338  {"type":"live","t":680710,"c":0,"r":0,"g":0,"b":0,"pta":142.0,"ptb":142.0,"sat":0,"light":"blue","gain":"16x"}
23:59:12.339  {"type":"live","t":681111,"c":0,"r":0,"g":0,"b":0,"pta":142.0,"ptb":142.0,"sat":0,"light":"blue","gain":"16x"}
23:59:13.327  {"type":"live","t":681512,"c":0,"r":0,"g":0,"b":0,"pta":142.0,"ptb":142.0,"sat":0,"light":"blue","gain":"16x"}
23:59:13.328  {"type":"live","t":681913,"c":0,"r":0,"g":0,"b":0,"pta":142.0,"ptb":142.0,"sat":0,"light":"blue","gain":"16x"}
23:59:14.132  {"type":"live","t":682314,"c":0,"r":0,"g":0,"b":0,"pta":142.0,"ptb":142.0,"sat":0,"light":"blue","gain":"16x"}
23:59:14.133  {"type":"live","t":682715,"c":0,"r":0,"g":0,"b":0,"pta":142.0,"ptb":142.0,"sat":0,"light":"blue","gain":"16x"}
23:59:14.937  {"type":"live","t":683116,"c":0,"r":0,"g":0,"b":0,"pta":142.0,"ptb":142.0,"sat":0,"light":"blue","gain":"16x"}
23:59:14.938  {"type":"live","t":683517,"c":0,"r":0,"g":0,"b":0,"pta":142.0,"ptb":142.0,"sat":0,"light":"blue","gain":"16x"}
23:59:15.951  {"type":"live","t":683918,"c":0,"r":0,"g":0,"b":0,"pta":142.0,"ptb":142.0,"sat":0,"light":"blue","gain":"16x"}
23:59:15.952  {"type":"live","t":684319,"c":0,"r":0,"g":0,"b":0,"pta":142.0,"ptb":142.0,"sat":0,"light":"blue","gain":"16x"}
23:59:15.952  {"type":"live","t":684720,"c":0,"r":0,"g":0,"b":0,"pta":142.0,"ptb":142.0,"sat":0,"light":"blue","gain":"16x"}
23:59:16.936  {"type":"live","t":685121,"c":0,"r":0,"g":0,"b":0,"pta":142.0,"ptb":142.0,"sat":0,"light":"blue","gain":"16x"}
23:59:16.937  {"type":"live","t":685522,"c":0,"r":0,"g":0,"b":0,"pta":142.0,"ptb":142.0,"sat":0,"light":"blue","gain":"16x"}
23:59:17.741  {"type":"live","t":685923,"c":0,"r":0,"g":0,"b":0,"pta":142.0,"ptb":142.0,"sat":0,"light":"blue","gain":"16x"}
23:59:17.742  {"type":"live","t":686324,"c":0,"r":0,"g":0,"b":0,"pta":142.0,"ptb":142.0,"sat":0,"light":"blue","gain":"16x"}
23:59:18.546  {"type":"live","t":686725,"c":0,"r":0,"g":0,"b":0,"pta":142.0,"ptb":142.0,"sat":0,"light":"blue","gain":"16x"}
23:59:18.547  {"type":"live","t":687126,"c":0,"r":0,"g":0,"b":0,"pta":142.0,"ptb":142.0,"sat":0,"light":"blue","gain":"16x"}
23:59:19.549  {"type":"live","t":687527,"c":0,"r":0,"g":0,"b":0,"pta":142.0,"ptb":142.0,"sat":0,"light":"blue","gain":"16x"}
23:59:19.550  {"type":"live","t":687928,"c":0,"r":0,"g":0,"b":0,"pta":142.0,"ptb":142.0,"sat":0,"light":"blue","gain":"16x"}
23:59:19.550  {"type":"live","t":688329,"c":0,"r":0,"g":0,"b":0,"pta":142.0,"ptb":142.0,"sat":0,"light":"blue","gain":"16x"}
23:59:20.545  {"type":"live","t":688730,"c":0,"r":0,"g":0,"b":0,"pta":142.0,"ptb":142.0,"sat":0,"light":"blue","gain":"16x"}
23:59:20.546  {"type":"live","t":689131,"c":0,"r":0,"g":0,"b":0,"pta":142.0,"ptb":142.0,"sat":0,"light":"blue","gain":"16x"}
23:59:21.350  {"type":"live","t":689532,"c":0,"r":0,"g":0,"b":0,"pta":142.0,"ptb":142.0,"sat":0,"light":"blue","gain":"16x"}
23:59:21.351  {"type":"live","t":689933,"c":0,"r":0,"g":0,"b":0,"pta":142.0,"ptb":142.0,"sat":0,"light":"blue","gain":"16x"}
23:59:22.154  {"type":"live","t":690334,"c":0,"r":0,"g":0,"b":0,"pta":142.0,"ptb":142.0,"sat":0,"light":"blue","gain":"16x"}
23:59:22.155  {"type":"live","t":690735,"c":0,"r":0,"g":0,"b":0,"pta":142.0,"ptb":142.0,"sat":0,"light":"blue","gain":"16x"}
23:59:23.160  {"type":"live","t":691136,"c":0,"r":0,"g":0,"b":0,"pta":142.0,"ptb":142.0,"sat":0,"light":"blue","gain":"16x"}
23:59:23.160  {"type":"live","t":691537,"c":0,"r":0,"g":0,"b":0,"pta":142.0,"ptb":142.0,"sat":0,"light":"blue","gain":"16x"}
23:59:23.161  {"type":"live","t":691938,"c":0,"r":0,"g":0,"b":0,"pta":142.0,"ptb":142.0,"sat":0,"light":"blue","gain":"16x"}
23:59:24.154  {"type":"live","t":692339,"c":0,"r":0,"g":0,"b":0,"pta":142.0,"ptb":142.0,"sat":0,"light":"blue","gain":"16x"}
23:59:24.155  {"type":"live","t":692740,"c":0,"r":0,"g":0,"b":0,"pta":142.0,"ptb":142.0,"sat":0,"light":"blue","gain":"16x"}
23:59:24.958  {"type":"live","t":693141,"c":0,"r":0,"g":0,"b":0,"pta":142.0,"ptb":142.0,"sat":0,"light":"blue","gain":"16x"}
23:59:24.959  {"type":"live","t":693542,"c":0,"r":0,"g":0,"b":0,"pta":142.0,"ptb":142.0,"sat":0,"light":"blue","gain":"16x"}
23:59:25.763  {"type":"live","t":693943,"c":0,"r":0,"g":0,"b":0,"pta":142.0,"ptb":142.0,"sat":0,"light":"blue","gain":"16x"}
23:59:25.764  {"type":"live","t":694344,"c":0,"r":0,"g":0,"b":0,"pta":142.0,"ptb":142.0,"sat":0,"light":"blue","gain":"16x"}
23:59:26.765  {"type":"live","t":694745,"c":0,"r":0,"g":0,"b":0,"pta":142.0,"ptb":142.0,"sat":0,"light":"blue","gain":"16x"}
23:59:26.765  {"type":"live","t":695146,"c":0,"r":0,"g":0,"b":0,"pta":142.0,"ptb":142.0,"sat":0,"light":"blue","gain":"16x"}
23:59:26.766  {"type":"live","t":695547,"c":0,"r":0,"g":0,"b":0,"pta":142.0,"ptb":142.0,"sat":0,"light":"blue","gain":"16x"}
23:59:27.763  {"type":"live","t":695948,"c":0,"r":0,"g":0,"b":0,"pta":142.0,"ptb":142.0,"sat":0,"light":"blue","gain":"16x"}
23:59:27.764  {"type":"live","t":696349,"c":0,"r":0,"g":0,"b":0,"pta":142.0,"ptb":142.0,"sat":0,"light":"blue","gain":"16x"}
23:59:28.567  {"type":"live","t":696750,"c":0,"r":0,"g":0,"b":0,"pta":142.0,"ptb":142.0,"sat":0,"light":"blue","gain":"16x"}
23:59:28.568  {"type":"live","t":697151,"c":0,"r":0,"g":0,"b":0,"pta":142.0,"ptb":142.0,"sat":0,"light":"blue","gain":"16x"}
23:59:29.372  {"type":"live","t":697552,"c":0,"r":0,"g":0,"b":0,"pta":142.0,"ptb":142.0,"sat":0,"light":"blue","gain":"16x"}
23:59:29.373  {"type":"live","t":697953,"c":0,"r":0,"g":0,"b":0,"pta":142.0,"ptb":142.0,"sat":0,"light":"blue","gain":"16x"}
23:59:30.379  {"type":"live","t":698354,"c":0,"r":0,"g":0,"b":0,"pta":142.0,"ptb":142.0,"sat":0,"light":"blue","gain":"16x"}
23:59:30.380  {"type":"live","t":698755,"c":0,"r":0,"g":0,"b":0,"pta":142.0,"ptb":142.0,"sat":0,"light":"blue","gain":"16x"}
23:59:30.380  {"type":"live","t":699156,"c":0,"r":0,"g":0,"b":0,"pta":142.0,"ptb":142.0,"sat":0,"light":"blue","gain":"16x"}
23:59:31.371  {"type":"live","t":699557,"c":0,"r":0,"g":0,"b":0,"pta":142.0,"ptb":142.0,"sat":0,"light":"blue","gain":"16x"}
23:59:31.372  {"type":"live","t":699958,"c":0,"r":0,"g":0,"b":0,"pta":142.0,"ptb":142.0,"sat":0,"light":"blue","gain":"16x"}
23:59:32.176  {"type":"live","t":700359,"c":0,"r":0,"g":0,"b":0,"pta":142.0,"ptb":142.0,"sat":0,"light":"blue","gain":"16x"}
23:59:32.177  {"type":"live","t":700760,"c":0,"r":0,"g":0,"b":0,"pta":142.0,"ptb":142.0,"sat":0,"light":"blue","gain":"16x"}
23:59:32.981  {"type":"live","t":701161,"c":0,"r":0,"g":0,"b":0,"pta":142.0,"ptb":142.0,"sat":0,"light":"blue","gain":"16x"}
23:59:32.982  {"type":"live","t":701562,"c":0,"r":0,"g":0,"b":0,"pta":142.0,"ptb":142.0,"sat":0,"light":"blue","gain":"16x"}
23:59:33.998  {"type":"live","t":701963,"c":0,"r":0,"g":0,"b":0,"pta":142.0,"ptb":142.0,"sat":0,"light":"blue","gain":"16x"}
23:59:33.998  {"type":"live","t":702364,"c":0,"r":0,"g":0,"b":0,"pta":142.0,"ptb":142.0,"sat":0,"light":"blue","gain":"16x"}
23:59:33.999  {"type":"live","t":702765,"c":0,"r":0,"g":0,"b":0,"pta":142.0,"ptb":142.0,"sat":0,"light":"blue","gain":"16x"}
23:59:34.980  {"type":"live","t":703166,"c":0,"r":0,"g":0,"b":0,"pta":142.0,"ptb":142.0,"sat":0,"light":"blue","gain":"16x"}
23:59:34.981  {"type":"live","t":703567,"c":0,"r":0,"g":0,"b":0,"pta":142.0,"ptb":142.0,"sat":0,"light":"blue","gain":"16x"}
23:59:35.785  {"type":"live","t":703968,"c":0,"r":0,"g":0,"b":0,"pta":142.0,"ptb":142.0,"sat":0,"light":"blue","gain":"16x"}
23:59:35.786  {"type":"live","t":704369,"c":0,"r":0,"g":0,"b":0,"pta":142.0,"ptb":142.0,"sat":0,"light":"blue","gain":"16x"}
23:59:36.590  {"type":"live","t":704770,"c":0,"r":0,"g":0,"b":0,"pta":142.0,"ptb":142.0,"sat":0,"light":"blue","gain":"16x"}
23:59:36.591  {"type":"live","t":705171,"c":0,"r":0,"g":0,"b":0,"pta":142.0,"ptb":142.0,"sat":0,"light":"blue","gain":"16x"}
23:59:37.602  {"type":"live","t":705572,"c":0,"r":0,"g":0,"b":0,"pta":142.0,"ptb":142.0,"sat":0,"light":"blue","gain":"16x"}
23:59:37.603  {"type":"live","t":705973,"c":0,"r":0,"g":0,"b":0,"pta":142.0,"ptb":142.0,"sat":0,"light":"blue","gain":"16x"}
23:59:37.603  {"type":"live","t":706374,"c":0,"r":0,"g":0,"b":0,"pta":142.0,"ptb":142.0,"sat":0,"light":"blue","gain":"16x"}
23:59:38.589  {"type":"live","t":706775,"c":0,"r":0,"g":0,"b":0,"pta":142.0,"ptb":142.0,"sat":0,"light":"blue","gain":"16x"}
23:59:38.590  {"type":"live","t":707176,"c":0,"r":0,"g":0,"b":0,"pta":142.0,"ptb":142.0,"sat":0,"light":"blue","gain":"16x"}
23:59:39.394  {"type":"live","t":707577,"c":0,"r":0,"g":0,"b":0,"pta":142.0,"ptb":142.0,"sat":0,"light":"blue","gain":"16x"}
23:59:39.395  {"type":"live","t":707978,"c":0,"r":0,"g":0,"b":0,"pta":142.0,"ptb":142.0,"sat":0,"light":"blue","gain":"16x"}
23:59:40.199  {"type":"live","t":708379,"c":0,"r":0,"g":0,"b":0,"pta":142.0,"ptb":142.0,"sat":0,"light":"blue","gain":"16x"}
23:59:40.200  {"type":"live","t":708780,"c":0,"r":0,"g":0,"b":0,"pta":142.0,"ptb":142.0,"sat":0,"light":"blue","gain":"16x"}
23:59:41.211  {"type":"live","t":709181,"c":0,"r":0,"g":0,"b":0,"pta":142.0,"ptb":142.0,"sat":0,"light":"blue","gain":"16x"}
23:59:41.212  {"type":"live","t":709582,"c":0,"r":0,"g":0,"b":0,"pta":142.0,"ptb":142.0,"sat":0,"light":"blue","gain":"16x"}
23:59:41.212  {"type":"live","t":709983,"c":0,"r":0,"g":0,"b":0,"pta":142.0,"ptb":142.0,"sat":0,"light":"blue","gain":"16x"}
23:59:42.198  {"type":"live","t":710384,"c":0,"r":0,"g":0,"b":0,"pta":142.0,"ptb":142.0,"sat":0,"light":"blue","gain":"16x"}
23:59:42.199  {"type":"live","t":710785,"c":0,"r":0,"g":0,"b":0,"pta":142.0,"ptb":142.0,"sat":0,"light":"blue","gain":"16x"}
23:59:43.003  {"type":"live","t":711186,"c":0,"r":0,"g":0,"b":0,"pta":142.0,"ptb":142.0,"sat":0,"light":"blue","gain":"16x"}
23:59:43.004  {"type":"live","t":711587,"c":0,"r":0,"g":0,"b":0,"pta":142.0,"ptb":142.0,"sat":0,"light":"blue","gain":"16x"}
23:59:43.808  {"type":"live","t":711988,"c":0,"r":0,"g":0,"b":0,"pta":142.0,"ptb":142.0,"sat":0,"light":"blue","gain":"16x"}
23:59:43.809  {"type":"live","t":712389,"c":0,"r":0,"g":0,"b":0,"pta":142.0,"ptb":142.0,"sat":0,"light":"blue","gain":"16x"}
23:59:44.824  {"type":"live","t":712790,"c":0,"r":0,"g":0,"b":0,"pta":142.0,"ptb":142.0,"sat":0,"light":"blue","gain":"16x"}
23:59:44.825  {"type":"live","t":713191,"c":0,"r":0,"g":0,"b":0,"pta":142.0,"ptb":142.0,"sat":0,"light":"blue","gain":"16x"}
23:59:44.825  {"type":"live","t":713592,"c":0,"r":0,"g":0,"b":0,"pta":142.0,"ptb":142.0,"sat":0,"light":"blue","gain":"16x"}
23:59:45.807  {"type":"live","t":713993,"c":0,"r":0,"g":0,"b":0,"pta":142.0,"ptb":142.0,"sat":0,"light":"blue","gain":"16x"}
23:59:45.808  {"type":"live","t":714394,"c":0,"r":0,"g":0,"b":0,"pta":142.0,"ptb":142.0,"sat":0,"light":"blue","gain":"16x"}
23:59:46.612  {"type":"live","t":714795,"c":0,"r":0,"g":0,"b":0,"pta":142.0,"ptb":142.0,"sat":0,"light":"blue","gain":"16x"}
23:59:46.613  {"type":"live","t":715196,"c":0,"r":0,"g":0,"b":0,"pta":142.0,"ptb":142.0,"sat":0,"light":"blue","gain":"16x"}
23:59:47.417  {"type":"live","t":715597,"c":0,"r":0,"g":0,"b":0,"pta":142.0,"ptb":142.0,"sat":0,"light":"blue","gain":"16x"}
23:59:47.418  {"type":"live","t":715998,"c":0,"r":0,"g":0,"b":0,"pta":142.0,"ptb":142.0,"sat":0,"light":"blue","gain":"16x"}
23:59:48.432  {"type":"live","t":716399,"c":0,"r":0,"g":0,"b":0,"pta":142.0,"ptb":142.0,"sat":0,"light":"blue","gain":"16x"}
23:59:48.433  {"type":"live","t":716800,"c":0,"r":0,"g":0,"b":0,"pta":142.0,"ptb":142.0,"sat":0,"light":"blue","gain":"16x"}
23:59:48.433  {"type":"live","t":717201,"c":0,"r":0,"g":0,"b":0,"pta":142.0,"ptb":142.0,"sat":0,"light":"blue","gain":"16x"}
23:59:49.416  {"type":"live","t":717602,"c":0,"r":0,"g":0,"b":0,"pta":142.0,"ptb":142.0,"sat":0,"light":"blue","gain":"16x"}
23:59:49.417  {"type":"live","t":718003,"c":0,"r":0,"g":0,"b":0,"pta":142.0,"ptb":142.0,"sat":0,"light":"blue","gain":"16x"}
23:59:50.221  {"type":"live","t":718404,"c":0,"r":0,"g":0,"b":0,"pta":142.0,"ptb":142.0,"sat":0,"light":"blue","gain":"16x"}
23:59:50.222  {"type":"live","t":718805,"c":0,"r":0,"g":0,"b":0,"pta":142.0,"ptb":142.0,"sat":0,"light":"blue","gain":"16x"}
23:59:51.026  {"type":"live","t":719206,"c":0,"r":0,"g":0,"b":0,"pta":142.0,"ptb":142.0,"sat":0,"light":"blue","gain":"16x"}
23:59:51.027  {"type":"live","t":719607,"c":0,"r":0,"g":0,"b":0,"pta":142.0,"ptb":142.0,"sat":0,"light":"blue","gain":"16x"}
23:59:52.040  {"type":"live","t":720008,"c":0,"r":0,"g":0,"b":0,"pta":142.0,"ptb":142.0,"sat":0,"light":"blue","gain":"16x"}
23:59:52.041  {"type":"live","t":720409,"c":0,"r":0,"g":0,"b":0,"pta":142.0,"ptb":142.0,"sat":0,"light":"blue","gain":"16x"}
23:59:52.041  {"type":"live","t":720810,"c":0,"r":0,"g":0,"b":0,"pta":142.0,"ptb":142.0,"sat":0,"light":"blue","gain":"16x"}
23:59:53.025  {"type":"live","t":721211,"c":0,"r":0,"g":0,"b":0,"pta":142.0,"ptb":142.0,"sat":0,"light":"blue","gain":"16x"}
23:59:53.026  {"type":"live","t":721612,"c":0,"r":0,"g":0,"b":0,"pta":142.0,"ptb":142.0,"sat":0,"light":"blue","gain":"16x"}
23:59:53.830  {"type":"live","t":722013,"c":0,"r":0,"g":0,"b":0,"pta":142.0,"ptb":142.0,"sat":0,"light":"blue","gain":"16x"}
23:59:53.831  {"type":"live","t":722414,"c":0,"r":0,"g":0,"b":0,"pta":142.0,"ptb":142.0,"sat":0,"light":"blue","gain":"16x"}
23:59:54.635  {"type":"live","t":722815,"c":0,"r":0,"g":0,"b":0,"pta":142.0,"ptb":142.0,"sat":0,"light":"blue","gain":"16x"}
23:59:54.636  {"type":"live","t":723216,"c":0,"r":0,"g":0,"b":0,"pta":142.0,"ptb":142.0,"sat":0,"light":"blue","gain":"16x"}
23:59:55.639  {"type":"live","t":723617,"c":0,"r":0,"g":0,"b":0,"pta":142.0,"ptb":142.0,"sat":0,"light":"blue","gain":"16x"}
23:59:55.640  {"type":"live","t":724018,"c":0,"r":0,"g":0,"b":0,"pta":142.0,"ptb":142.0,"sat":0,"light":"blue","gain":"16x"}
23:59:55.640  {"type":"live","t":724419,"c":0,"r":0,"g":0,"b":0,"pta":142.0,"ptb":142.0,"sat":0,"light":"blue","gain":"16x"}
23:59:56.634  {"type":"live","t":724820,"c":0,"r":0,"g":0,"b":0,"pta":142.0,"ptb":142.0,"sat":0,"light":"blue","gain":"16x"}
23:59:56.635  {"type":"live","t":725221,"c":0,"r":0,"g":0,"b":0,"pta":142.0,"ptb":142.1,"sat":0,"light":"blue","gain":"16x"}
23:59:57.439  {"type":"live","t":725622,"c":0,"r":0,"g":0,"b":0,"pta":142.0,"ptb":142.0,"sat":0,"light":"blue","gain":"16x"}
23:59:57.440  {"type":"live","t":726023,"c":0,"r":0,"g":0,"b":0,"pta":142.0,"ptb":142.0,"sat":0,"light":"blue","gain":"16x"}
23:59:58.244  {"type":"live","t":726424,"c":0,"r":0,"g":0,"b":0,"pta":142.0,"ptb":142.0,"sat":0,"light":"blue","gain":"16x"}
23:59:58.245  {"type":"live","t":726825,"c":0,"r":0,"g":0,"b":0,"pta":142.0,"ptb":142.0,"sat":0,"light":"blue","gain":"16x"}
23:59:59.259  {"type":"live","t":727226,"c":0,"r":0,"g":0,"b":0,"pta":142.0,"ptb":142.0,"sat":0,"light":"blue","gain":"16x"}
23:59:59.259  {"type":"live","t":727627,"c":0,"r":0,"g":0,"b":0,"pta":142.0,"ptb":142.0,"sat":0,"light":"blue","gain":"16x"}
23:59:59.259  {"type":"live","t":728028,"c":0,"r":0,"g":0,"b":0,"pta":142.0,"ptb":142.0,"sat":0,"light":"blue","gain":"16x"}
